mtllib DartBoard_Complete.mtl
o DartBoard_Base
v 0.057039 0.367601 0.300000
v 0.255296 1.645311 0.300000
v -0.255296 1.645311 0.300000
v -0.057039 0.367601 0.300000
v 0.255296 1.645311 0.306000
v 0.289335 1.864686 0.306000
v -0.289335 1.864686 0.306000
v -0.255296 1.645311 0.306000
v 0.289335 1.864686 0.300000
v 0.420433 2.709576 0.300000
v -0.420433 2.709576 0.300000
v -0.289335 1.864686 0.300000
v 0.420433 2.709576 0.306000
v 0.459992 2.964525 0.306000
v -0.459992 2.964525 0.306000
v -0.420433 2.709576 0.306000
v 0.167842 0.331983 0.300000
v 0.751230 1.485893 0.300000
v 0.265628 1.643675 0.300000
v 0.059348 0.367235 0.300000
v 0.751230 1.485893 0.306000
v 0.851394 1.684012 0.306000
v 0.301046 1.862831 0.306000
v 0.265628 1.643675 0.306000
v 0.851394 1.684012 0.300000
v 1.237160 2.447039 0.300000
v 0.437449 2.706881 0.300000
v 0.301046 1.862831 0.300000
v 1.237160 2.447039 0.306000
v 1.353567 2.677285 0.306000
v 0.478610 2.961576 0.306000
v 0.437449 2.706881 0.306000
v 0.262216 0.263869 0.300000
v 1.173628 1.181026 0.300000
v 0.760551 1.481144 0.300000
v 0.169925 0.330922 0.300000
v 1.173628 1.181026 0.306000
v 1.330112 1.338496 0.306000
v 0.861958 1.678630 0.306000
v 0.760551 1.481144 0.306000
v 1.330112 1.338496 0.300000
v 1.932786 1.944968 0.300000
v 1.252511 2.439217 0.300000
v 0.861958 1.678630 0.300000
v 1.932786 1.944968 0.306000
v 2.114646 2.127974 0.306000
v 1.370362 2.668728 0.306000
v 1.252511 2.439217 0.306000
v 0.330922 0.169925 0.300000
v 1.481144 0.760551 0.300000
v 1.181026 1.173628 0.300000
v 0.263869 0.262216 0.300000
v 1.481144 0.760551 0.306000
v 1.678630 0.861958 0.306000
v 1.338496 1.330112 0.306000
v 1.181026 1.173628 0.306000
v 1.678630 0.861958 0.300000
v 2.439217 1.252511 0.300000
v 1.944968 1.932786 0.300000
v 1.338496 1.330112 0.300000
v 2.439217 1.252511 0.306000
v 2.668728 1.370362 0.306000
v 2.127974 2.114646 0.306000
v 1.944968 1.932786 0.306000
v 0.367235 0.059348 0.300000
v 1.643675 0.265628 0.300000
v 1.485893 0.751230 0.300000
v 0.331983 0.167842 0.300000
v 1.643675 0.265628 0.306000
v 1.862831 0.301046 0.306000
v 1.684012 0.851394 0.306000
v 1.485893 0.751230 0.306000
v 1.862831 0.301046 0.300000
v 2.706881 0.437449 0.300000
v 2.447039 1.237160 0.300000
v 1.684012 0.851394 0.300000
v 2.706881 0.437449 0.306000
v 2.961576 0.478610 0.306000
v 2.677285 1.353567 0.306000
v 2.447039 1.237160 0.306000
v 0.367601 -0.057039 0.300000
v 1.645311 -0.255296 0.300000
v 1.645311 0.255296 0.300000
v 0.367601 0.057039 0.300000
v 1.645311 -0.255296 0.306000
v 1.864686 -0.289335 0.306000
v 1.864686 0.289335 0.306000
v 1.645311 0.255296 0.306000
v 1.864686 -0.289335 0.300000
v 2.709576 -0.420433 0.300000
v 2.709576 0.420433 0.300000
v 1.864686 0.289335 0.300000
v 2.709576 -0.420433 0.306000
v 2.964525 -0.459992 0.306000
v 2.964525 0.459992 0.306000
v 2.709576 0.420433 0.306000
v 0.331983 -0.167842 0.300000
v 1.485893 -0.751230 0.300000
v 1.643675 -0.265628 0.300000
v 0.367235 -0.059348 0.300000
v 1.485893 -0.751230 0.306000
v 1.684012 -0.851394 0.306000
v 1.862831 -0.301046 0.306000
v 1.643675 -0.265628 0.306000
v 1.684012 -0.851394 0.300000
v 2.447039 -1.237160 0.300000
v 2.706881 -0.437449 0.300000
v 1.862831 -0.301046 0.300000
v 2.447039 -1.237160 0.306000
v 2.677285 -1.353567 0.306000
v 2.961576 -0.478610 0.306000
v 2.706881 -0.437449 0.306000
v 0.263869 -0.262216 0.300000
v 1.181026 -1.173628 0.300000
v 1.481144 -0.760551 0.300000
v 0.330922 -0.169925 0.300000
v 1.181026 -1.173628 0.306000
v 1.338496 -1.330112 0.306000
v 1.678630 -0.861958 0.306000
v 1.481144 -0.760551 0.306000
v 1.338496 -1.330112 0.300000
v 1.944968 -1.932786 0.300000
v 2.439217 -1.252511 0.300000
v 1.678630 -0.861958 0.300000
v 1.944968 -1.932786 0.306000
v 2.127974 -2.114646 0.306000
v 2.668728 -1.370362 0.306000
v 2.439217 -1.252511 0.306000
v 0.169925 -0.330922 0.300000
v 0.760551 -1.481144 0.300000
v 1.173628 -1.181026 0.300000
v 0.262216 -0.263869 0.300000
v 0.760551 -1.481144 0.306000
v 0.861958 -1.678630 0.306000
v 1.330112 -1.338496 0.306000
v 1.173628 -1.181026 0.306000
v 0.861958 -1.678630 0.300000
v 1.252511 -2.439217 0.300000
v 1.932786 -1.944968 0.300000
v 1.330112 -1.338496 0.300000
v 1.252511 -2.439217 0.306000
v 1.370362 -2.668728 0.306000
v 2.114646 -2.127974 0.306000
v 1.932786 -1.944968 0.306000
v 0.059348 -0.367235 0.300000
v 0.265628 -1.643675 0.300000
v 0.751230 -1.485893 0.300000
v 0.167842 -0.331983 0.300000
v 0.265628 -1.643675 0.306000
v 0.301046 -1.862831 0.306000
v 0.851394 -1.684012 0.306000
v 0.751230 -1.485893 0.306000
v 0.301046 -1.862831 0.300000
v 0.437449 -2.706881 0.300000
v 1.237160 -2.447039 0.300000
v 0.851394 -1.684012 0.300000
v 0.437449 -2.706881 0.306000
v 0.478610 -2.961576 0.306000
v 1.353567 -2.677285 0.306000
v 1.237160 -2.447039 0.306000
v -0.057039 -0.367601 0.300000
v -0.255296 -1.645311 0.300000
v 0.255296 -1.645311 0.300000
v 0.057039 -0.367601 0.300000
v -0.255296 -1.645311 0.306000
v -0.289335 -1.864686 0.306000
v 0.289335 -1.864686 0.306000
v 0.255296 -1.645311 0.306000
v -0.289335 -1.864686 0.300000
v -0.420433 -2.709576 0.300000
v 0.420433 -2.709576 0.300000
v 0.289335 -1.864686 0.300000
v -0.420433 -2.709576 0.306000
v -0.459992 -2.964525 0.306000
v 0.459992 -2.964525 0.306000
v 0.420433 -2.709576 0.306000
v -0.167842 -0.331983 0.300000
v -0.751230 -1.485893 0.300000
v -0.265628 -1.643675 0.300000
v -0.059348 -0.367235 0.300000
v -0.751230 -1.485893 0.306000
v -0.851394 -1.684012 0.306000
v -0.301046 -1.862831 0.306000
v -0.265628 -1.643675 0.306000
v -0.851394 -1.684012 0.300000
v -1.237160 -2.447039 0.300000
v -0.437449 -2.706881 0.300000
v -0.301046 -1.862831 0.300000
v -1.237160 -2.447039 0.306000
v -1.353567 -2.677285 0.306000
v -0.478610 -2.961576 0.306000
v -0.437449 -2.706881 0.306000
v -0.262216 -0.263869 0.300000
v -1.173628 -1.181026 0.300000
v -0.760551 -1.481144 0.300000
v -0.169925 -0.330922 0.300000
v -1.173628 -1.181026 0.306000
v -1.330112 -1.338496 0.306000
v -0.861958 -1.678630 0.306000
v -0.760551 -1.481144 0.306000
v -1.330112 -1.338496 0.300000
v -1.932786 -1.944968 0.300000
v -1.252511 -2.439217 0.300000
v -0.861958 -1.678630 0.300000
v -1.932786 -1.944968 0.306000
v -2.114646 -2.127974 0.306000
v -1.370362 -2.668728 0.306000
v -1.252511 -2.439217 0.306000
v -0.330922 -0.169925 0.300000
v -1.481144 -0.760551 0.300000
v -1.181026 -1.173628 0.300000
v -0.263869 -0.262216 0.300000
v -1.481144 -0.760551 0.306000
v -1.678630 -0.861958 0.306000
v -1.338496 -1.330112 0.306000
v -1.181026 -1.173628 0.306000
v -1.678630 -0.861958 0.300000
v -2.439217 -1.252511 0.300000
v -1.944968 -1.932786 0.300000
v -1.338496 -1.330112 0.300000
v -2.439217 -1.252511 0.306000
v -2.668728 -1.370362 0.306000
v -2.127974 -2.114646 0.306000
v -1.944968 -1.932786 0.306000
v -0.367235 -0.059348 0.300000
v -1.643675 -0.265628 0.300000
v -1.485893 -0.751230 0.300000
v -0.331983 -0.167842 0.300000
v -1.643675 -0.265628 0.306000
v -1.862831 -0.301046 0.306000
v -1.684012 -0.851394 0.306000
v -1.485893 -0.751230 0.306000
v -1.862831 -0.301046 0.300000
v -2.706881 -0.437449 0.300000
v -2.447039 -1.237160 0.300000
v -1.684012 -0.851394 0.300000
v -2.706881 -0.437449 0.306000
v -2.961576 -0.478610 0.306000
v -2.677285 -1.353567 0.306000
v -2.447039 -1.237160 0.306000
v -0.367601 0.057039 0.300000
v -1.645311 0.255296 0.300000
v -1.645311 -0.255296 0.300000
v -0.367601 -0.057039 0.300000
v -1.645311 0.255296 0.306000
v -1.864686 0.289335 0.306000
v -1.864686 -0.289335 0.306000
v -1.645311 -0.255296 0.306000
v -1.864686 0.289335 0.300000
v -2.709576 0.420433 0.300000
v -2.709576 -0.420433 0.300000
v -1.864686 -0.289335 0.300000
v -2.709576 0.420433 0.306000
v -2.964525 0.459992 0.306000
v -2.964525 -0.459992 0.306000
v -2.709576 -0.420433 0.306000
v -0.331983 0.167842 0.300000
v -1.485893 0.751230 0.300000
v -1.643675 0.265628 0.300000
v -0.367235 0.059348 0.300000
v -1.485893 0.751230 0.306000
v -1.684012 0.851394 0.306000
v -1.862831 0.301046 0.306000
v -1.643675 0.265628 0.306000
v -1.684012 0.851394 0.300000
v -2.447039 1.237160 0.300000
v -2.706881 0.437449 0.300000
v -1.862831 0.301046 0.300000
v -2.447039 1.237160 0.306000
v -2.677285 1.353567 0.306000
v -2.961576 0.478610 0.306000
v -2.706881 0.437449 0.306000
v -0.263869 0.262216 0.300000
v -1.181026 1.173628 0.300000
v -1.481144 0.760551 0.300000
v -0.330922 0.169925 0.300000
v -1.181026 1.173628 0.306000
v -1.338496 1.330112 0.306000
v -1.678630 0.861958 0.306000
v -1.481144 0.760551 0.306000
v -1.338496 1.330112 0.300000
v -1.944968 1.932786 0.300000
v -2.439217 1.252511 0.300000
v -1.678630 0.861958 0.300000
v -1.944968 1.932786 0.306000
v -2.127974 2.114646 0.306000
v -2.668728 1.370362 0.306000
v -2.439217 1.252511 0.306000
v -0.169925 0.330922 0.300000
v -0.760551 1.481144 0.300000
v -1.173628 1.181026 0.300000
v -0.262216 0.263869 0.300000
v -0.760551 1.481144 0.306000
v -0.861958 1.678630 0.306000
v -1.330112 1.338496 0.306000
v -1.173628 1.181026 0.306000
v -0.861958 1.678630 0.300000
v -1.252511 2.439217 0.300000
v -1.932786 1.944968 0.300000
v -1.330112 1.338496 0.300000
v -1.252511 2.439217 0.306000
v -1.370362 2.668728 0.306000
v -2.114646 2.127974 0.306000
v -1.932786 1.944968 0.306000
v -0.059348 0.367235 0.300000
v -0.265628 1.643675 0.300000
v -0.751230 1.485893 0.300000
v -0.167842 0.331983 0.300000
v -0.265628 1.643675 0.306000
v -0.301046 1.862831 0.306000
v -0.851394 1.684012 0.306000
v -0.751230 1.485893 0.306000
v -0.301046 1.862831 0.300000
v -0.437449 2.706881 0.300000
v -1.237160 2.447039 0.300000
v -0.851394 1.684012 0.300000
v -0.437449 2.706881 0.306000
v -0.478610 2.961576 0.306000
v -1.353567 2.677285 0.306000
v -1.237160 2.447039 0.306000
v 0.000000 0.000000 0.312000
v 0.156000 0.000000 0.312000
v 0.155666 0.010203 0.312000
v 0.154665 0.020362 0.312000
v 0.153003 0.030434 0.312000
v 0.150684 0.040376 0.312000
v 0.147721 0.050145 0.312000
v 0.144125 0.059699 0.312000
v 0.139912 0.068997 0.312000
v 0.135100 0.078000 0.312000
v 0.129709 0.086669 0.312000
v 0.123763 0.094967 0.312000
v 0.117287 0.102858 0.312000
v 0.110309 0.110309 0.312000
v 0.102858 0.117287 0.312000
v 0.094967 0.123763 0.312000
v 0.086669 0.129709 0.312000
v 0.078000 0.135100 0.312000
v 0.068997 0.139912 0.312000
v 0.059699 0.144125 0.312000
v 0.050145 0.147721 0.312000
v 0.040376 0.150684 0.312000
v 0.030434 0.153003 0.312000
v 0.020362 0.154665 0.312000
v 0.010203 0.155666 0.312000
v 0.000000 0.156000 0.312000
v -0.010203 0.155666 0.312000
v -0.020362 0.154665 0.312000
v -0.030434 0.153003 0.312000
v -0.040376 0.150684 0.312000
v -0.050145 0.147721 0.312000
v -0.059699 0.144125 0.312000
v -0.068997 0.139912 0.312000
v -0.078000 0.135100 0.312000
v -0.086669 0.129709 0.312000
v -0.094967 0.123763 0.312000
v -0.102858 0.117287 0.312000
v -0.110309 0.110309 0.312000
v -0.117287 0.102858 0.312000
v -0.123763 0.094967 0.312000
v -0.129709 0.086669 0.312000
v -0.135100 0.078000 0.312000
v -0.139912 0.068997 0.312000
v -0.144125 0.059699 0.312000
v -0.147721 0.050145 0.312000
v -0.150684 0.040376 0.312000
v -0.153003 0.030434 0.312000
v -0.154665 0.020362 0.312000
v -0.155666 0.010203 0.312000
v -0.156000 0.000000 0.312000
v -0.155666 -0.010203 0.312000
v -0.154665 -0.020362 0.312000
v -0.153003 -0.030434 0.312000
v -0.150684 -0.040376 0.312000
v -0.147721 -0.050145 0.312000
v -0.144125 -0.059699 0.312000
v -0.139912 -0.068997 0.312000
v -0.135100 -0.078000 0.312000
v -0.129709 -0.086669 0.312000
v -0.123763 -0.094967 0.312000
v -0.117287 -0.102858 0.312000
v -0.110309 -0.110309 0.312000
v -0.102858 -0.117287 0.312000
v -0.094967 -0.123763 0.312000
v -0.086669 -0.129709 0.312000
v -0.078000 -0.135100 0.312000
v -0.068997 -0.139912 0.312000
v -0.059699 -0.144125 0.312000
v -0.050145 -0.147721 0.312000
v -0.040376 -0.150684 0.312000
v -0.030434 -0.153003 0.312000
v -0.020362 -0.154665 0.312000
v -0.010203 -0.155666 0.312000
v -0.000000 -0.156000 0.312000
v 0.010203 -0.155666 0.312000
v 0.020362 -0.154665 0.312000
v 0.030434 -0.153003 0.312000
v 0.040376 -0.150684 0.312000
v 0.050145 -0.147721 0.312000
v 0.059699 -0.144125 0.312000
v 0.068997 -0.139912 0.312000
v 0.078000 -0.135100 0.312000
v 0.086669 -0.129709 0.312000
v 0.094967 -0.123763 0.312000
v 0.102858 -0.117287 0.312000
v 0.110309 -0.110309 0.312000
v 0.117287 -0.102858 0.312000
v 0.123763 -0.094967 0.312000
v 0.129709 -0.086669 0.312000
v 0.135100 -0.078000 0.312000
v 0.139912 -0.068997 0.312000
v 0.144125 -0.059699 0.312000
v 0.147721 -0.050145 0.312000
v 0.150684 -0.040376 0.312000
v 0.153003 -0.030434 0.312000
v 0.154665 -0.020362 0.312000
v 0.155666 -0.010203 0.312000
v 0.156000 0.000000 0.310000
v 0.372000 0.000000 0.310000
v 0.155666 0.010203 0.310000
v 0.371204 0.024330 0.310000
v 0.154665 0.020362 0.310000
v 0.368817 0.048556 0.310000
v 0.153003 0.030434 0.310000
v 0.364852 0.072574 0.310000
v 0.150684 0.040376 0.310000
v 0.359324 0.096281 0.310000
v 0.147721 0.050145 0.310000
v 0.352258 0.119575 0.310000
v 0.144125 0.059699 0.310000
v 0.343683 0.142358 0.310000
v 0.139912 0.068997 0.310000
v 0.333637 0.164531 0.310000
v 0.135100 0.078000 0.310000
v 0.322161 0.186000 0.310000
v 0.129709 0.086669 0.310000
v 0.309307 0.206672 0.310000
v 0.123763 0.094967 0.310000
v 0.295127 0.226459 0.310000
v 0.117287 0.102858 0.310000
v 0.279684 0.245277 0.310000
v 0.110309 0.110309 0.310000
v 0.263044 0.263044 0.310000
v 0.102858 0.117287 0.310000
v 0.245277 0.279684 0.310000
v 0.094967 0.123763 0.310000
v 0.226459 0.295127 0.310000
v 0.086669 0.129709 0.310000
v 0.206672 0.309307 0.310000
v 0.078000 0.135100 0.310000
v 0.186000 0.322161 0.310000
v 0.068997 0.139912 0.310000
v 0.164531 0.333637 0.310000
v 0.059699 0.144125 0.310000
v 0.142358 0.343683 0.310000
v 0.050145 0.147721 0.310000
v 0.119575 0.352258 0.310000
v 0.040376 0.150684 0.310000
v 0.096281 0.359324 0.310000
v 0.030434 0.153003 0.310000
v 0.072574 0.364852 0.310000
v 0.020362 0.154665 0.310000
v 0.048556 0.368817 0.310000
v 0.010203 0.155666 0.310000
v 0.024330 0.371204 0.310000
v 0.000000 0.156000 0.310000
v 0.000000 0.372000 0.310000
v -0.010203 0.155666 0.310000
v -0.024330 0.371204 0.310000
v -0.020362 0.154665 0.310000
v -0.048556 0.368817 0.310000
v -0.030434 0.153003 0.310000
v -0.072574 0.364852 0.310000
v -0.040376 0.150684 0.310000
v -0.096281 0.359324 0.310000
v -0.050145 0.147721 0.310000
v -0.119575 0.352258 0.310000
v -0.059699 0.144125 0.310000
v -0.142358 0.343683 0.310000
v -0.068997 0.139912 0.310000
v -0.164531 0.333637 0.310000
v -0.078000 0.135100 0.310000
v -0.186000 0.322161 0.310000
v -0.086669 0.129709 0.310000
v -0.206672 0.309307 0.310000
v -0.094967 0.123763 0.310000
v -0.226459 0.295127 0.310000
v -0.102858 0.117287 0.310000
v -0.245277 0.279684 0.310000
v -0.110309 0.110309 0.310000
v -0.263044 0.263044 0.310000
v -0.117287 0.102858 0.310000
v -0.279684 0.245277 0.310000
v -0.123763 0.094967 0.310000
v -0.295127 0.226459 0.310000
v -0.129709 0.086669 0.310000
v -0.309307 0.206672 0.310000
v -0.135100 0.078000 0.310000
v -0.322161 0.186000 0.310000
v -0.139912 0.068997 0.310000
v -0.333637 0.164531 0.310000
v -0.144125 0.059699 0.310000
v -0.343683 0.142358 0.310000
v -0.147721 0.050145 0.310000
v -0.352258 0.119575 0.310000
v -0.150684 0.040376 0.310000
v -0.359324 0.096281 0.310000
v -0.153003 0.030434 0.310000
v -0.364852 0.072574 0.310000
v -0.154665 0.020362 0.310000
v -0.368817 0.048556 0.310000
v -0.155666 0.010203 0.310000
v -0.371204 0.024330 0.310000
v -0.156000 0.000000 0.310000
v -0.372000 0.000000 0.310000
v -0.155666 -0.010203 0.310000
v -0.371204 -0.024330 0.310000
v -0.154665 -0.020362 0.310000
v -0.368817 -0.048556 0.310000
v -0.153003 -0.030434 0.310000
v -0.364852 -0.072574 0.310000
v -0.150684 -0.040376 0.310000
v -0.359324 -0.096281 0.310000
v -0.147721 -0.050145 0.310000
v -0.352258 -0.119575 0.310000
v -0.144125 -0.059699 0.310000
v -0.343683 -0.142358 0.310000
v -0.139912 -0.068997 0.310000
v -0.333637 -0.164531 0.310000
v -0.135100 -0.078000 0.310000
v -0.322161 -0.186000 0.310000
v -0.129709 -0.086669 0.310000
v -0.309307 -0.206672 0.310000
v -0.123763 -0.094967 0.310000
v -0.295127 -0.226459 0.310000
v -0.117287 -0.102858 0.310000
v -0.279684 -0.245277 0.310000
v -0.110309 -0.110309 0.310000
v -0.263044 -0.263044 0.310000
v -0.102858 -0.117287 0.310000
v -0.245277 -0.279684 0.310000
v -0.094967 -0.123763 0.310000
v -0.226459 -0.295127 0.310000
v -0.086669 -0.129709 0.310000
v -0.206672 -0.309307 0.310000
v -0.078000 -0.135100 0.310000
v -0.186000 -0.322161 0.310000
v -0.068997 -0.139912 0.310000
v -0.164531 -0.333637 0.310000
v -0.059699 -0.144125 0.310000
v -0.142358 -0.343683 0.310000
v -0.050145 -0.147721 0.310000
v -0.119575 -0.352258 0.310000
v -0.040376 -0.150684 0.310000
v -0.096281 -0.359324 0.310000
v -0.030434 -0.153003 0.310000
v -0.072574 -0.364852 0.310000
v -0.020362 -0.154665 0.310000
v -0.048556 -0.368817 0.310000
v -0.010203 -0.155666 0.310000
v -0.024330 -0.371204 0.310000
v -0.000000 -0.156000 0.310000
v -0.000000 -0.372000 0.310000
v 0.010203 -0.155666 0.310000
v 0.024330 -0.371204 0.310000
v 0.020362 -0.154665 0.310000
v 0.048556 -0.368817 0.310000
v 0.030434 -0.153003 0.310000
v 0.072574 -0.364852 0.310000
v 0.040376 -0.150684 0.310000
v 0.096281 -0.359324 0.310000
v 0.050145 -0.147721 0.310000
v 0.119575 -0.352258 0.310000
v 0.059699 -0.144125 0.310000
v 0.142358 -0.343683 0.310000
v 0.068997 -0.139912 0.310000
v 0.164531 -0.333637 0.310000
v 0.078000 -0.135100 0.310000
v 0.186000 -0.322161 0.310000
v 0.086669 -0.129709 0.310000
v 0.206672 -0.309307 0.310000
v 0.094967 -0.123763 0.310000
v 0.226459 -0.295127 0.310000
v 0.102858 -0.117287 0.310000
v 0.245277 -0.279684 0.310000
v 0.110309 -0.110309 0.310000
v 0.263044 -0.263044 0.310000
v 0.117287 -0.102858 0.310000
v 0.279684 -0.245277 0.310000
v 0.123763 -0.094967 0.310000
v 0.295127 -0.226459 0.310000
v 0.129709 -0.086669 0.310000
v 0.309307 -0.206672 0.310000
v 0.135100 -0.078000 0.310000
v 0.322161 -0.186000 0.310000
v 0.139912 -0.068997 0.310000
v 0.333637 -0.164531 0.310000
v 0.144125 -0.059699 0.310000
v 0.343683 -0.142358 0.310000
v 0.147721 -0.050145 0.310000
v 0.352258 -0.119575 0.310000
v 0.150684 -0.040376 0.310000
v 0.359324 -0.096281 0.310000
v 0.153003 -0.030434 0.310000
v 0.364852 -0.072574 0.310000
v 0.154665 -0.020362 0.310000
v 0.368817 -0.048556 0.310000
v 0.155666 -0.010203 0.310000
v 0.371204 -0.024330 0.310000
v 3.000000 0.000000 0.296000
v 3.550000 0.000000 0.296000
v 2.993577 0.196209 0.296000
v 3.542399 0.232181 0.296000
v 2.974335 0.391579 0.296000
v 3.519629 0.463368 0.296000
v 2.942356 0.585271 0.296000
v 3.481788 0.692571 0.296000
v 2.897777 0.776457 0.296000
v 3.429037 0.918808 0.296000
v 2.840790 0.964318 0.296000
v 3.361602 1.141110 0.296000
v 2.771639 1.148050 0.296000
v 3.279772 1.358526 0.296000
v 2.690618 1.326866 0.296000
v 3.183898 1.570125 0.296000
v 2.598076 1.500000 0.296000
v 3.074390 1.775000 0.296000
v 2.494409 1.666711 0.296000
v 2.951717 1.972274 0.296000
v 2.380060 1.826284 0.296000
v 2.816404 2.161103 0.296000
v 2.255519 1.978037 0.296000
v 2.669031 2.340678 0.296000
v 2.121320 2.121320 0.296000
v 2.510229 2.510229 0.296000
v 1.978037 2.255519 0.296000
v 2.340678 2.669031 0.296000
v 1.826284 2.380060 0.296000
v 2.161103 2.816404 0.296000
v 1.666711 2.494409 0.296000
v 1.972274 2.951717 0.296000
v 1.500000 2.598076 0.296000
v 1.775000 3.074390 0.296000
v 1.326866 2.690618 0.296000
v 1.570125 3.183898 0.296000
v 1.148050 2.771639 0.296000
v 1.358526 3.279772 0.296000
v 0.964318 2.840790 0.296000
v 1.141110 3.361602 0.296000
v 0.776457 2.897777 0.296000
v 0.918808 3.429037 0.296000
v 0.585271 2.942356 0.296000
v 0.692571 3.481788 0.296000
v 0.391579 2.974335 0.296000
v 0.463368 3.519629 0.296000
v 0.196209 2.993577 0.296000
v 0.232181 3.542399 0.296000
v 0.000000 3.000000 0.296000
v 0.000000 3.550000 0.296000
v -0.196209 2.993577 0.296000
v -0.232181 3.542399 0.296000
v -0.391579 2.974335 0.296000
v -0.463368 3.519629 0.296000
v -0.585271 2.942356 0.296000
v -0.692571 3.481788 0.296000
v -0.776457 2.897777 0.296000
v -0.918808 3.429037 0.296000
v -0.964318 2.840790 0.296000
v -1.141110 3.361602 0.296000
v -1.148050 2.771639 0.296000
v -1.358526 3.279772 0.296000
v -1.326866 2.690618 0.296000
v -1.570125 3.183898 0.296000
v -1.500000 2.598076 0.296000
v -1.775000 3.074390 0.296000
v -1.666711 2.494409 0.296000
v -1.972274 2.951717 0.296000
v -1.826284 2.380060 0.296000
v -2.161103 2.816404 0.296000
v -1.978037 2.255519 0.296000
v -2.340678 2.669031 0.296000
v -2.121320 2.121320 0.296000
v -2.510229 2.510229 0.296000
v -2.255519 1.978037 0.296000
v -2.669031 2.340678 0.296000
v -2.380060 1.826284 0.296000
v -2.816404 2.161103 0.296000
v -2.494409 1.666711 0.296000
v -2.951717 1.972274 0.296000
v -2.598076 1.500000 0.296000
v -3.074390 1.775000 0.296000
v -2.690618 1.326866 0.296000
v -3.183898 1.570125 0.296000
v -2.771639 1.148050 0.296000
v -3.279772 1.358526 0.296000
v -2.840790 0.964318 0.296000
v -3.361602 1.141110 0.296000
v -2.897777 0.776457 0.296000
v -3.429037 0.918808 0.296000
v -2.942356 0.585271 0.296000
v -3.481788 0.692571 0.296000
v -2.974335 0.391579 0.296000
v -3.519629 0.463368 0.296000
v -2.993577 0.196209 0.296000
v -3.542399 0.232181 0.296000
v -3.000000 0.000000 0.296000
v -3.550000 0.000000 0.296000
v -2.993577 -0.196209 0.296000
v -3.542399 -0.232181 0.296000
v -2.974335 -0.391579 0.296000
v -3.519629 -0.463368 0.296000
v -2.942356 -0.585271 0.296000
v -3.481788 -0.692571 0.296000
v -2.897777 -0.776457 0.296000
v -3.429037 -0.918808 0.296000
v -2.840790 -0.964318 0.296000
v -3.361602 -1.141110 0.296000
v -2.771639 -1.148050 0.296000
v -3.279772 -1.358526 0.296000
v -2.690618 -1.326866 0.296000
v -3.183898 -1.570125 0.296000
v -2.598076 -1.500000 0.296000
v -3.074390 -1.775000 0.296000
v -2.494409 -1.666711 0.296000
v -2.951717 -1.972274 0.296000
v -2.380060 -1.826284 0.296000
v -2.816404 -2.161103 0.296000
v -2.255519 -1.978037 0.296000
v -2.669031 -2.340678 0.296000
v -2.121320 -2.121320 0.296000
v -2.510229 -2.510229 0.296000
v -1.978037 -2.255519 0.296000
v -2.340678 -2.669031 0.296000
v -1.826284 -2.380060 0.296000
v -2.161103 -2.816404 0.296000
v -1.666711 -2.494409 0.296000
v -1.972274 -2.951717 0.296000
v -1.500000 -2.598076 0.296000
v -1.775000 -3.074390 0.296000
v -1.326866 -2.690618 0.296000
v -1.570125 -3.183898 0.296000
v -1.148050 -2.771639 0.296000
v -1.358526 -3.279772 0.296000
v -0.964318 -2.840790 0.296000
v -1.141110 -3.361602 0.296000
v -0.776457 -2.897777 0.296000
v -0.918808 -3.429037 0.296000
v -0.585271 -2.942356 0.296000
v -0.692571 -3.481788 0.296000
v -0.391579 -2.974335 0.296000
v -0.463368 -3.519629 0.296000
v -0.196209 -2.993577 0.296000
v -0.232181 -3.542399 0.296000
v -0.000000 -3.000000 0.296000
v -0.000000 -3.550000 0.296000
v 0.196209 -2.993577 0.296000
v 0.232181 -3.542399 0.296000
v 0.391579 -2.974335 0.296000
v 0.463368 -3.519629 0.296000
v 0.585271 -2.942356 0.296000
v 0.692571 -3.481788 0.296000
v 0.776457 -2.897777 0.296000
v 0.918808 -3.429037 0.296000
v 0.964318 -2.840790 0.296000
v 1.141110 -3.361602 0.296000
v 1.148050 -2.771639 0.296000
v 1.358526 -3.279772 0.296000
v 1.326866 -2.690618 0.296000
v 1.570125 -3.183898 0.296000
v 1.500000 -2.598076 0.296000
v 1.775000 -3.074390 0.296000
v 1.666711 -2.494409 0.296000
v 1.972274 -2.951717 0.296000
v 1.826284 -2.380060 0.296000
v 2.161103 -2.816404 0.296000
v 1.978037 -2.255519 0.296000
v 2.340678 -2.669031 0.296000
v 2.121320 -2.121320 0.296000
v 2.510229 -2.510229 0.296000
v 2.255519 -1.978037 0.296000
v 2.669031 -2.340678 0.296000
v 2.380060 -1.826284 0.296000
v 2.816404 -2.161103 0.296000
v 2.494409 -1.666711 0.296000
v 2.951717 -1.972274 0.296000
v 2.598076 -1.500000 0.296000
v 3.074390 -1.775000 0.296000
v 2.690618 -1.326866 0.296000
v 3.183898 -1.570125 0.296000
v 2.771639 -1.148050 0.296000
v 3.279772 -1.358526 0.296000
v 2.840790 -0.964318 0.296000
v 3.361602 -1.141110 0.296000
v 2.897777 -0.776457 0.296000
v 3.429037 -0.918808 0.296000
v 2.942356 -0.585271 0.296000
v 3.481788 -0.692571 0.296000
v 2.974335 -0.391579 0.296000
v 3.519629 -0.463368 0.296000
v 2.993577 -0.196209 0.296000
v 3.542399 -0.232181 0.296000
v 0.000000 0.000000 -0.300000
v 3.550000 0.000000 -0.300000
v 3.542399 0.232181 -0.300000
v 3.519629 0.463368 -0.300000
v 3.481788 0.692571 -0.300000
v 3.429037 0.918808 -0.300000
v 3.361602 1.141110 -0.300000
v 3.279772 1.358526 -0.300000
v 3.183898 1.570125 -0.300000
v 3.074390 1.775000 -0.300000
v 2.951717 1.972274 -0.300000
v 2.816404 2.161103 -0.300000
v 2.669031 2.340678 -0.300000
v 2.510229 2.510229 -0.300000
v 2.340678 2.669031 -0.300000
v 2.161103 2.816404 -0.300000
v 1.972274 2.951717 -0.300000
v 1.775000 3.074390 -0.300000
v 1.570125 3.183898 -0.300000
v 1.358526 3.279772 -0.300000
v 1.141110 3.361602 -0.300000
v 0.918808 3.429037 -0.300000
v 0.692571 3.481788 -0.300000
v 0.463368 3.519629 -0.300000
v 0.232181 3.542399 -0.300000
v 0.000000 3.550000 -0.300000
v -0.232181 3.542399 -0.300000
v -0.463368 3.519629 -0.300000
v -0.692571 3.481788 -0.300000
v -0.918808 3.429037 -0.300000
v -1.141110 3.361602 -0.300000
v -1.358526 3.279772 -0.300000
v -1.570125 3.183898 -0.300000
v -1.775000 3.074390 -0.300000
v -1.972274 2.951717 -0.300000
v -2.161103 2.816404 -0.300000
v -2.340678 2.669031 -0.300000
v -2.510229 2.510229 -0.300000
v -2.669031 2.340678 -0.300000
v -2.816404 2.161103 -0.300000
v -2.951717 1.972274 -0.300000
v -3.074390 1.775000 -0.300000
v -3.183898 1.570125 -0.300000
v -3.279772 1.358526 -0.300000
v -3.361602 1.141110 -0.300000
v -3.429037 0.918808 -0.300000
v -3.481788 0.692571 -0.300000
v -3.519629 0.463368 -0.300000
v -3.542399 0.232181 -0.300000
v -3.550000 0.000000 -0.300000
v -3.542399 -0.232181 -0.300000
v -3.519629 -0.463368 -0.300000
v -3.481788 -0.692571 -0.300000
v -3.429037 -0.918808 -0.300000
v -3.361602 -1.141110 -0.300000
v -3.279772 -1.358526 -0.300000
v -3.183898 -1.570125 -0.300000
v -3.074390 -1.775000 -0.300000
v -2.951717 -1.972274 -0.300000
v -2.816404 -2.161103 -0.300000
v -2.669031 -2.340678 -0.300000
v -2.510229 -2.510229 -0.300000
v -2.340678 -2.669031 -0.300000
v -2.161103 -2.816404 -0.300000
v -1.972274 -2.951717 -0.300000
v -1.775000 -3.074390 -0.300000
v -1.570125 -3.183898 -0.300000
v -1.358526 -3.279772 -0.300000
v -1.141110 -3.361602 -0.300000
v -0.918808 -3.429037 -0.300000
v -0.692571 -3.481788 -0.300000
v -0.463368 -3.519629 -0.300000
v -0.232181 -3.542399 -0.300000
v -0.000000 -3.550000 -0.300000
v 0.232181 -3.542399 -0.300000
v 0.463368 -3.519629 -0.300000
v 0.692571 -3.481788 -0.300000
v 0.918808 -3.429037 -0.300000
v 1.141110 -3.361602 -0.300000
v 1.358526 -3.279772 -0.300000
v 1.570125 -3.183898 -0.300000
v 1.775000 -3.074390 -0.300000
v 1.972274 -2.951717 -0.300000
v 2.161103 -2.816404 -0.300000
v 2.340678 -2.669031 -0.300000
v 2.510229 -2.510229 -0.300000
v 2.669031 -2.340678 -0.300000
v 2.816404 -2.161103 -0.300000
v 2.951717 -1.972274 -0.300000
v 3.074390 -1.775000 -0.300000
v 3.183898 -1.570125 -0.300000
v 3.279772 -1.358526 -0.300000
v 3.361602 -1.141110 -0.300000
v 3.429037 -0.918808 -0.300000
v 3.481788 -0.692571 -0.300000
v 3.519629 -0.463368 -0.300000
v 3.542399 -0.232181 -0.300000
v 3.550000 0.000000 -0.300000
v 3.550000 0.000000 0.300000
v 3.542399 0.232181 -0.300000
v 3.542399 0.232181 0.300000
v 3.519629 0.463368 -0.300000
v 3.519629 0.463368 0.300000
v 3.481788 0.692571 -0.300000
v 3.481788 0.692571 0.300000
v 3.429037 0.918808 -0.300000
v 3.429037 0.918808 0.300000
v 3.361602 1.141110 -0.300000
v 3.361602 1.141110 0.300000
v 3.279772 1.358526 -0.300000
v 3.279772 1.358526 0.300000
v 3.183898 1.570125 -0.300000
v 3.183898 1.570125 0.300000
v 3.074390 1.775000 -0.300000
v 3.074390 1.775000 0.300000
v 2.951717 1.972274 -0.300000
v 2.951717 1.972274 0.300000
v 2.816404 2.161103 -0.300000
v 2.816404 2.161103 0.300000
v 2.669031 2.340678 -0.300000
v 2.669031 2.340678 0.300000
v 2.510229 2.510229 -0.300000
v 2.510229 2.510229 0.300000
v 2.340678 2.669031 -0.300000
v 2.340678 2.669031 0.300000
v 2.161103 2.816404 -0.300000
v 2.161103 2.816404 0.300000
v 1.972274 2.951717 -0.300000
v 1.972274 2.951717 0.300000
v 1.775000 3.074390 -0.300000
v 1.775000 3.074390 0.300000
v 1.570125 3.183898 -0.300000
v 1.570125 3.183898 0.300000
v 1.358526 3.279772 -0.300000
v 1.358526 3.279772 0.300000
v 1.141110 3.361602 -0.300000
v 1.141110 3.361602 0.300000
v 0.918808 3.429037 -0.300000
v 0.918808 3.429037 0.300000
v 0.692571 3.481788 -0.300000
v 0.692571 3.481788 0.300000
v 0.463368 3.519629 -0.300000
v 0.463368 3.519629 0.300000
v 0.232181 3.542399 -0.300000
v 0.232181 3.542399 0.300000
v 0.000000 3.550000 -0.300000
v 0.000000 3.550000 0.300000
v -0.232181 3.542399 -0.300000
v -0.232181 3.542399 0.300000
v -0.463368 3.519629 -0.300000
v -0.463368 3.519629 0.300000
v -0.692571 3.481788 -0.300000
v -0.692571 3.481788 0.300000
v -0.918808 3.429037 -0.300000
v -0.918808 3.429037 0.300000
v -1.141110 3.361602 -0.300000
v -1.141110 3.361602 0.300000
v -1.358526 3.279772 -0.300000
v -1.358526 3.279772 0.300000
v -1.570125 3.183898 -0.300000
v -1.570125 3.183898 0.300000
v -1.775000 3.074390 -0.300000
v -1.775000 3.074390 0.300000
v -1.972274 2.951717 -0.300000
v -1.972274 2.951717 0.300000
v -2.161103 2.816404 -0.300000
v -2.161103 2.816404 0.300000
v -2.340678 2.669031 -0.300000
v -2.340678 2.669031 0.300000
v -2.510229 2.510229 -0.300000
v -2.510229 2.510229 0.300000
v -2.669031 2.340678 -0.300000
v -2.669031 2.340678 0.300000
v -2.816404 2.161103 -0.300000
v -2.816404 2.161103 0.300000
v -2.951717 1.972274 -0.300000
v -2.951717 1.972274 0.300000
v -3.074390 1.775000 -0.300000
v -3.074390 1.775000 0.300000
v -3.183898 1.570125 -0.300000
v -3.183898 1.570125 0.300000
v -3.279772 1.358526 -0.300000
v -3.279772 1.358526 0.300000
v -3.361602 1.141110 -0.300000
v -3.361602 1.141110 0.300000
v -3.429037 0.918808 -0.300000
v -3.429037 0.918808 0.300000
v -3.481788 0.692571 -0.300000
v -3.481788 0.692571 0.300000
v -3.519629 0.463368 -0.300000
v -3.519629 0.463368 0.300000
v -3.542399 0.232181 -0.300000
v -3.542399 0.232181 0.300000
v -3.550000 0.000000 -0.300000
v -3.550000 0.000000 0.300000
v -3.542399 -0.232181 -0.300000
v -3.542399 -0.232181 0.300000
v -3.519629 -0.463368 -0.300000
v -3.519629 -0.463368 0.300000
v -3.481788 -0.692571 -0.300000
v -3.481788 -0.692571 0.300000
v -3.429037 -0.918808 -0.300000
v -3.429037 -0.918808 0.300000
v -3.361602 -1.141110 -0.300000
v -3.361602 -1.141110 0.300000
v -3.279772 -1.358526 -0.300000
v -3.279772 -1.358526 0.300000
v -3.183898 -1.570125 -0.300000
v -3.183898 -1.570125 0.300000
v -3.074390 -1.775000 -0.300000
v -3.074390 -1.775000 0.300000
v -2.951717 -1.972274 -0.300000
v -2.951717 -1.972274 0.300000
v -2.816404 -2.161103 -0.300000
v -2.816404 -2.161103 0.300000
v -2.669031 -2.340678 -0.300000
v -2.669031 -2.340678 0.300000
v -2.510229 -2.510229 -0.300000
v -2.510229 -2.510229 0.300000
v -2.340678 -2.669031 -0.300000
v -2.340678 -2.669031 0.300000
v -2.161103 -2.816404 -0.300000
v -2.161103 -2.816404 0.300000
v -1.972274 -2.951717 -0.300000
v -1.972274 -2.951717 0.300000
v -1.775000 -3.074390 -0.300000
v -1.775000 -3.074390 0.300000
v -1.570125 -3.183898 -0.300000
v -1.570125 -3.183898 0.300000
v -1.358526 -3.279772 -0.300000
v -1.358526 -3.279772 0.300000
v -1.141110 -3.361602 -0.300000
v -1.141110 -3.361602 0.300000
v -0.918808 -3.429037 -0.300000
v -0.918808 -3.429037 0.300000
v -0.692571 -3.481788 -0.300000
v -0.692571 -3.481788 0.300000
v -0.463368 -3.519629 -0.300000
v -0.463368 -3.519629 0.300000
v -0.232181 -3.542399 -0.300000
v -0.232181 -3.542399 0.300000
v -0.000000 -3.550000 -0.300000
v -0.000000 -3.550000 0.300000
v 0.232181 -3.542399 -0.300000
v 0.232181 -3.542399 0.300000
v 0.463368 -3.519629 -0.300000
v 0.463368 -3.519629 0.300000
v 0.692571 -3.481788 -0.300000
v 0.692571 -3.481788 0.300000
v 0.918808 -3.429037 -0.300000
v 0.918808 -3.429037 0.300000
v 1.141110 -3.361602 -0.300000
v 1.141110 -3.361602 0.300000
v 1.358526 -3.279772 -0.300000
v 1.358526 -3.279772 0.300000
v 1.570125 -3.183898 -0.300000
v 1.570125 -3.183898 0.300000
v 1.775000 -3.074390 -0.300000
v 1.775000 -3.074390 0.300000
v 1.972274 -2.951717 -0.300000
v 1.972274 -2.951717 0.300000
v 2.161103 -2.816404 -0.300000
v 2.161103 -2.816404 0.300000
v 2.340678 -2.669031 -0.300000
v 2.340678 -2.669031 0.300000
v 2.510229 -2.510229 -0.300000
v 2.510229 -2.510229 0.300000
v 2.669031 -2.340678 -0.300000
v 2.669031 -2.340678 0.300000
v 2.816404 -2.161103 -0.300000
v 2.816404 -2.161103 0.300000
v 2.951717 -1.972274 -0.300000
v 2.951717 -1.972274 0.300000
v 3.074390 -1.775000 -0.300000
v 3.074390 -1.775000 0.300000
v 3.183898 -1.570125 -0.300000
v 3.183898 -1.570125 0.300000
v 3.279772 -1.358526 -0.300000
v 3.279772 -1.358526 0.300000
v 3.361602 -1.141110 -0.300000
v 3.361602 -1.141110 0.300000
v 3.429037 -0.918808 -0.300000
v 3.429037 -0.918808 0.300000
v 3.481788 -0.692571 -0.300000
v 3.481788 -0.692571 0.300000
v 3.519629 -0.463368 -0.300000
v 3.519629 -0.463368 0.300000
v 3.542399 -0.232181 -0.300000
v 3.542399 -0.232181 0.300000
usemtl Cream
f 1 2 3 4
usemtl Red
f 5 6 7 8
usemtl Black
f 9 10 11 12
usemtl Red
f 13 14 15 16
usemtl Black
f 17 18 19 20
usemtl Green
f 21 22 23 24
usemtl Cream
f 25 26 27 28
usemtl Green
f 29 30 31 32
usemtl Cream
f 33 34 35 36
usemtl Red
f 37 38 39 40
usemtl Black
f 41 42 43 44
usemtl Red
f 45 46 47 48
usemtl Black
f 49 50 51 52
usemtl Green
f 53 54 55 56
usemtl Cream
f 57 58 59 60
usemtl Green
f 61 62 63 64
usemtl Cream
f 65 66 67 68
usemtl Red
f 69 70 71 72
usemtl Black
f 73 74 75 76
usemtl Red
f 77 78 79 80
usemtl Black
f 81 82 83 84
usemtl Green
f 85 86 87 88
usemtl Cream
f 89 90 91 92
usemtl Green
f 93 94 95 96
usemtl Cream
f 97 98 99 100
usemtl Red
f 101 102 103 104
usemtl Black
f 105 106 107 108
usemtl Red
f 109 110 111 112
usemtl Black
f 113 114 115 116
usemtl Green
f 117 118 119 120
usemtl Cream
f 121 122 123 124
usemtl Green
f 125 126 127 128
usemtl Cream
f 129 130 131 132
usemtl Red
f 133 134 135 136
usemtl Black
f 137 138 139 140
usemtl Red
f 141 142 143 144
usemtl Black
f 145 146 147 148
usemtl Green
f 149 150 151 152
usemtl Cream
f 153 154 155 156
usemtl Green
f 157 158 159 160
usemtl Cream
f 161 162 163 164
usemtl Red
f 165 166 167 168
usemtl Black
f 169 170 171 172
usemtl Red
f 173 174 175 176
usemtl Black
f 177 178 179 180
usemtl Green
f 181 182 183 184
usemtl Cream
f 185 186 187 188
usemtl Green
f 189 190 191 192
usemtl Cream
f 193 194 195 196
usemtl Red
f 197 198 199 200
usemtl Black
f 201 202 203 204
usemtl Red
f 205 206 207 208
usemtl Black
f 209 210 211 212
usemtl Green
f 213 214 215 216
usemtl Cream
f 217 218 219 220
usemtl Green
f 221 222 223 224
usemtl Cream
f 225 226 227 228
usemtl Red
f 229 230 231 232
usemtl Black
f 233 234 235 236
usemtl Red
f 237 238 239 240
usemtl Black
f 241 242 243 244
usemtl Green
f 245 246 247 248
usemtl Cream
f 249 250 251 252
usemtl Green
f 253 254 255 256
usemtl Cream
f 257 258 259 260
usemtl Red
f 261 262 263 264
usemtl Black
f 265 266 267 268
usemtl Red
f 269 270 271 272
usemtl Black
f 273 274 275 276
usemtl Green
f 277 278 279 280
usemtl Cream
f 281 282 283 284
usemtl Green
f 285 286 287 288
usemtl Cream
f 289 290 291 292
usemtl Red
f 293 294 295 296
usemtl Black
f 297 298 299 300
usemtl Red
f 301 302 303 304
usemtl Black
f 305 306 307 308
usemtl Green
f 309 310 311 312
usemtl Cream
f 313 314 315 316
usemtl Green
f 317 318 319 320
usemtl Red
f 321 322 323
f 321 323 324
f 321 324 325
f 321 325 326
f 321 326 327
f 321 327 328
f 321 328 329
f 321 329 330
f 321 330 331
f 321 331 332
f 321 332 333
f 321 333 334
f 321 334 335
f 321 335 336
f 321 336 337
f 321 337 338
f 321 338 339
f 321 339 340
f 321 340 341
f 321 341 342
f 321 342 343
f 321 343 344
f 321 344 345
f 321 345 346
f 321 346 347
f 321 347 348
f 321 348 349
f 321 349 350
f 321 350 351
f 321 351 352
f 321 352 353
f 321 353 354
f 321 354 355
f 321 355 356
f 321 356 357
f 321 357 358
f 321 358 359
f 321 359 360
f 321 360 361
f 321 361 362
f 321 362 363
f 321 363 364
f 321 364 365
f 321 365 366
f 321 366 367
f 321 367 368
f 321 368 369
f 321 369 370
f 321 370 371
f 321 371 372
f 321 372 373
f 321 373 374
f 321 374 375
f 321 375 376
f 321 376 377
f 321 377 378
f 321 378 379
f 321 379 380
f 321 380 381
f 321 381 382
f 321 382 383
f 321 383 384
f 321 384 385
f 321 385 386
f 321 386 387
f 321 387 388
f 321 388 389
f 321 389 390
f 321 390 391
f 321 391 392
f 321 392 393
f 321 393 394
f 321 394 395
f 321 395 396
f 321 396 397
f 321 397 398
f 321 398 399
f 321 399 400
f 321 400 401
f 321 401 402
f 321 402 403
f 321 403 404
f 321 404 405
f 321 405 406
f 321 406 407
f 321 407 408
f 321 408 409
f 321 409 410
f 321 410 411
f 321 411 412
f 321 412 413
f 321 413 414
f 321 414 415
f 321 415 416
f 321 416 417
f 321 417 322
usemtl Green
f 418 419 421 420
f 420 421 423 422
f 422 423 425 424
f 424 425 427 426
f 426 427 429 428
f 428 429 431 430
f 430 431 433 432
f 432 433 435 434
f 434 435 437 436
f 436 437 439 438
f 438 439 441 440
f 440 441 443 442
f 442 443 445 444
f 444 445 447 446
f 446 447 449 448
f 448 449 451 450
f 450 451 453 452
f 452 453 455 454
f 454 455 457 456
f 456 457 459 458
f 458 459 461 460
f 460 461 463 462
f 462 463 465 464
f 464 465 467 466
f 466 467 469 468
f 468 469 471 470
f 470 471 473 472
f 472 473 475 474
f 474 475 477 476
f 476 477 479 478
f 478 479 481 480
f 480 481 483 482
f 482 483 485 484
f 484 485 487 486
f 486 487 489 488
f 488 489 491 490
f 490 491 493 492
f 492 493 495 494
f 494 495 497 496
f 496 497 499 498
f 498 499 501 500
f 500 501 503 502
f 502 503 505 504
f 504 505 507 506
f 506 507 509 508
f 508 509 511 510
f 510 511 513 512
f 512 513 515 514
f 514 515 517 516
f 516 517 519 518
f 518 519 521 520
f 520 521 523 522
f 522 523 525 524
f 524 525 527 526
f 526 527 529 528
f 528 529 531 530
f 530 531 533 532
f 532 533 535 534
f 534 535 537 536
f 536 537 539 538
f 538 539 541 540
f 540 541 543 542
f 542 543 545 544
f 544 545 547 546
f 546 547 549 548
f 548 549 551 550
f 550 551 553 552
f 552 553 555 554
f 554 555 557 556
f 556 557 559 558
f 558 559 561 560
f 560 561 563 562
f 562 563 565 564
f 564 565 567 566
f 566 567 569 568
f 568 569 571 570
f 570 571 573 572
f 572 573 575 574
f 574 575 577 576
f 576 577 579 578
f 578 579 581 580
f 580 581 583 582
f 582 583 585 584
f 584 585 587 586
f 586 587 589 588
f 588 589 591 590
f 590 591 593 592
f 592 593 595 594
f 594 595 597 596
f 596 597 599 598
f 598 599 601 600
f 600 601 603 602
f 602 603 605 604
f 604 605 607 606
f 606 607 609 608
f 608 609 419 418
usemtl Rim
f 610 611 613 612
f 612 613 615 614
f 614 615 617 616
f 616 617 619 618
f 618 619 621 620
f 620 621 623 622
f 622 623 625 624
f 624 625 627 626
f 626 627 629 628
f 628 629 631 630
f 630 631 633 632
f 632 633 635 634
f 634 635 637 636
f 636 637 639 638
f 638 639 641 640
f 640 641 643 642
f 642 643 645 644
f 644 645 647 646
f 646 647 649 648
f 648 649 651 650
f 650 651 653 652
f 652 653 655 654
f 654 655 657 656
f 656 657 659 658
f 658 659 661 660
f 660 661 663 662
f 662 663 665 664
f 664 665 667 666
f 666 667 669 668
f 668 669 671 670
f 670 671 673 672
f 672 673 675 674
f 674 675 677 676
f 676 677 679 678
f 678 679 681 680
f 680 681 683 682
f 682 683 685 684
f 684 685 687 686
f 686 687 689 688
f 688 689 691 690
f 690 691 693 692
f 692 693 695 694
f 694 695 697 696
f 696 697 699 698
f 698 699 701 700
f 700 701 703 702
f 702 703 705 704
f 704 705 707 706
f 706 707 709 708
f 708 709 711 710
f 710 711 713 712
f 712 713 715 714
f 714 715 717 716
f 716 717 719 718
f 718 719 721 720
f 720 721 723 722
f 722 723 725 724
f 724 725 727 726
f 726 727 729 728
f 728 729 731 730
f 730 731 733 732
f 732 733 735 734
f 734 735 737 736
f 736 737 739 738
f 738 739 741 740
f 740 741 743 742
f 742 743 745 744
f 744 745 747 746
f 746 747 749 748
f 748 749 751 750
f 750 751 753 752
f 752 753 755 754
f 754 755 757 756
f 756 757 759 758
f 758 759 761 760
f 760 761 763 762
f 762 763 765 764
f 764 765 767 766
f 766 767 769 768
f 768 769 771 770
f 770 771 773 772
f 772 773 775 774
f 774 775 777 776
f 776 777 779 778
f 778 779 781 780
f 780 781 783 782
f 782 783 785 784
f 784 785 787 786
f 786 787 789 788
f 788 789 791 790
f 790 791 793 792
f 792 793 795 794
f 794 795 797 796
f 796 797 799 798
f 798 799 801 800
f 800 801 611 610
f 802 803 804
f 802 804 805
f 802 805 806
f 802 806 807
f 802 807 808
f 802 808 809
f 802 809 810
f 802 810 811
f 802 811 812
f 802 812 813
f 802 813 814
f 802 814 815
f 802 815 816
f 802 816 817
f 802 817 818
f 802 818 819
f 802 819 820
f 802 820 821
f 802 821 822
f 802 822 823
f 802 823 824
f 802 824 825
f 802 825 826
f 802 826 827
f 802 827 828
f 802 828 829
f 802 829 830
f 802 830 831
f 802 831 832
f 802 832 833
f 802 833 834
f 802 834 835
f 802 835 836
f 802 836 837
f 802 837 838
f 802 838 839
f 802 839 840
f 802 840 841
f 802 841 842
f 802 842 843
f 802 843 844
f 802 844 845
f 802 845 846
f 802 846 847
f 802 847 848
f 802 848 849
f 802 849 850
f 802 850 851
f 802 851 852
f 802 852 853
f 802 853 854
f 802 854 855
f 802 855 856
f 802 856 857
f 802 857 858
f 802 858 859
f 802 859 860
f 802 860 861
f 802 861 862
f 802 862 863
f 802 863 864
f 802 864 865
f 802 865 866
f 802 866 867
f 802 867 868
f 802 868 869
f 802 869 870
f 802 870 871
f 802 871 872
f 802 872 873
f 802 873 874
f 802 874 875
f 802 875 876
f 802 876 877
f 802 877 878
f 802 878 879
f 802 879 880
f 802 880 881
f 802 881 882
f 802 882 883
f 802 883 884
f 802 884 885
f 802 885 886
f 802 886 887
f 802 887 888
f 802 888 889
f 802 889 890
f 802 890 891
f 802 891 892
f 802 892 893
f 802 893 894
f 802 894 895
f 802 895 896
f 802 896 897
f 802 897 898
f 802 898 803
f 899 901 902 900
f 901 903 904 902
f 903 905 906 904
f 905 907 908 906
f 907 909 910 908
f 909 911 912 910
f 911 913 914 912
f 913 915 916 914
f 915 917 918 916
f 917 919 920 918
f 919 921 922 920
f 921 923 924 922
f 923 925 926 924
f 925 927 928 926
f 927 929 930 928
f 929 931 932 930
f 931 933 934 932
f 933 935 936 934
f 935 937 938 936
f 937 939 940 938
f 939 941 942 940
f 941 943 944 942
f 943 945 946 944
f 945 947 948 946
f 947 949 950 948
f 949 951 952 950
f 951 953 954 952
f 953 955 956 954
f 955 957 958 956
f 957 959 960 958
f 959 961 962 960
f 961 963 964 962
f 963 965 966 964
f 965 967 968 966
f 967 969 970 968
f 969 971 972 970
f 971 973 974 972
f 973 975 976 974
f 975 977 978 976
f 977 979 980 978
f 979 981 982 980
f 981 983 984 982
f 983 985 986 984
f 985 987 988 986
f 987 989 990 988
f 989 991 992 990
f 991 993 994 992
f 993 995 996 994
f 995 997 998 996
f 997 999 1000 998
f 999 1001 1002 1000
f 1001 1003 1004 1002
f 1003 1005 1006 1004
f 1005 1007 1008 1006
f 1007 1009 1010 1008
f 1009 1011 1012 1010
f 1011 1013 1014 1012
f 1013 1015 1016 1014
f 1015 1017 1018 1016
f 1017 1019 1020 1018
f 1019 1021 1022 1020
f 1021 1023 1024 1022
f 1023 1025 1026 1024
f 1025 1027 1028 1026
f 1027 1029 1030 1028
f 1029 1031 1032 1030
f 1031 1033 1034 1032
f 1033 1035 1036 1034
f 1035 1037 1038 1036
f 1037 1039 1040 1038
f 1039 1041 1042 1040
f 1041 1043 1044 1042
f 1043 1045 1046 1044
f 1045 1047 1048 1046
f 1047 1049 1050 1048
f 1049 1051 1052 1050
f 1051 1053 1054 1052
f 1053 1055 1056 1054
f 1055 1057 1058 1056
f 1057 1059 1060 1058
f 1059 1061 1062 1060
f 1061 1063 1064 1062
f 1063 1065 1066 1064
f 1065 1067 1068 1066
f 1067 1069 1070 1068
f 1069 1071 1072 1070
f 1071 1073 1074 1072
f 1073 1075 1076 1074
f 1075 1077 1078 1076
f 1077 1079 1080 1078
f 1079 1081 1082 1080
f 1081 1083 1084 1082
f 1083 1085 1086 1084
f 1085 1087 1088 1086
f 1087 1089 1090 1088
f 1089 899 900 1090
o DartBoard_Numbers_3D
v -0.283326 3.490686 0.310000
v -0.283326 3.418697 0.310000
v -0.257392 3.433340 0.310000
v -0.283326 3.490686 0.365000
v -0.283326 3.418697 0.365000
v -0.257392 3.433340 0.365000
v -0.283326 3.490686 0.310000
v -0.257392 3.433340 0.310000
v -0.254969 3.498973 0.310000
v -0.283326 3.490686 0.365000
v -0.257392 3.433340 0.365000
v -0.254969 3.498973 0.365000
v -0.254969 3.498973 0.310000
v -0.257392 3.433340 0.310000
v -0.233109 3.443840 0.310000
v -0.254969 3.498973 0.365000
v -0.257392 3.433340 0.365000
v -0.233109 3.443840 0.365000
v -0.254969 3.498973 0.310000
v -0.233109 3.443840 0.310000
v -0.226929 3.505013 0.310000
v -0.254969 3.498973 0.365000
v -0.233109 3.443840 0.365000
v -0.226929 3.505013 0.365000
v -0.226929 3.505013 0.310000
v -0.233109 3.443840 0.310000
v -0.210529 3.450161 0.310000
v -0.226929 3.505013 0.365000
v -0.233109 3.443840 0.365000
v -0.210529 3.450161 0.365000
v -0.226929 3.505013 0.310000
v -0.210529 3.450161 0.310000
v -0.199327 3.508753 0.310000
v -0.226929 3.505013 0.365000
v -0.210529 3.450161 0.365000
v -0.199327 3.508753 0.365000
v -0.199327 3.508753 0.310000
v -0.210529 3.450161 0.310000
v -0.189845 3.452268 0.310000
v -0.199327 3.508753 0.365000
v -0.210529 3.450161 0.365000
v -0.189845 3.452268 0.365000
v -0.199327 3.508753 0.310000
v -0.189845 3.452268 0.310000
v -0.172287 3.510000 0.310000
v -0.199327 3.508753 0.365000
v -0.189845 3.452268 0.365000
v -0.172287 3.510000 0.365000
v -0.172287 3.510000 0.310000
v -0.189845 3.452268 0.310000
v -0.166703 3.448756 0.310000
v -0.172287 3.510000 0.365000
v -0.189845 3.452268 0.365000
v -0.166703 3.448756 0.365000
v -0.172287 3.510000 0.310000
v -0.166703 3.448756 0.310000
v -0.119998 3.503521 0.310000
v -0.172287 3.510000 0.365000
v -0.166703 3.448756 0.365000
v -0.119998 3.503521 0.365000
v -0.119998 3.503521 0.310000
v -0.166703 3.448756 0.310000
v -0.148689 3.438221 0.310000
v -0.119998 3.503521 0.365000
v -0.166703 3.448756 0.365000
v -0.148689 3.438221 0.365000
v -0.119998 3.503521 0.310000
v -0.148689 3.438221 0.310000
v -0.080843 3.484084 0.310000
v -0.119998 3.503521 0.365000
v -0.148689 3.438221 0.365000
v -0.080843 3.484084 0.365000
v -0.080843 3.484084 0.310000
v -0.148689 3.438221 0.310000
v -0.137100 3.421927 0.310000
v -0.080843 3.484084 0.365000
v -0.148689 3.438221 0.365000
v -0.137100 3.421927 0.365000
v -0.080843 3.484084 0.310000
v -0.137100 3.421927 0.310000
v -0.056402 3.453111 0.310000
v -0.080843 3.484084 0.365000
v -0.137100 3.421927 0.365000
v -0.056402 3.453111 0.365000
v -0.056402 3.453111 0.310000
v -0.137100 3.421927 0.310000
v -0.048255 3.411884 0.310000
v -0.056402 3.453111 0.365000
v -0.137100 3.421927 0.365000
v -0.048255 3.411884 0.365000
v -0.048255 3.411884 0.310000
v -0.137100 3.421927 0.310000
v -0.133237 3.401138 0.310000
v -0.048255 3.411884 0.365000
v -0.137100 3.421927 0.365000
v -0.133237 3.401138 0.365000
v -0.048255 3.411884 0.310000
v -0.133237 3.401138 0.310000
v -0.051714 3.386020 0.310000
v -0.048255 3.411884 0.365000
v -0.133237 3.401138 0.365000
v -0.051714 3.386020 0.365000
v -0.046078 3.176391 0.310000
v -0.046078 3.238478 0.310000
v -0.190267 3.238478 0.310000
v -0.046078 3.176391 0.365000
v -0.046078 3.238478 0.365000
v -0.190267 3.238478 0.365000
v -0.046078 3.176391 0.310000
v -0.190267 3.238478 0.310000
v -0.284239 3.176391 0.310000
v -0.046078 3.176391 0.365000
v -0.190267 3.238478 0.365000
v -0.284239 3.176391 0.365000
v -0.284239 3.176391 0.310000
v -0.190267 3.238478 0.310000
v -0.284239 3.238478 0.310000
v -0.284239 3.176391 0.365000
v -0.190267 3.238478 0.365000
v -0.284239 3.238478 0.365000
v -0.284239 3.238478 0.310000
v -0.190267 3.238478 0.310000
v -0.164632 3.344109 0.310000
v -0.284239 3.238478 0.365000
v -0.190267 3.238478 0.365000
v -0.164632 3.344109 0.365000
v -0.133237 3.401138 0.310000
v -0.135151 3.386512 0.310000
v -0.062091 3.361948 0.310000
v -0.133237 3.401138 0.365000
v -0.135151 3.386512 0.365000
v -0.062091 3.361948 0.365000
v -0.133237 3.401138 0.310000
v -0.062091 3.361948 0.310000
v -0.051714 3.386020 0.310000
v -0.133237 3.401138 0.365000
v -0.062091 3.361948 0.365000
v -0.051714 3.386020 0.365000
v -0.190267 3.238478 0.310000
v -0.120244 3.299932 0.310000
v -0.164632 3.344109 0.310000
v -0.190267 3.238478 0.365000
v -0.120244 3.299932 0.365000
v -0.164632 3.344109 0.365000
v -0.164632 3.344109 0.310000
v -0.120244 3.299932 0.310000
v -0.150655 3.358419 0.310000
v -0.164632 3.344109 0.365000
v -0.120244 3.299932 0.365000
v -0.150655 3.358419 0.365000
v -0.150655 3.358419 0.310000
v -0.120244 3.299932 0.310000
v -0.083547 3.334891 0.310000
v -0.150655 3.358419 0.365000
v -0.120244 3.299932 0.365000
v -0.083547 3.334891 0.365000
v -0.150655 3.358419 0.310000
v -0.083547 3.334891 0.310000
v -0.140893 3.372413 0.310000
v -0.150655 3.358419 0.365000
v -0.083547 3.334891 0.365000
v -0.140893 3.372413 0.365000
v -0.140893 3.372413 0.310000
v -0.083547 3.334891 0.310000
v -0.135151 3.386512 0.310000
v -0.140893 3.372413 0.365000
v -0.083547 3.334891 0.365000
v -0.135151 3.386512 0.365000
v -0.135151 3.386512 0.310000
v -0.083547 3.334891 0.310000
v -0.062091 3.361948 0.310000
v -0.135151 3.386512 0.365000
v -0.083547 3.334891 0.365000
v -0.062091 3.361948 0.365000
v -0.046078 3.238478 0.310000
v -0.046078 3.176391 0.310000
v -0.046078 3.176391 0.365000
v -0.046078 3.238478 0.365000
v -0.046078 3.176391 0.310000
v -0.284239 3.176391 0.310000
v -0.284239 3.176391 0.365000
v -0.046078 3.176391 0.365000
v -0.284239 3.176391 0.310000
v -0.284239 3.238478 0.310000
v -0.284239 3.238478 0.365000
v -0.284239 3.176391 0.365000
v -0.284239 3.238478 0.310000
v -0.164632 3.344109 0.310000
v -0.164632 3.344109 0.365000
v -0.284239 3.238478 0.365000
v -0.164632 3.344109 0.310000
v -0.150655 3.358419 0.310000
v -0.150655 3.358419 0.365000
v -0.164632 3.344109 0.365000
v -0.150655 3.358419 0.310000
v -0.140893 3.372413 0.310000
v -0.140893 3.372413 0.365000
v -0.150655 3.358419 0.365000
v -0.140893 3.372413 0.310000
v -0.135151 3.386512 0.310000
v -0.135151 3.386512 0.365000
v -0.140893 3.372413 0.365000
v -0.135151 3.386512 0.310000
v -0.133237 3.401138 0.310000
v -0.133237 3.401138 0.365000
v -0.135151 3.386512 0.365000
v -0.133237 3.401138 0.310000
v -0.137100 3.421927 0.310000
v -0.137100 3.421927 0.365000
v -0.133237 3.401138 0.365000
v -0.137100 3.421927 0.310000
v -0.148689 3.438221 0.310000
v -0.148689 3.438221 0.365000
v -0.137100 3.421927 0.365000
v -0.148689 3.438221 0.310000
v -0.166703 3.448756 0.310000
v -0.166703 3.448756 0.365000
v -0.148689 3.438221 0.365000
v -0.166703 3.448756 0.310000
v -0.189845 3.452268 0.310000
v -0.189845 3.452268 0.365000
v -0.166703 3.448756 0.365000
v -0.189845 3.452268 0.310000
v -0.210529 3.450161 0.310000
v -0.210529 3.450161 0.365000
v -0.189845 3.452268 0.365000
v -0.210529 3.450161 0.310000
v -0.233109 3.443840 0.310000
v -0.233109 3.443840 0.365000
v -0.210529 3.450161 0.365000
v -0.233109 3.443840 0.310000
v -0.257392 3.433340 0.310000
v -0.257392 3.433340 0.365000
v -0.233109 3.443840 0.365000
v -0.257392 3.433340 0.310000
v -0.283326 3.418697 0.310000
v -0.283326 3.418697 0.365000
v -0.257392 3.433340 0.365000
v -0.283326 3.418697 0.310000
v -0.283326 3.490686 0.310000
v -0.283326 3.490686 0.365000
v -0.283326 3.418697 0.365000
v -0.283326 3.490686 0.310000
v -0.254969 3.498973 0.310000
v -0.254969 3.498973 0.365000
v -0.283326 3.490686 0.365000
v -0.254969 3.498973 0.310000
v -0.226929 3.505013 0.310000
v -0.226929 3.505013 0.365000
v -0.254969 3.498973 0.365000
v -0.226929 3.505013 0.310000
v -0.199327 3.508753 0.310000
v -0.199327 3.508753 0.365000
v -0.226929 3.505013 0.365000
v -0.199327 3.508753 0.310000
v -0.172287 3.510000 0.310000
v -0.172287 3.510000 0.365000
v -0.199327 3.508753 0.365000
v -0.172287 3.510000 0.310000
v -0.119998 3.503521 0.310000
v -0.119998 3.503521 0.365000
v -0.172287 3.510000 0.365000
v -0.119998 3.503521 0.310000
v -0.080843 3.484084 0.310000
v -0.080843 3.484084 0.365000
v -0.119998 3.503521 0.365000
v -0.080843 3.484084 0.310000
v -0.056402 3.453111 0.310000
v -0.056402 3.453111 0.365000
v -0.080843 3.484084 0.365000
v -0.056402 3.453111 0.310000
v -0.048255 3.411884 0.310000
v -0.048255 3.411884 0.365000
v -0.056402 3.453111 0.365000
v -0.048255 3.411884 0.310000
v -0.051714 3.386020 0.310000
v -0.051714 3.386020 0.365000
v -0.048255 3.411884 0.365000
v -0.051714 3.386020 0.310000
v -0.062091 3.361948 0.310000
v -0.062091 3.361948 0.365000
v -0.051714 3.386020 0.365000
v -0.062091 3.361948 0.310000
v -0.083547 3.334891 0.310000
v -0.083547 3.334891 0.365000
v -0.062091 3.361948 0.365000
v -0.083547 3.334891 0.310000
v -0.120244 3.299932 0.310000
v -0.120244 3.299932 0.365000
v -0.083547 3.334891 0.365000
v -0.120244 3.299932 0.310000
v -0.190267 3.238478 0.310000
v -0.190267 3.238478 0.365000
v -0.120244 3.299932 0.365000
v -0.190267 3.238478 0.310000
v -0.046078 3.238478 0.310000
v -0.046078 3.238478 0.365000
v -0.190267 3.238478 0.365000
v 0.049589 3.465753 0.310000
v 0.023252 3.412200 0.310000
v 0.110622 3.427125 0.310000
v 0.049589 3.465753 0.365000
v 0.023252 3.412200 0.365000
v 0.110622 3.427125 0.365000
v 0.049589 3.465753 0.310000
v 0.110622 3.427125 0.310000
v 0.092116 3.498938 0.310000
v 0.049589 3.465753 0.365000
v 0.110622 3.427125 0.365000
v 0.092116 3.498938 0.365000
v 0.092116 3.498938 0.310000
v 0.110622 3.427125 0.310000
v 0.126161 3.445982 0.310000
v 0.092116 3.498938 0.365000
v 0.110622 3.427125 0.365000
v 0.126161 3.445982 0.365000
v 0.092116 3.498938 0.310000
v 0.126161 3.445982 0.310000
v 0.149461 3.510000 0.310000
v 0.092116 3.498938 0.365000
v 0.126161 3.445982 0.365000
v 0.149461 3.510000 0.365000
v 0.149461 3.510000 0.310000
v 0.126161 3.445982 0.310000
v 0.149461 3.452268 0.310000
v 0.149461 3.510000 0.365000
v 0.126161 3.445982 0.365000
v 0.149461 3.452268 0.365000
v 0.149461 3.510000 0.310000
v 0.149461 3.452268 0.310000
v 0.172779 3.445982 0.310000
v 0.149461 3.510000 0.365000
v 0.149461 3.452268 0.365000
v 0.172779 3.445982 0.365000
v 0.149461 3.510000 0.310000
v 0.172779 3.445982 0.310000
v 0.206649 3.498938 0.310000
v 0.149461 3.510000 0.365000
v 0.172779 3.445982 0.365000
v 0.206649 3.498938 0.365000
v 0.206649 3.498938 0.310000
v 0.172779 3.445982 0.310000
v 0.188230 3.427125 0.310000
v 0.206649 3.498938 0.365000
v 0.172779 3.445982 0.365000
v 0.188230 3.427125 0.365000
v 0.206649 3.498938 0.310000
v 0.188230 3.427125 0.310000
v 0.249122 3.465753 0.310000
v 0.206649 3.498938 0.365000
v 0.188230 3.427125 0.365000
v 0.249122 3.465753 0.365000
v 0.249122 3.465753 0.310000
v 0.188230 3.427125 0.310000
v 0.275460 3.412200 0.310000
v 0.249122 3.465753 0.365000
v 0.188230 3.427125 0.365000
v 0.275460 3.412200 0.365000
v 0.275460 3.412200 0.310000
v 0.188230 3.427125 0.310000
v 0.196869 3.392956 0.310000
v 0.275460 3.412200 0.365000
v 0.188230 3.427125 0.365000
v 0.196869 3.392956 0.365000
v 0.275460 3.412200 0.310000
v 0.196869 3.392956 0.310000
v 0.284239 3.339895 0.310000
v 0.275460 3.412200 0.365000
v 0.196869 3.392956 0.365000
v 0.284239 3.339895 0.365000
v 0.284239 3.339895 0.310000
v 0.196869 3.392956 0.310000
v 0.199748 3.340597 0.310000
v 0.284239 3.339895 0.365000
v 0.196869 3.392956 0.365000
v 0.199748 3.340597 0.365000
v 0.284239 3.339895 0.310000
v 0.199748 3.340597 0.310000
v 0.196834 3.287606 0.310000
v 0.284239 3.339895 0.365000
v 0.199748 3.340597 0.365000
v 0.196834 3.287606 0.365000
v 0.284239 3.339895 0.310000
v 0.196834 3.287606 0.310000
v 0.275460 3.267782 0.310000
v 0.284239 3.339895 0.365000
v 0.196834 3.287606 0.365000
v 0.275460 3.267782 0.365000
v 0.249122 3.214247 0.310000
v 0.275460 3.267782 0.310000
v 0.188089 3.252946 0.310000
v 0.249122 3.214247 0.365000
v 0.275460 3.267782 0.365000
v 0.188089 3.252946 0.365000
v 0.249122 3.214247 0.310000
v 0.188089 3.252946 0.310000
v 0.206649 3.181062 0.310000
v 0.249122 3.214247 0.365000
v 0.188089 3.252946 0.365000
v 0.206649 3.181062 0.365000
v 0.206649 3.181062 0.310000
v 0.188089 3.252946 0.310000
v 0.172638 3.233877 0.310000
v 0.206649 3.181062 0.365000
v 0.188089 3.252946 0.365000
v 0.172638 3.233877 0.365000
v 0.206649 3.181062 0.310000
v 0.172638 3.233877 0.310000
v 0.149461 3.170000 0.310000
v 0.206649 3.181062 0.365000
v 0.172638 3.233877 0.365000
v 0.149461 3.170000 0.365000
v 0.149461 3.170000 0.310000
v 0.172638 3.233877 0.310000
v 0.149461 3.227521 0.310000
v 0.149461 3.170000 0.365000
v 0.172638 3.233877 0.365000
v 0.149461 3.227521 0.365000
v 0.149461 3.170000 0.310000
v 0.149461 3.227521 0.310000
v 0.126161 3.233877 0.310000
v 0.149461 3.170000 0.365000
v 0.149461 3.227521 0.365000
v 0.126161 3.233877 0.365000
v 0.149461 3.170000 0.310000
v 0.126161 3.233877 0.310000
v 0.092116 3.181062 0.310000
v 0.149461 3.170000 0.365000
v 0.126161 3.233877 0.365000
v 0.092116 3.181062 0.365000
v 0.092116 3.181062 0.310000
v 0.126161 3.233877 0.310000
v 0.110622 3.252946 0.310000
v 0.092116 3.181062 0.365000
v 0.126161 3.233877 0.365000
v 0.110622 3.252946 0.365000
v 0.092116 3.181062 0.310000
v 0.110622 3.252946 0.310000
v 0.049589 3.214247 0.310000
v 0.092116 3.181062 0.365000
v 0.110622 3.252946 0.365000
v 0.049589 3.214247 0.365000
v 0.049589 3.214247 0.310000
v 0.110622 3.252946 0.310000
v 0.023252 3.267782 0.310000
v 0.049589 3.214247 0.365000
v 0.110622 3.252946 0.365000
v 0.023252 3.267782 0.365000
v 0.023252 3.267782 0.310000
v 0.110622 3.252946 0.310000
v 0.101878 3.287606 0.310000
v 0.023252 3.267782 0.365000
v 0.110622 3.252946 0.365000
v 0.101878 3.287606 0.365000
v 0.023252 3.267782 0.310000
v 0.101878 3.287606 0.310000
v 0.014472 3.339895 0.310000
v 0.023252 3.267782 0.365000
v 0.101878 3.287606 0.365000
v 0.014472 3.339895 0.365000
v 0.014472 3.339895 0.310000
v 0.101878 3.287606 0.310000
v 0.098963 3.340597 0.310000
v 0.014472 3.339895 0.365000
v 0.101878 3.287606 0.365000
v 0.098963 3.340597 0.365000
v 0.014472 3.339895 0.310000
v 0.098963 3.340597 0.310000
v 0.101878 3.392956 0.310000
v 0.014472 3.339895 0.365000
v 0.098963 3.340597 0.365000
v 0.101878 3.392956 0.365000
v 0.014472 3.339895 0.310000
v 0.101878 3.392956 0.310000
v 0.023252 3.412200 0.310000
v 0.014472 3.339895 0.365000
v 0.101878 3.392956 0.365000
v 0.023252 3.412200 0.365000
v 0.023252 3.412200 0.310000
v 0.101878 3.392956 0.310000
v 0.110622 3.427125 0.310000
v 0.023252 3.412200 0.365000
v 0.101878 3.392956 0.365000
v 0.110622 3.427125 0.365000
v 0.196834 3.287606 0.310000
v 0.188089 3.252946 0.310000
v 0.275460 3.267782 0.310000
v 0.196834 3.287606 0.365000
v 0.188089 3.252946 0.365000
v 0.275460 3.267782 0.365000
v 0.275460 3.267782 0.310000
v 0.249122 3.214247 0.310000
v 0.249122 3.214247 0.365000
v 0.275460 3.267782 0.365000
v 0.249122 3.214247 0.310000
v 0.206649 3.181062 0.310000
v 0.206649 3.181062 0.365000
v 0.249122 3.214247 0.365000
v 0.206649 3.181062 0.310000
v 0.149461 3.170000 0.310000
v 0.149461 3.170000 0.365000
v 0.206649 3.181062 0.365000
v 0.149461 3.170000 0.310000
v 0.092116 3.181062 0.310000
v 0.092116 3.181062 0.365000
v 0.149461 3.170000 0.365000
v 0.092116 3.181062 0.310000
v 0.049589 3.214247 0.310000
v 0.049589 3.214247 0.365000
v 0.092116 3.181062 0.365000
v 0.049589 3.214247 0.310000
v 0.023252 3.267782 0.310000
v 0.023252 3.267782 0.365000
v 0.049589 3.214247 0.365000
v 0.023252 3.267782 0.310000
v 0.014472 3.339895 0.310000
v 0.014472 3.339895 0.365000
v 0.023252 3.267782 0.365000
v 0.014472 3.339895 0.310000
v 0.023252 3.412200 0.310000
v 0.023252 3.412200 0.365000
v 0.014472 3.339895 0.365000
v 0.023252 3.412200 0.310000
v 0.049589 3.465753 0.310000
v 0.049589 3.465753 0.365000
v 0.023252 3.412200 0.365000
v 0.049589 3.465753 0.310000
v 0.092116 3.498938 0.310000
v 0.092116 3.498938 0.365000
v 0.049589 3.465753 0.365000
v 0.092116 3.498938 0.310000
v 0.149461 3.510000 0.310000
v 0.149461 3.510000 0.365000
v 0.092116 3.498938 0.365000
v 0.149461 3.510000 0.310000
v 0.206649 3.498938 0.310000
v 0.206649 3.498938 0.365000
v 0.149461 3.510000 0.365000
v 0.206649 3.498938 0.310000
v 0.249122 3.465753 0.310000
v 0.249122 3.465753 0.365000
v 0.206649 3.498938 0.365000
v 0.249122 3.465753 0.310000
v 0.275460 3.412200 0.310000
v 0.275460 3.412200 0.365000
v 0.249122 3.465753 0.365000
v 0.275460 3.412200 0.310000
v 0.284239 3.339895 0.310000
v 0.284239 3.339895 0.365000
v 0.275460 3.412200 0.365000
v 0.284239 3.339895 0.310000
v 0.275460 3.267782 0.310000
v 0.275460 3.267782 0.365000
v 0.284239 3.339895 0.365000
v 0.196869 3.392956 0.310000
v 0.188230 3.427125 0.310000
v 0.188230 3.427125 0.365000
v 0.196869 3.392956 0.365000
v 0.188230 3.427125 0.310000
v 0.172779 3.445982 0.310000
v 0.172779 3.445982 0.365000
v 0.188230 3.427125 0.365000
v 0.172779 3.445982 0.310000
v 0.149461 3.452268 0.310000
v 0.149461 3.452268 0.365000
v 0.172779 3.445982 0.365000
v 0.149461 3.452268 0.310000
v 0.126161 3.445982 0.310000
v 0.126161 3.445982 0.365000
v 0.149461 3.452268 0.365000
v 0.126161 3.445982 0.310000
v 0.110622 3.427125 0.310000
v 0.110622 3.427125 0.365000
v 0.126161 3.445982 0.365000
v 0.110622 3.427125 0.310000
v 0.101878 3.392956 0.310000
v 0.101878 3.392956 0.365000
v 0.110622 3.427125 0.365000
v 0.101878 3.392956 0.310000
v 0.098963 3.340597 0.310000
v 0.098963 3.340597 0.365000
v 0.101878 3.392956 0.365000
v 0.098963 3.340597 0.310000
v 0.101878 3.287606 0.310000
v 0.101878 3.287606 0.365000
v 0.098963 3.340597 0.365000
v 0.101878 3.287606 0.310000
v 0.110622 3.252946 0.310000
v 0.110622 3.252946 0.365000
v 0.101878 3.287606 0.365000
v 0.110622 3.252946 0.310000
v 0.126161 3.233877 0.310000
v 0.126161 3.233877 0.365000
v 0.110622 3.252946 0.365000
v 0.126161 3.233877 0.310000
v 0.149461 3.227521 0.310000
v 0.149461 3.227521 0.365000
v 0.126161 3.233877 0.365000
v 0.149461 3.227521 0.310000
v 0.172638 3.233877 0.310000
v 0.172638 3.233877 0.365000
v 0.149461 3.227521 0.365000
v 0.172638 3.233877 0.310000
v 0.188089 3.252946 0.310000
v 0.188089 3.252946 0.365000
v 0.172638 3.233877 0.365000
v 0.188089 3.252946 0.310000
v 0.196834 3.287606 0.310000
v 0.196834 3.287606 0.365000
v 0.188089 3.252946 0.365000
v 0.196834 3.287606 0.310000
v 0.199748 3.340597 0.310000
v 0.199748 3.340597 0.365000
v 0.196834 3.287606 0.365000
v 0.199748 3.340597 0.310000
v 0.196869 3.392956 0.310000
v 0.196869 3.392956 0.365000
v 0.199748 3.340597 0.365000
v 0.965548 3.359668 0.310000
v 0.947107 3.302910 0.310000
v 1.027780 3.293937 0.310000
v 0.965548 3.359668 0.365000
v 0.947107 3.302910 0.365000
v 1.027780 3.293937 0.365000
v 0.965548 3.359668 0.310000
v 1.027780 3.293937 0.310000
v 1.045737 3.350852 0.310000
v 0.965548 3.359668 0.365000
v 1.027780 3.293937 0.365000
v 1.045737 3.350852 0.365000
v 1.045737 3.350852 0.310000
v 1.027780 3.293937 0.310000
v 1.125018 3.325092 0.310000
v 1.045737 3.350852 0.365000
v 1.027780 3.293937 0.365000
v 1.125018 3.325092 0.365000
v 1.125018 3.325092 0.310000
v 1.027780 3.293937 0.310000
v 1.038664 3.059322 0.310000
v 1.125018 3.325092 0.365000
v 1.027780 3.293937 0.365000
v 1.038664 3.059322 0.365000
v 1.112331 3.035386 0.310000
v 1.038664 3.059322 0.310000
v 1.093619 2.977797 0.310000
v 1.112331 3.035386 0.365000
v 1.038664 3.059322 0.365000
v 1.093619 2.977797 0.365000
v 1.093619 2.977797 0.310000
v 1.038664 3.059322 0.310000
v 0.867489 3.051271 0.310000
v 1.093619 2.977797 0.365000
v 1.038664 3.059322 0.365000
v 0.867489 3.051271 0.365000
v 0.867489 3.051271 0.310000
v 1.038664 3.059322 0.310000
v 0.959868 3.084924 0.310000
v 0.867489 3.051271 0.365000
v 1.038664 3.059322 0.365000
v 0.959868 3.084924 0.365000
v 0.867489 3.051271 0.310000
v 0.959868 3.084924 0.310000
v 0.886201 3.108860 0.310000
v 0.867489 3.051271 0.365000
v 0.959868 3.084924 0.365000
v 0.886201 3.108860 0.365000
v 1.027780 3.293937 0.310000
v 0.959868 3.084924 0.310000
v 1.038664 3.059322 0.310000
v 1.027780 3.293937 0.365000
v 0.959868 3.084924 0.365000
v 1.038664 3.059322 0.365000
v 0.886201 3.108860 0.310000
v 0.959868 3.084924 0.310000
v 0.959868 3.084924 0.365000
v 0.886201 3.108860 0.365000
v 0.959868 3.084924 0.310000
v 1.027780 3.293937 0.310000
v 1.027780 3.293937 0.365000
v 0.959868 3.084924 0.365000
v 1.027780 3.293937 0.310000
v 0.947107 3.302910 0.310000
v 0.947107 3.302910 0.365000
v 1.027780 3.293937 0.365000
v 0.947107 3.302910 0.310000
v 0.965548 3.359668 0.310000
v 0.965548 3.359668 0.365000
v 0.947107 3.302910 0.365000
v 0.965548 3.359668 0.310000
v 1.045737 3.350852 0.310000
v 1.045737 3.350852 0.365000
v 0.965548 3.359668 0.365000
v 1.045737 3.350852 0.310000
v 1.125018 3.325092 0.310000
v 1.125018 3.325092 0.365000
v 1.045737 3.350852 0.365000
v 1.125018 3.325092 0.310000
v 1.038664 3.059322 0.310000
v 1.038664 3.059322 0.365000
v 1.125018 3.325092 0.365000
v 1.038664 3.059322 0.310000
v 1.112331 3.035386 0.310000
v 1.112331 3.035386 0.365000
v 1.038664 3.059322 0.365000
v 1.112331 3.035386 0.310000
v 1.093619 2.977797 0.310000
v 1.093619 2.977797 0.365000
v 1.112331 3.035386 0.365000
v 1.093619 2.977797 0.310000
v 0.867489 3.051271 0.310000
v 0.867489 3.051271 0.365000
v 1.093619 2.977797 0.365000
v 0.867489 3.051271 0.310000
v 0.886201 3.108860 0.310000
v 0.886201 3.108860 0.365000
v 0.867489 3.051271 0.365000
v 1.829138 2.982827 0.310000
v 1.795328 2.936291 0.310000
v 1.866607 2.904037 0.310000
v 1.829138 2.982827 0.365000
v 1.795328 2.936291 0.365000
v 1.866607 2.904037 0.365000
v 1.829138 2.982827 0.310000
v 1.866607 2.904037 0.310000
v 1.900019 2.950862 0.310000
v 1.829138 2.982827 0.365000
v 1.866607 2.904037 0.365000
v 1.900019 2.950862 0.365000
v 1.900019 2.950862 0.310000
v 1.866607 2.904037 0.310000
v 1.965021 2.903635 0.310000
v 1.900019 2.950862 0.365000
v 1.866607 2.904037 0.365000
v 1.965021 2.903635 0.365000
v 1.965021 2.903635 0.310000
v 1.866607 2.904037 0.310000
v 1.806704 2.685730 0.310000
v 1.965021 2.903635 0.365000
v 1.866607 2.904037 0.365000
v 1.806704 2.685730 0.365000
v 1.867104 2.641847 0.310000
v 1.806704 2.685730 0.310000
v 1.832798 2.594630 0.310000
v 1.867104 2.641847 0.365000
v 1.806704 2.685730 0.365000
v 1.832798 2.594630 0.365000
v 1.832798 2.594630 0.310000
v 1.806704 2.685730 0.310000
v 1.647395 2.729333 0.310000
v 1.832798 2.594630 0.365000
v 1.806704 2.685730 0.365000
v 1.647395 2.729333 0.365000
v 1.647395 2.729333 0.310000
v 1.806704 2.685730 0.310000
v 1.742100 2.732668 0.310000
v 1.647395 2.729333 0.365000
v 1.806704 2.685730 0.365000
v 1.742100 2.732668 0.365000
v 1.647395 2.729333 0.310000
v 1.742100 2.732668 0.310000
v 1.681700 2.776551 0.310000
v 1.647395 2.729333 0.365000
v 1.742100 2.732668 0.365000
v 1.681700 2.776551 0.365000
v 1.866607 2.904037 0.310000
v 1.742100 2.732668 0.310000
v 1.806704 2.685730 0.310000
v 1.866607 2.904037 0.365000
v 1.742100 2.732668 0.365000
v 1.806704 2.685730 0.365000
v 1.866607 2.904037 0.310000
v 1.795328 2.936291 0.310000
v 1.795328 2.936291 0.365000
v 1.866607 2.904037 0.365000
v 1.795328 2.936291 0.310000
v 1.829138 2.982827 0.310000
v 1.829138 2.982827 0.365000
v 1.795328 2.936291 0.365000
v 1.829138 2.982827 0.310000
v 1.900019 2.950862 0.310000
v 1.900019 2.950862 0.365000
v 1.829138 2.982827 0.365000
v 1.900019 2.950862 0.310000
v 1.965021 2.903635 0.310000
v 1.965021 2.903635 0.365000
v 1.900019 2.950862 0.365000
v 1.965021 2.903635 0.310000
v 1.806704 2.685730 0.310000
v 1.806704 2.685730 0.365000
v 1.965021 2.903635 0.365000
v 1.806704 2.685730 0.310000
v 1.867104 2.641847 0.310000
v 1.867104 2.641847 0.365000
v 1.806704 2.685730 0.365000
v 1.867104 2.641847 0.310000
v 1.832798 2.594630 0.310000
v 1.832798 2.594630 0.365000
v 1.867104 2.641847 0.365000
v 1.832798 2.594630 0.310000
v 1.647395 2.729333 0.310000
v 1.647395 2.729333 0.365000
v 1.832798 2.594630 0.365000
v 1.647395 2.729333 0.310000
v 1.681700 2.776551 0.310000
v 1.681700 2.776551 0.365000
v 1.647395 2.729333 0.365000
v 1.681700 2.776551 0.310000
v 1.742100 2.732668 0.310000
v 1.742100 2.732668 0.365000
v 1.681700 2.776551 0.365000
v 1.742100 2.732668 0.310000
v 1.866607 2.904037 0.310000
v 1.866607 2.904037 0.365000
v 1.742100 2.732668 0.365000
v 2.094169 2.790184 0.310000
v 2.059762 2.782258 0.310000
v 2.103888 2.715647 0.310000
v 2.094169 2.790184 0.365000
v 2.059762 2.782258 0.365000
v 2.103888 2.715647 0.365000
v 2.094169 2.790184 0.310000
v 2.103888 2.715647 0.310000
v 2.117975 2.721147 0.310000
v 2.094169 2.790184 0.365000
v 2.103888 2.715647 0.365000
v 2.117975 2.721147 0.365000
v 2.094169 2.790184 0.310000
v 2.117975 2.721147 0.310000
v 2.134677 2.780937 0.310000
v 2.094169 2.790184 0.365000
v 2.117975 2.721147 0.365000
v 2.134677 2.780937 0.365000
v 2.134677 2.780937 0.310000
v 2.117975 2.721147 0.310000
v 2.133302 2.719778 0.310000
v 2.134677 2.780937 0.365000
v 2.117975 2.721147 0.365000
v 2.133302 2.719778 0.365000
v 2.134677 2.780937 0.310000
v 2.133302 2.719778 0.310000
v 2.180492 2.754379 0.310000
v 2.134677 2.780937 0.365000
v 2.133302 2.719778 0.365000
v 2.180492 2.754379 0.365000
v 2.180492 2.754379 0.310000
v 2.133302 2.719778 0.310000
v 2.149282 2.711423 0.310000
v 2.180492 2.754379 0.365000
v 2.133302 2.719778 0.365000
v 2.149282 2.711423 0.365000
v 2.180492 2.754379 0.310000
v 2.149282 2.711423 0.310000
v 2.161893 2.699027 0.310000
v 2.180492 2.754379 0.365000
v 2.149282 2.711423 0.365000
v 2.161893 2.699027 0.365000
v 2.180492 2.754379 0.310000
v 2.161893 2.699027 0.310000
v 2.219658 2.719238 0.310000
v 2.180492 2.754379 0.365000
v 2.161893 2.699027 0.365000
v 2.219658 2.719238 0.365000
v 2.219658 2.719238 0.310000
v 2.161893 2.699027 0.310000
v 2.167791 2.685040 0.310000
v 2.219658 2.719238 0.365000
v 2.161893 2.699027 0.365000
v 2.167791 2.685040 0.365000
v 2.219658 2.719238 0.310000
v 2.167791 2.685040 0.310000
v 2.240904 2.683748 0.310000
v 2.219658 2.719238 0.365000
v 2.167791 2.685040 0.365000
v 2.240904 2.683748 0.365000
v 2.240904 2.683748 0.310000
v 2.167791 2.685040 0.310000
v 2.166902 2.670016 0.310000
v 2.240904 2.683748 0.365000
v 2.167791 2.685040 0.365000
v 2.166902 2.670016 0.365000
v 2.240904 2.683748 0.310000
v 2.166902 2.670016 0.310000
v 2.244041 2.648545 0.310000
v 2.240904 2.683748 0.365000
v 2.166902 2.670016 0.365000
v 2.244041 2.648545 0.365000
v 2.244041 2.648545 0.310000
v 2.166902 2.670016 0.310000
v 2.228766 2.614348 0.310000
v 2.244041 2.648545 0.365000
v 2.166902 2.670016 0.365000
v 2.228766 2.614348 0.365000
v 2.228766 2.614348 0.310000
v 2.166902 2.670016 0.310000
v 2.158955 2.654477 0.310000
v 2.228766 2.614348 0.365000
v 2.166902 2.670016 0.365000
v 2.158955 2.654477 0.365000
v 2.228766 2.614348 0.310000
v 2.158955 2.654477 0.310000
v 2.210647 2.595891 0.310000
v 2.228766 2.614348 0.365000
v 2.158955 2.654477 0.365000
v 2.210647 2.595891 0.365000
v 2.142472 2.483624 0.310000
v 2.156011 2.509489 0.310000
v 2.080427 2.534085 0.310000
v 2.142472 2.483624 0.365000
v 2.156011 2.509489 0.365000
v 2.080427 2.534085 0.365000
v 2.142472 2.483624 0.310000
v 2.080427 2.534085 0.310000
v 2.065359 2.518663 0.310000
v 2.142472 2.483624 0.365000
v 2.080427 2.534085 0.365000
v 2.065359 2.518663 0.365000
v 2.142472 2.483624 0.310000
v 2.065359 2.518663 0.310000
v 2.110772 2.453765 0.310000
v 2.142472 2.483624 0.365000
v 2.065359 2.518663 0.365000
v 2.110772 2.453765 0.365000
v 2.072973 2.443051 0.310000
v 2.110772 2.453765 0.310000
v 2.065359 2.518663 0.310000
v 2.072973 2.443051 0.365000
v 2.110772 2.453765 0.365000
v 2.065359 2.518663 0.365000
v 2.072973 2.443051 0.310000
v 2.065359 2.518663 0.310000
v 2.048557 2.511489 0.310000
v 2.072973 2.443051 0.365000
v 2.065359 2.518663 0.365000
v 2.048557 2.511489 0.365000
v 2.072973 2.443051 0.310000
v 2.048557 2.511489 0.310000
v 2.029466 2.451547 0.310000
v 2.072973 2.443051 0.365000
v 2.048557 2.511489 0.365000
v 2.029466 2.451547 0.365000
v 2.029466 2.451547 0.310000
v 2.048557 2.511489 0.310000
v 2.030578 2.512702 0.310000
v 2.029466 2.451547 0.365000
v 2.048557 2.511489 0.365000
v 2.030578 2.512702 0.365000
v 2.029466 2.451547 0.310000
v 2.030578 2.512702 0.310000
v 1.980645 2.479313 0.310000
v 2.029466 2.451547 0.365000
v 2.030578 2.512702 0.365000
v 1.980645 2.479313 0.365000
v 1.980645 2.479313 0.310000
v 2.030578 2.512702 0.310000
v 2.011895 2.522326 0.310000
v 1.980645 2.479313 0.365000
v 2.030578 2.512702 0.365000
v 2.011895 2.522326 0.365000
v 1.980645 2.479313 0.310000
v 2.011895 2.522326 0.310000
v 1.996827 2.537223 0.310000
v 1.980645 2.479313 0.365000
v 2.011895 2.522326 0.365000
v 1.996827 2.537223 0.365000
v 1.980645 2.479313 0.310000
v 1.996827 2.537223 0.310000
v 1.938980 2.517289 0.310000
v 1.980645 2.479313 0.365000
v 1.996827 2.537223 0.365000
v 1.938980 2.517289 0.365000
v 1.938980 2.517289 0.310000
v 1.996827 2.537223 0.310000
v 1.989919 2.554092 0.310000
v 1.938980 2.517289 0.365000
v 1.996827 2.537223 0.365000
v 1.989919 2.554092 0.365000
v 1.938980 2.517289 0.310000
v 1.989919 2.554092 0.310000
v 1.917286 2.556165 0.310000
v 1.938980 2.517289 0.365000
v 1.989919 2.554092 0.365000
v 1.917286 2.556165 0.365000
v 1.917286 2.556165 0.310000
v 1.989919 2.554092 0.310000
v 1.991422 2.572382 0.310000
v 1.917286 2.556165 0.365000
v 1.989919 2.554092 0.365000
v 1.991422 2.572382 0.365000
v 1.917286 2.556165 0.310000
v 1.991422 2.572382 0.310000
v 1.915666 2.595517 0.310000
v 1.917286 2.556165 0.365000
v 1.991422 2.572382 0.365000
v 1.915666 2.595517 0.365000
v 1.915666 2.595517 0.310000
v 1.991422 2.572382 0.310000
v 1.934226 2.634924 0.310000
v 1.915666 2.595517 0.365000
v 1.991422 2.572382 0.365000
v 1.934226 2.634924 0.365000
v 1.934226 2.634924 0.310000
v 1.991422 2.572382 0.310000
v 2.001390 2.591509 0.310000
v 1.934226 2.634924 0.365000
v 1.991422 2.572382 0.365000
v 2.001390 2.591509 0.365000
v 1.934226 2.634924 0.310000
v 2.001390 2.591509 0.310000
v 1.954641 2.655793 0.310000
v 1.934226 2.634924 0.365000
v 2.001390 2.591509 0.365000
v 1.954641 2.655793 0.365000
v 2.032055 2.757267 0.310000
v 2.020073 2.734351 0.310000
v 2.091623 2.703397 0.310000
v 2.032055 2.757267 0.365000
v 2.020073 2.734351 0.365000
v 2.091623 2.703397 0.365000
v 2.032055 2.757267 0.310000
v 2.091623 2.703397 0.310000
v 2.103888 2.715647 0.310000
v 2.032055 2.757267 0.365000
v 2.091623 2.703397 0.365000
v 2.103888 2.715647 0.365000
v 2.032055 2.757267 0.310000
v 2.103888 2.715647 0.310000
v 2.059762 2.782258 0.310000
v 2.032055 2.757267 0.365000
v 2.103888 2.715647 0.365000
v 2.059762 2.782258 0.365000
v 2.158955 2.654477 0.310000
v 2.146612 2.642089 0.310000
v 2.189066 2.585634 0.310000
v 2.158955 2.654477 0.365000
v 2.146612 2.642089 0.365000
v 2.189066 2.585634 0.365000
v 2.158955 2.654477 0.310000
v 2.189066 2.585634 0.310000
v 2.210647 2.595891 0.310000
v 2.158955 2.654477 0.365000
v 2.189066 2.585634 0.365000
v 2.210647 2.595891 0.365000
v 2.156011 2.509489 0.310000
v 2.159477 2.535946 0.310000
v 2.090531 2.553309 0.310000
v 2.156011 2.509489 0.365000
v 2.159477 2.535946 0.365000
v 2.090531 2.553309 0.365000
v 2.156011 2.509489 0.310000
v 2.090531 2.553309 0.310000
v 2.080427 2.534085 0.310000
v 2.156011 2.509489 0.365000
v 2.090531 2.553309 0.365000
v 2.080427 2.534085 0.365000
v 2.001390 2.591509 0.310000
v 2.016511 2.606914 0.310000
v 1.954641 2.655793 0.310000
v 2.001390 2.591509 0.365000
v 2.016511 2.606914 0.365000
v 1.954641 2.655793 0.365000
v 1.954641 2.655793 0.310000
v 2.016511 2.606914 0.310000
v 1.978732 2.667264 0.310000
v 1.954641 2.655793 0.365000
v 2.016511 2.606914 0.365000
v 1.978732 2.667264 0.365000
v 2.020073 2.734351 0.310000
v 2.016902 2.710719 0.310000
v 2.091623 2.703397 0.310000
v 2.020073 2.734351 0.365000
v 2.016902 2.710719 0.365000
v 2.091623 2.703397 0.365000
v 2.091623 2.703397 0.310000
v 2.016902 2.710719 0.310000
v 2.083670 2.687819 0.310000
v 2.091623 2.703397 0.365000
v 2.016902 2.710719 0.365000
v 2.083670 2.687819 0.365000
v 2.101684 2.645909 0.310000
v 2.088800 2.658526 0.310000
v 2.070598 2.603124 0.310000
v 2.101684 2.645909 0.365000
v 2.088800 2.658526 0.365000
v 2.070598 2.603124 0.365000
v 2.101684 2.645909 0.310000
v 2.070598 2.603124 0.310000
v 2.117380 2.637761 0.310000
v 2.101684 2.645909 0.365000
v 2.070598 2.603124 0.365000
v 2.117380 2.637761 0.365000
v 2.117380 2.637761 0.310000
v 2.070598 2.603124 0.310000
v 2.085514 2.588315 0.310000
v 2.117380 2.637761 0.365000
v 2.070598 2.603124 0.365000
v 2.085514 2.588315 0.365000
v 2.117380 2.637761 0.310000
v 2.085514 2.588315 0.310000
v 2.136323 2.589750 0.310000
v 2.117380 2.637761 0.365000
v 2.085514 2.588315 0.365000
v 2.136323 2.589750 0.365000
v 2.117380 2.637761 0.310000
v 2.136323 2.589750 0.310000
v 2.132536 2.636516 0.310000
v 2.117380 2.637761 0.365000
v 2.136323 2.589750 0.365000
v 2.132536 2.636516 0.365000
v 2.146612 2.642089 0.310000
v 2.132536 2.636516 0.310000
v 2.136323 2.589750 0.310000
v 2.146612 2.642089 0.365000
v 2.132536 2.636516 0.365000
v 2.136323 2.589750 0.365000
v 2.146612 2.642089 0.310000
v 2.136323 2.589750 0.310000
v 2.164246 2.583614 0.310000
v 2.146612 2.642089 0.365000
v 2.136323 2.589750 0.365000
v 2.164246 2.583614 0.365000
v 2.146612 2.642089 0.310000
v 2.164246 2.583614 0.310000
v 2.189066 2.585634 0.310000
v 2.146612 2.642089 0.365000
v 2.164246 2.583614 0.365000
v 2.189066 2.585634 0.365000
v 2.159477 2.535946 0.310000
v 2.152902 2.562773 0.310000
v 2.090531 2.553309 0.310000
v 2.159477 2.535946 0.365000
v 2.152902 2.562773 0.365000
v 2.090531 2.553309 0.365000
v 2.090531 2.553309 0.310000
v 2.152902 2.562773 0.310000
v 2.092192 2.571548 0.310000
v 2.090531 2.553309 0.365000
v 2.152902 2.562773 0.365000
v 2.092192 2.571548 0.365000
v 2.085514 2.588315 0.310000
v 2.092192 2.571548 0.310000
v 2.136323 2.589750 0.310000
v 2.085514 2.588315 0.365000
v 2.092192 2.571548 0.365000
v 2.136323 2.589750 0.365000
v 2.136323 2.589750 0.310000
v 2.092192 2.571548 0.310000
v 2.152902 2.562773 0.310000
v 2.136323 2.589750 0.365000
v 2.092192 2.571548 0.365000
v 2.152902 2.562773 0.365000
v 2.070598 2.603124 0.310000
v 2.088800 2.658526 0.310000
v 2.051743 2.612808 0.310000
v 2.070598 2.603124 0.365000
v 2.088800 2.658526 0.365000
v 2.051743 2.612808 0.365000
v 2.016511 2.606914 0.310000
v 2.033472 2.614038 0.310000
v 2.006278 2.669302 0.310000
v 2.016511 2.606914 0.365000
v 2.033472 2.614038 0.365000
v 2.006278 2.669302 0.365000
v 2.016511 2.606914 0.310000
v 2.006278 2.669302 0.310000
v 1.978732 2.667264 0.310000
v 2.016511 2.606914 0.365000
v 2.006278 2.669302 0.365000
v 1.978732 2.667264 0.365000
v 2.016902 2.710719 0.310000
v 2.022608 2.686520 0.310000
v 2.083670 2.687819 0.310000
v 2.016902 2.710719 0.365000
v 2.022608 2.686520 0.365000
v 2.083670 2.687819 0.365000
v 2.083670 2.687819 0.310000
v 2.022608 2.686520 0.310000
v 2.037058 2.661870 0.310000
v 2.083670 2.687819 0.365000
v 2.022608 2.686520 0.365000
v 2.037058 2.661870 0.365000
v 2.083670 2.687819 0.310000
v 2.037058 2.661870 0.310000
v 2.082762 2.672679 0.310000
v 2.083670 2.687819 0.365000
v 2.037058 2.661870 0.365000
v 2.082762 2.672679 0.365000
v 2.088800 2.658526 0.310000
v 2.082762 2.672679 0.310000
v 2.037058 2.661870 0.310000
v 2.088800 2.658526 0.365000
v 2.082762 2.672679 0.365000
v 2.037058 2.661870 0.365000
v 2.088800 2.658526 0.310000
v 2.037058 2.661870 0.310000
v 2.051743 2.612808 0.310000
v 2.088800 2.658526 0.365000
v 2.037058 2.661870 0.365000
v 2.051743 2.612808 0.365000
v 2.051743 2.612808 0.310000
v 2.037058 2.661870 0.310000
v 2.033472 2.614038 0.310000
v 2.051743 2.612808 0.365000
v 2.037058 2.661870 0.365000
v 2.033472 2.614038 0.365000
v 2.033472 2.614038 0.310000
v 2.037058 2.661870 0.310000
v 2.006278 2.669302 0.310000
v 2.033472 2.614038 0.365000
v 2.037058 2.661870 0.365000
v 2.006278 2.669302 0.365000
v 2.016902 2.710719 0.310000
v 2.020073 2.734351 0.310000
v 2.020073 2.734351 0.365000
v 2.016902 2.710719 0.365000
v 2.020073 2.734351 0.310000
v 2.032055 2.757267 0.310000
v 2.032055 2.757267 0.365000
v 2.020073 2.734351 0.365000
v 2.032055 2.757267 0.310000
v 2.059762 2.782258 0.310000
v 2.059762 2.782258 0.365000
v 2.032055 2.757267 0.365000
v 2.059762 2.782258 0.310000
v 2.094169 2.790184 0.310000
v 2.094169 2.790184 0.365000
v 2.059762 2.782258 0.365000
v 2.094169 2.790184 0.310000
v 2.134677 2.780937 0.310000
v 2.134677 2.780937 0.365000
v 2.094169 2.790184 0.365000
v 2.134677 2.780937 0.310000
v 2.180492 2.754379 0.310000
v 2.180492 2.754379 0.365000
v 2.134677 2.780937 0.365000
v 2.180492 2.754379 0.310000
v 2.219658 2.719238 0.310000
v 2.219658 2.719238 0.365000
v 2.180492 2.754379 0.365000
v 2.219658 2.719238 0.310000
v 2.240904 2.683748 0.310000
v 2.240904 2.683748 0.365000
v 2.219658 2.719238 0.365000
v 2.240904 2.683748 0.310000
v 2.244041 2.648545 0.310000
v 2.244041 2.648545 0.365000
v 2.240904 2.683748 0.365000
v 2.244041 2.648545 0.310000
v 2.228766 2.614348 0.310000
v 2.228766 2.614348 0.365000
v 2.244041 2.648545 0.365000
v 2.228766 2.614348 0.310000
v 2.210647 2.595891 0.310000
v 2.210647 2.595891 0.365000
v 2.228766 2.614348 0.365000
v 2.210647 2.595891 0.310000
v 2.189066 2.585634 0.310000
v 2.189066 2.585634 0.365000
v 2.210647 2.595891 0.365000
v 2.189066 2.585634 0.310000
v 2.164246 2.583614 0.310000
v 2.164246 2.583614 0.365000
v 2.189066 2.585634 0.365000
v 2.164246 2.583614 0.310000
v 2.136323 2.589750 0.310000
v 2.136323 2.589750 0.365000
v 2.164246 2.583614 0.365000
v 2.136323 2.589750 0.310000
v 2.152902 2.562773 0.310000
v 2.152902 2.562773 0.365000
v 2.136323 2.589750 0.365000
v 2.152902 2.562773 0.310000
v 2.159477 2.535946 0.310000
v 2.159477 2.535946 0.365000
v 2.152902 2.562773 0.365000
v 2.159477 2.535946 0.310000
v 2.156011 2.509489 0.310000
v 2.156011 2.509489 0.365000
v 2.159477 2.535946 0.365000
v 2.156011 2.509489 0.310000
v 2.142472 2.483624 0.310000
v 2.142472 2.483624 0.365000
v 2.156011 2.509489 0.365000
v 2.142472 2.483624 0.310000
v 2.110772 2.453765 0.310000
v 2.110772 2.453765 0.365000
v 2.142472 2.483624 0.365000
v 2.110772 2.453765 0.310000
v 2.072973 2.443051 0.310000
v 2.072973 2.443051 0.365000
v 2.110772 2.453765 0.365000
v 2.072973 2.443051 0.310000
v 2.029466 2.451547 0.310000
v 2.029466 2.451547 0.365000
v 2.072973 2.443051 0.365000
v 2.029466 2.451547 0.310000
v 1.980645 2.479313 0.310000
v 1.980645 2.479313 0.365000
v 2.029466 2.451547 0.365000
v 1.980645 2.479313 0.310000
v 1.938980 2.517289 0.310000
v 1.938980 2.517289 0.365000
v 1.980645 2.479313 0.365000
v 1.938980 2.517289 0.310000
v 1.917286 2.556165 0.310000
v 1.917286 2.556165 0.365000
v 1.938980 2.517289 0.365000
v 1.917286 2.556165 0.310000
v 1.915666 2.595517 0.310000
v 1.915666 2.595517 0.365000
v 1.917286 2.556165 0.365000
v 1.915666 2.595517 0.310000
v 1.934226 2.634924 0.310000
v 1.934226 2.634924 0.365000
v 1.915666 2.595517 0.365000
v 1.934226 2.634924 0.310000
v 1.954641 2.655793 0.310000
v 1.954641 2.655793 0.365000
v 1.934226 2.634924 0.365000
v 1.954641 2.655793 0.310000
v 1.978732 2.667264 0.310000
v 1.978732 2.667264 0.365000
v 1.954641 2.655793 0.365000
v 1.978732 2.667264 0.310000
v 2.006278 2.669302 0.310000
v 2.006278 2.669302 0.365000
v 1.978732 2.667264 0.365000
v 2.006278 2.669302 0.310000
v 2.037058 2.661870 0.310000
v 2.037058 2.661870 0.365000
v 2.006278 2.669302 0.365000
v 2.037058 2.661870 0.310000
v 2.022608 2.686520 0.310000
v 2.022608 2.686520 0.365000
v 2.037058 2.661870 0.365000
v 2.022608 2.686520 0.310000
v 2.016902 2.710719 0.310000
v 2.016902 2.710719 0.365000
v 2.022608 2.686520 0.365000
v 2.033472 2.614038 0.310000
v 2.016511 2.606914 0.310000
v 2.016511 2.606914 0.365000
v 2.033472 2.614038 0.365000
v 2.016511 2.606914 0.310000
v 2.001390 2.591509 0.310000
v 2.001390 2.591509 0.365000
v 2.016511 2.606914 0.365000
v 2.001390 2.591509 0.310000
v 1.991422 2.572382 0.310000
v 1.991422 2.572382 0.365000
v 2.001390 2.591509 0.365000
v 1.991422 2.572382 0.310000
v 1.989919 2.554092 0.310000
v 1.989919 2.554092 0.365000
v 1.991422 2.572382 0.365000
v 1.989919 2.554092 0.310000
v 1.996827 2.537223 0.310000
v 1.996827 2.537223 0.365000
v 1.989919 2.554092 0.365000
v 1.996827 2.537223 0.310000
v 2.011895 2.522326 0.310000
v 2.011895 2.522326 0.365000
v 1.996827 2.537223 0.365000
v 2.011895 2.522326 0.310000
v 2.030578 2.512702 0.310000
v 2.030578 2.512702 0.365000
v 2.011895 2.522326 0.365000
v 2.030578 2.512702 0.310000
v 2.048557 2.511489 0.310000
v 2.048557 2.511489 0.365000
v 2.030578 2.512702 0.365000
v 2.048557 2.511489 0.310000
v 2.065359 2.518663 0.310000
v 2.065359 2.518663 0.365000
v 2.048557 2.511489 0.365000
v 2.065359 2.518663 0.310000
v 2.080427 2.534085 0.310000
v 2.080427 2.534085 0.365000
v 2.065359 2.518663 0.365000
v 2.080427 2.534085 0.310000
v 2.090531 2.553309 0.310000
v 2.090531 2.553309 0.365000
v 2.080427 2.534085 0.365000
v 2.090531 2.553309 0.310000
v 2.092192 2.571548 0.310000
v 2.092192 2.571548 0.365000
v 2.090531 2.553309 0.365000
v 2.092192 2.571548 0.310000
v 2.085514 2.588315 0.310000
v 2.085514 2.588315 0.365000
v 2.092192 2.571548 0.365000
v 2.085514 2.588315 0.310000
v 2.070598 2.603124 0.310000
v 2.070598 2.603124 0.365000
v 2.085514 2.588315 0.365000
v 2.070598 2.603124 0.310000
v 2.051743 2.612808 0.310000
v 2.051743 2.612808 0.365000
v 2.070598 2.603124 0.365000
v 2.051743 2.612808 0.310000
v 2.033472 2.614038 0.310000
v 2.033472 2.614038 0.365000
v 2.051743 2.612808 0.365000
v 2.083670 2.687819 0.310000
v 2.082762 2.672679 0.310000
v 2.082762 2.672679 0.365000
v 2.083670 2.687819 0.365000
v 2.082762 2.672679 0.310000
v 2.088800 2.658526 0.310000
v 2.088800 2.658526 0.365000
v 2.082762 2.672679 0.365000
v 2.088800 2.658526 0.310000
v 2.101684 2.645909 0.310000
v 2.101684 2.645909 0.365000
v 2.088800 2.658526 0.365000
v 2.101684 2.645909 0.310000
v 2.117380 2.637761 0.310000
v 2.117380 2.637761 0.365000
v 2.101684 2.645909 0.365000
v 2.117380 2.637761 0.310000
v 2.132536 2.636516 0.310000
v 2.132536 2.636516 0.365000
v 2.117380 2.637761 0.365000
v 2.132536 2.636516 0.310000
v 2.146612 2.642089 0.310000
v 2.146612 2.642089 0.365000
v 2.132536 2.636516 0.365000
v 2.146612 2.642089 0.310000
v 2.158955 2.654477 0.310000
v 2.158955 2.654477 0.365000
v 2.146612 2.642089 0.365000
v 2.158955 2.654477 0.310000
v 2.166902 2.670016 0.310000
v 2.166902 2.670016 0.365000
v 2.158955 2.654477 0.365000
v 2.166902 2.670016 0.310000
v 2.167791 2.685040 0.310000
v 2.167791 2.685040 0.365000
v 2.166902 2.670016 0.365000
v 2.167791 2.685040 0.310000
v 2.161893 2.699027 0.310000
v 2.161893 2.699027 0.365000
v 2.167791 2.685040 0.365000
v 2.161893 2.699027 0.310000
v 2.149282 2.711423 0.310000
v 2.149282 2.711423 0.365000
v 2.161893 2.699027 0.365000
v 2.149282 2.711423 0.310000
v 2.133302 2.719778 0.310000
v 2.133302 2.719778 0.365000
v 2.149282 2.711423 0.365000
v 2.133302 2.719778 0.310000
v 2.117975 2.721147 0.310000
v 2.117975 2.721147 0.365000
v 2.133302 2.719778 0.365000
v 2.117975 2.721147 0.310000
v 2.103888 2.715647 0.310000
v 2.103888 2.715647 0.365000
v 2.117975 2.721147 0.365000
v 2.103888 2.715647 0.310000
v 2.091623 2.703397 0.310000
v 2.091623 2.703397 0.365000
v 2.103888 2.715647 0.365000
v 2.091623 2.703397 0.310000
v 2.083670 2.687819 0.310000
v 2.083670 2.687819 0.365000
v 2.091623 2.703397 0.365000
v 2.836759 2.067105 0.310000
v 2.592572 2.057943 0.310000
v 2.786904 2.012870 0.310000
v 2.836759 2.067105 0.365000
v 2.592572 2.057943 0.365000
v 2.786904 2.012870 0.365000
v 2.836759 2.067105 0.310000
v 2.786904 2.012870 0.310000
v 2.894066 1.988229 0.310000
v 2.836759 2.067105 0.365000
v 2.786904 2.012870 0.365000
v 2.894066 1.988229 0.365000
v 2.894066 1.988229 0.310000
v 2.786904 2.012870 0.310000
v 2.720514 1.862136 0.310000
v 2.894066 1.988229 0.365000
v 2.786904 2.012870 0.365000
v 2.720514 1.862136 0.365000
v 2.748996 1.822933 0.310000
v 2.720514 1.862136 0.310000
v 2.697591 1.785585 0.310000
v 2.748996 1.822933 0.365000
v 2.720514 1.862136 0.365000
v 2.697591 1.785585 0.365000
v 2.619000 1.788382 0.310000
v 2.669108 1.824788 0.310000
v 2.620367 1.891874 0.310000
v 2.619000 1.788382 0.365000
v 2.669108 1.824788 0.365000
v 2.620367 1.891874 0.365000
v 2.619000 1.788382 0.310000
v 2.620367 1.891874 0.310000
v 2.570259 1.855468 0.310000
v 2.619000 1.788382 0.365000
v 2.620367 1.891874 0.365000
v 2.570259 1.855468 0.365000
v 2.531794 2.013785 0.310000
v 2.620367 1.891874 0.310000
v 2.615322 2.006920 0.310000
v 2.531794 2.013785 0.365000
v 2.620367 1.891874 0.365000
v 2.615322 2.006920 0.365000
v 2.531794 2.013785 0.310000
v 2.615322 2.006920 0.310000
v 2.592572 2.057943 0.310000
v 2.531794 2.013785 0.365000
v 2.615322 2.006920 0.365000
v 2.592572 2.057943 0.365000
v 2.592572 2.057943 0.310000
v 2.615322 2.006920 0.310000
v 2.786904 2.012870 0.310000
v 2.592572 2.057943 0.365000
v 2.615322 2.006920 0.365000
v 2.786904 2.012870 0.365000
v 2.786904 2.012870 0.310000
v 2.671773 1.929222 0.310000
v 2.720514 1.862136 0.310000
v 2.786904 2.012870 0.365000
v 2.671773 1.929222 0.365000
v 2.720514 1.862136 0.365000
v 2.720514 1.862136 0.310000
v 2.671773 1.929222 0.310000
v 2.669108 1.824788 0.310000
v 2.720514 1.862136 0.365000
v 2.671773 1.929222 0.365000
v 2.669108 1.824788 0.365000
v 2.720514 1.862136 0.310000
v 2.669108 1.824788 0.310000
v 2.697591 1.785585 0.310000
v 2.720514 1.862136 0.365000
v 2.669108 1.824788 0.365000
v 2.697591 1.785585 0.365000
v 2.669108 1.824788 0.310000
v 2.671773 1.929222 0.310000
v 2.620367 1.891874 0.310000
v 2.669108 1.824788 0.365000
v 2.671773 1.929222 0.365000
v 2.620367 1.891874 0.365000
v 2.620367 1.891874 0.310000
v 2.671773 1.929222 0.310000
v 2.615322 2.006920 0.310000
v 2.620367 1.891874 0.365000
v 2.671773 1.929222 0.365000
v 2.615322 2.006920 0.365000
v 2.894066 1.988229 0.310000
v 2.720514 1.862136 0.310000
v 2.720514 1.862136 0.365000
v 2.894066 1.988229 0.365000
v 2.720514 1.862136 0.310000
v 2.748996 1.822933 0.310000
v 2.748996 1.822933 0.365000
v 2.720514 1.862136 0.365000
v 2.748996 1.822933 0.310000
v 2.697591 1.785585 0.310000
v 2.697591 1.785585 0.365000
v 2.748996 1.822933 0.365000
v 2.697591 1.785585 0.310000
v 2.669108 1.824788 0.310000
v 2.669108 1.824788 0.365000
v 2.697591 1.785585 0.365000
v 2.669108 1.824788 0.310000
v 2.619000 1.788382 0.310000
v 2.619000 1.788382 0.365000
v 2.669108 1.824788 0.365000
v 2.619000 1.788382 0.310000
v 2.570259 1.855468 0.310000
v 2.570259 1.855468 0.365000
v 2.619000 1.788382 0.365000
v 2.570259 1.855468 0.310000
v 2.620367 1.891874 0.310000
v 2.620367 1.891874 0.365000
v 2.570259 1.855468 0.365000
v 2.620367 1.891874 0.310000
v 2.531794 2.013785 0.310000
v 2.531794 2.013785 0.365000
v 2.620367 1.891874 0.365000
v 2.531794 2.013785 0.310000
v 2.592572 2.057943 0.310000
v 2.592572 2.057943 0.365000
v 2.531794 2.013785 0.365000
v 2.592572 2.057943 0.310000
v 2.836759 2.067105 0.310000
v 2.836759 2.067105 0.365000
v 2.592572 2.057943 0.365000
v 2.836759 2.067105 0.310000
v 2.894066 1.988229 0.310000
v 2.894066 1.988229 0.365000
v 2.836759 2.067105 0.365000
v 2.615322 2.006920 0.310000
v 2.671773 1.929222 0.310000
v 2.671773 1.929222 0.365000
v 2.615322 2.006920 0.365000
v 2.671773 1.929222 0.310000
v 2.786904 2.012870 0.310000
v 2.786904 2.012870 0.365000
v 2.671773 1.929222 0.365000
v 2.786904 2.012870 0.310000
v 2.615322 2.006920 0.310000
v 2.615322 2.006920 0.365000
v 2.786904 2.012870 0.365000
v 3.234281 1.334277 0.310000
v 3.179575 1.316502 0.310000
v 3.218282 1.248511 0.310000
v 3.234281 1.334277 0.365000
v 3.179575 1.316502 0.365000
v 3.218282 1.248511 0.365000
v 3.234281 1.334277 0.310000
v 3.218282 1.248511 0.310000
v 3.272836 1.266753 0.310000
v 3.234281 1.334277 0.365000
v 3.218282 1.248511 0.365000
v 3.272836 1.266753 0.365000
v 3.272836 1.266753 0.310000
v 3.218282 1.248511 0.310000
v 3.297665 1.190339 0.310000
v 3.272836 1.266753 0.365000
v 3.218282 1.248511 0.365000
v 3.297665 1.190339 0.365000
v 3.297665 1.190339 0.310000
v 3.218282 1.248511 0.310000
v 3.041502 1.107107 0.310000
v 3.297665 1.190339 0.365000
v 3.218282 1.248511 0.365000
v 3.041502 1.107107 0.365000
v 3.064573 1.036102 0.310000
v 3.041502 1.107107 0.310000
v 3.009065 1.018067 0.310000
v 3.064573 1.036102 0.365000
v 3.041502 1.107107 0.365000
v 3.009065 1.018067 0.365000
v 3.009065 1.018067 0.310000
v 3.041502 1.107107 0.310000
v 2.938247 1.236022 0.310000
v 3.009065 1.018067 0.365000
v 3.041502 1.107107 0.365000
v 2.938247 1.236022 0.365000
v 2.938247 1.236022 0.310000
v 3.041502 1.107107 0.310000
v 3.016825 1.183054 0.310000
v 2.938247 1.236022 0.365000
v 3.041502 1.107107 0.365000
v 3.016825 1.183054 0.365000
v 2.938247 1.236022 0.310000
v 3.016825 1.183054 0.310000
v 2.993755 1.254058 0.310000
v 2.938247 1.236022 0.365000
v 3.016825 1.183054 0.365000
v 2.993755 1.254058 0.365000
v 3.218282 1.248511 0.310000
v 3.016825 1.183054 0.310000
v 3.041502 1.107107 0.310000
v 3.218282 1.248511 0.365000
v 3.016825 1.183054 0.365000
v 3.041502 1.107107 0.365000
v 2.993755 1.254058 0.310000
v 3.016825 1.183054 0.310000
v 3.016825 1.183054 0.365000
v 2.993755 1.254058 0.365000
v 3.016825 1.183054 0.310000
v 3.218282 1.248511 0.310000
v 3.218282 1.248511 0.365000
v 3.016825 1.183054 0.365000
v 3.218282 1.248511 0.310000
v 3.179575 1.316502 0.310000
v 3.179575 1.316502 0.365000
v 3.218282 1.248511 0.365000
v 3.179575 1.316502 0.310000
v 3.234281 1.334277 0.310000
v 3.234281 1.334277 0.365000
v 3.179575 1.316502 0.365000
v 3.234281 1.334277 0.310000
v 3.272836 1.266753 0.310000
v 3.272836 1.266753 0.365000
v 3.234281 1.334277 0.365000
v 3.272836 1.266753 0.310000
v 3.297665 1.190339 0.310000
v 3.297665 1.190339 0.365000
v 3.272836 1.266753 0.365000
v 3.297665 1.190339 0.310000
v 3.041502 1.107107 0.310000
v 3.041502 1.107107 0.365000
v 3.297665 1.190339 0.365000
v 3.041502 1.107107 0.310000
v 3.064573 1.036102 0.310000
v 3.064573 1.036102 0.365000
v 3.041502 1.107107 0.365000
v 3.064573 1.036102 0.310000
v 3.009065 1.018067 0.310000
v 3.009065 1.018067 0.365000
v 3.064573 1.036102 0.365000
v 3.009065 1.018067 0.310000
v 2.938247 1.236022 0.310000
v 2.938247 1.236022 0.365000
v 3.009065 1.018067 0.365000
v 2.938247 1.236022 0.310000
v 2.993755 1.254058 0.310000
v 2.993755 1.254058 0.365000
v 2.938247 1.236022 0.365000
v 3.336169 1.045471 0.310000
v 3.277322 1.026350 0.310000
v 3.291216 1.009098 0.310000
v 3.336169 1.045471 0.365000
v 3.277322 1.026350 0.365000
v 3.291216 1.009098 0.365000
v 3.336169 1.045471 0.310000
v 3.291216 1.009098 0.310000
v 3.349707 1.023691 0.310000
v 3.336169 1.045471 0.365000
v 3.291216 1.009098 0.365000
v 3.349707 1.023691 0.365000
v 3.349707 1.023691 0.310000
v 3.291216 1.009098 0.310000
v 3.303040 0.991062 0.310000
v 3.349707 1.023691 0.365000
v 3.291216 1.009098 0.365000
v 3.303040 0.991062 0.365000
v 3.349707 1.023691 0.310000
v 3.303040 0.991062 0.310000
v 3.361511 1.001568 0.310000
v 3.349707 1.023691 0.365000
v 3.303040 0.991062 0.365000
v 3.361511 1.001568 0.365000
v 3.361511 1.001568 0.310000
v 3.303040 0.991062 0.310000
v 3.312754 0.972415 0.310000
v 3.361511 1.001568 0.365000
v 3.303040 0.991062 0.365000
v 3.312754 0.972415 0.365000
v 3.361511 1.001568 0.310000
v 3.312754 0.972415 0.310000
v 3.371547 0.979204 0.310000
v 3.361511 1.001568 0.365000
v 3.312754 0.972415 0.365000
v 3.371547 0.979204 0.365000
v 3.371547 0.979204 0.310000
v 3.312754 0.972415 0.310000
v 3.320188 0.953286 0.310000
v 3.371547 0.979204 0.365000
v 3.312754 0.972415 0.365000
v 3.320188 0.953286 0.365000
v 3.371547 0.979204 0.310000
v 3.320188 0.953286 0.310000
v 3.379782 0.956698 0.310000
v 3.371547 0.979204 0.365000
v 3.320188 0.953286 0.365000
v 3.379782 0.956698 0.365000
v 3.379782 0.956698 0.310000
v 3.320188 0.953286 0.310000
v 3.325313 0.929160 0.310000
v 3.379782 0.956698 0.365000
v 3.320188 0.953286 0.365000
v 3.325313 0.929160 0.365000
v 3.379782 0.956698 0.310000
v 3.325313 0.929160 0.310000
v 3.392033 0.902006 0.310000
v 3.379782 0.956698 0.365000
v 3.325313 0.929160 0.365000
v 3.392033 0.902006 0.365000
v 3.392033 0.902006 0.310000
v 3.325313 0.929160 0.310000
v 3.323587 0.909416 0.310000
v 3.392033 0.902006 0.365000
v 3.325313 0.929160 0.365000
v 3.323587 0.909416 0.365000
v 3.392033 0.902006 0.310000
v 3.323587 0.909416 0.310000
v 3.389327 0.859366 0.310000
v 3.392033 0.902006 0.365000
v 3.323587 0.909416 0.365000
v 3.389327 0.859366 0.365000
v 3.389327 0.859366 0.310000
v 3.323587 0.909416 0.310000
v 3.315263 0.894749 0.310000
v 3.389327 0.859366 0.365000
v 3.323587 0.909416 0.365000
v 3.315263 0.894749 0.365000
v 3.389327 0.859366 0.310000
v 3.315263 0.894749 0.310000
v 3.371736 0.828616 0.310000
v 3.389327 0.859366 0.365000
v 3.315263 0.894749 0.365000
v 3.371736 0.828616 0.365000
v 3.371736 0.828616 0.310000
v 3.315263 0.894749 0.310000
v 3.339154 0.809685 0.310000
v 3.371736 0.828616 0.365000
v 3.315263 0.894749 0.365000
v 3.339154 0.809685 0.365000
v 3.339154 0.809685 0.310000
v 3.315263 0.894749 0.310000
v 3.300554 0.885982 0.310000
v 3.339154 0.809685 0.365000
v 3.315263 0.894749 0.365000
v 3.300554 0.885982 0.365000
v 3.339154 0.809685 0.310000
v 3.300554 0.885982 0.310000
v 3.313134 0.805218 0.310000
v 3.339154 0.809685 0.365000
v 3.300554 0.885982 0.365000
v 3.313134 0.805218 0.365000
v 3.192720 0.753982 0.310000
v 3.219757 0.767309 0.310000
v 3.169550 0.835293 0.310000
v 3.192720 0.753982 0.365000
v 3.219757 0.767309 0.365000
v 3.169550 0.835293 0.365000
v 3.192720 0.753982 0.310000
v 3.169550 0.835293 0.310000
v 3.149038 0.749611 0.310000
v 3.192720 0.753982 0.365000
v 3.169550 0.835293 0.365000
v 3.149038 0.749611 0.365000
v 3.110704 0.766621 0.310000
v 3.149038 0.749611 0.310000
v 3.149864 0.833604 0.310000
v 3.110704 0.766621 0.365000
v 3.149038 0.749611 0.365000
v 3.149864 0.833604 0.365000
v 3.110704 0.766621 0.310000
v 3.149864 0.833604 0.310000
v 3.132221 0.841995 0.310000
v 3.110704 0.766621 0.365000
v 3.149864 0.833604 0.365000
v 3.132221 0.841995 0.365000
v 3.110704 0.766621 0.310000
v 3.132221 0.841995 0.310000
v 3.078452 0.804345 0.310000
v 3.110704 0.766621 0.365000
v 3.132221 0.841995 0.365000
v 3.078452 0.804345 0.365000
v 3.078452 0.804345 0.310000
v 3.132221 0.841995 0.310000
v 3.117210 0.860066 0.310000
v 3.078452 0.804345 0.365000
v 3.132221 0.841995 0.365000
v 3.117210 0.860066 0.365000
v 3.078452 0.804345 0.310000
v 3.117210 0.860066 0.310000
v 3.052972 0.862253 0.310000
v 3.078452 0.804345 0.365000
v 3.117210 0.860066 0.365000
v 3.052972 0.862253 0.365000
v 3.052972 0.862253 0.310000
v 3.117210 0.860066 0.310000
v 3.105291 0.887375 0.310000
v 3.052972 0.862253 0.365000
v 3.117210 0.860066 0.365000
v 3.105291 0.887375 0.365000
v 3.052972 0.862253 0.310000
v 3.105291 0.887375 0.310000
v 3.046122 0.886631 0.310000
v 3.052972 0.862253 0.365000
v 3.105291 0.887375 0.365000
v 3.046122 0.886631 0.365000
v 3.046122 0.886631 0.310000
v 3.105291 0.887375 0.310000
v 3.099679 0.909534 0.310000
v 3.046122 0.886631 0.365000
v 3.105291 0.887375 0.365000
v 3.099679 0.909534 0.365000
v 3.046122 0.886631 0.310000
v 3.099679 0.909534 0.310000
v 3.041198 0.911671 0.310000
v 3.046122 0.886631 0.365000
v 3.099679 0.909534 0.365000
v 3.041198 0.911671 0.365000
v 3.041198 0.911671 0.310000
v 3.099679 0.909534 0.310000
v 3.096820 0.932993 0.310000
v 3.041198 0.911671 0.365000
v 3.099679 0.909534 0.365000
v 3.096820 0.932993 0.365000
v 3.041198 0.911671 0.310000
v 3.096820 0.932993 0.310000
v 3.038250 0.937225 0.310000
v 3.041198 0.911671 0.365000
v 3.096820 0.932993 0.365000
v 3.038250 0.937225 0.365000
v 3.038250 0.937225 0.310000
v 3.096820 0.932993 0.310000
v 3.096712 0.957586 0.310000
v 3.038250 0.937225 0.365000
v 3.096820 0.932993 0.365000
v 3.096712 0.957586 0.365000
v 3.038250 0.937225 0.310000
v 3.096712 0.957586 0.310000
v 3.037325 0.963140 0.310000
v 3.038250 0.937225 0.365000
v 3.096712 0.957586 0.365000
v 3.037325 0.963140 0.365000
v 3.037325 0.963140 0.310000
v 3.096712 0.957586 0.310000
v 3.099311 0.983281 0.310000
v 3.037325 0.963140 0.365000
v 3.096712 0.957586 0.365000
v 3.099311 0.983281 0.365000
v 3.300554 0.885982 0.310000
v 3.282400 0.884182 0.310000
v 3.269078 0.822566 0.310000
v 3.300554 0.885982 0.365000
v 3.282400 0.884182 0.365000
v 3.269078 0.822566 0.365000
v 3.300554 0.885982 0.310000
v 3.269078 0.822566 0.310000
v 3.289713 0.809571 0.310000
v 3.300554 0.885982 0.365000
v 3.269078 0.822566 0.365000
v 3.289713 0.809571 0.365000
v 3.300554 0.885982 0.310000
v 3.289713 0.809571 0.310000
v 3.313134 0.805218 0.310000
v 3.300554 0.885982 0.365000
v 3.289713 0.809571 0.365000
v 3.313134 0.805218 0.365000
v 3.219757 0.767309 0.310000
v 3.238614 0.787060 0.310000
v 3.186853 0.845733 0.310000
v 3.219757 0.767309 0.365000
v 3.238614 0.787060 0.365000
v 3.186853 0.845733 0.365000
v 3.219757 0.767309 0.310000
v 3.186853 0.845733 0.310000
v 3.169550 0.835293 0.310000
v 3.219757 0.767309 0.365000
v 3.186853 0.845733 0.365000
v 3.169550 0.835293 0.365000
v 3.169550 0.835293 0.310000
v 3.149864 0.833604 0.310000
v 3.149038 0.749611 0.310000
v 3.169550 0.835293 0.365000
v 3.149864 0.833604 0.365000
v 3.149038 0.749611 0.365000
v 3.179930 0.950397 0.310000
v 3.190369 0.918268 0.310000
v 3.231697 0.967217 0.310000
v 3.179930 0.950397 0.365000
v 3.190369 0.918268 0.365000
v 3.231697 0.967217 0.365000
v 3.231697 0.967217 0.310000
v 3.190369 0.918268 0.310000
v 3.242679 0.933418 0.310000
v 3.231697 0.967217 0.365000
v 3.190369 0.918268 0.365000
v 3.242679 0.933418 0.365000
v 3.242679 0.933418 0.310000
v 3.190369 0.918268 0.310000
v 3.253639 0.907754 0.310000
v 3.242679 0.933418 0.365000
v 3.190369 0.918268 0.365000
v 3.253639 0.907754 0.365000
v 3.253639 0.907754 0.310000
v 3.190369 0.918268 0.310000
v 3.197348 0.887470 0.310000
v 3.253639 0.907754 0.365000
v 3.190369 0.918268 0.365000
v 3.197348 0.887470 0.365000
v 3.253639 0.907754 0.310000
v 3.197348 0.887470 0.310000
v 3.266813 0.891413 0.310000
v 3.253639 0.907754 0.365000
v 3.197348 0.887470 0.365000
v 3.266813 0.891413 0.365000
v 3.266813 0.891413 0.310000
v 3.197348 0.887470 0.310000
v 3.251374 0.844155 0.310000
v 3.266813 0.891413 0.365000
v 3.197348 0.887470 0.365000
v 3.251374 0.844155 0.365000
v 3.266813 0.891413 0.310000
v 3.251374 0.844155 0.310000
v 3.282400 0.884182 0.310000
v 3.266813 0.891413 0.365000
v 3.251374 0.844155 0.365000
v 3.282400 0.884182 0.365000
v 3.282400 0.884182 0.310000
v 3.251374 0.844155 0.310000
v 3.269078 0.822566 0.310000
v 3.282400 0.884182 0.365000
v 3.251374 0.844155 0.365000
v 3.269078 0.822566 0.365000
v 3.238614 0.787060 0.310000
v 3.249231 0.812794 0.310000
v 3.186853 0.845733 0.310000
v 3.238614 0.787060 0.365000
v 3.249231 0.812794 0.365000
v 3.186853 0.845733 0.365000
v 3.186853 0.845733 0.310000
v 3.249231 0.812794 0.310000
v 3.251374 0.844155 0.310000
v 3.186853 0.845733 0.365000
v 3.249231 0.812794 0.365000
v 3.251374 0.844155 0.365000
v 3.186853 0.845733 0.310000
v 3.251374 0.844155 0.310000
v 3.196148 0.863209 0.310000
v 3.186853 0.845733 0.365000
v 3.251374 0.844155 0.365000
v 3.196148 0.863209 0.365000
v 3.196148 0.863209 0.310000
v 3.251374 0.844155 0.310000
v 3.197348 0.887470 0.310000
v 3.196148 0.863209 0.365000
v 3.251374 0.844155 0.365000
v 3.197348 0.887470 0.365000
v 3.251374 0.844155 0.310000
v 3.249231 0.812794 0.310000
v 3.249231 0.812794 0.365000
v 3.251374 0.844155 0.365000
v 3.249231 0.812794 0.310000
v 3.238614 0.787060 0.310000
v 3.238614 0.787060 0.365000
v 3.249231 0.812794 0.365000
v 3.238614 0.787060 0.310000
v 3.219757 0.767309 0.310000
v 3.219757 0.767309 0.365000
v 3.238614 0.787060 0.365000
v 3.219757 0.767309 0.310000
v 3.192720 0.753982 0.310000
v 3.192720 0.753982 0.365000
v 3.219757 0.767309 0.365000
v 3.192720 0.753982 0.310000
v 3.149038 0.749611 0.310000
v 3.149038 0.749611 0.365000
v 3.192720 0.753982 0.365000
v 3.149038 0.749611 0.310000
v 3.110704 0.766621 0.310000
v 3.110704 0.766621 0.365000
v 3.149038 0.749611 0.365000
v 3.110704 0.766621 0.310000
v 3.078452 0.804345 0.310000
v 3.078452 0.804345 0.365000
v 3.110704 0.766621 0.365000
v 3.078452 0.804345 0.310000
v 3.052972 0.862253 0.310000
v 3.052972 0.862253 0.365000
v 3.078452 0.804345 0.365000
v 3.052972 0.862253 0.310000
v 3.046122 0.886631 0.310000
v 3.046122 0.886631 0.365000
v 3.052972 0.862253 0.365000
v 3.046122 0.886631 0.310000
v 3.041198 0.911671 0.310000
v 3.041198 0.911671 0.365000
v 3.046122 0.886631 0.365000
v 3.041198 0.911671 0.310000
v 3.038250 0.937225 0.310000
v 3.038250 0.937225 0.365000
v 3.041198 0.911671 0.365000
v 3.038250 0.937225 0.310000
v 3.037325 0.963140 0.310000
v 3.037325 0.963140 0.365000
v 3.038250 0.937225 0.365000
v 3.037325 0.963140 0.310000
v 3.099311 0.983281 0.310000
v 3.099311 0.983281 0.365000
v 3.037325 0.963140 0.365000
v 3.099311 0.983281 0.310000
v 3.096712 0.957586 0.310000
v 3.096712 0.957586 0.365000
v 3.099311 0.983281 0.365000
v 3.096712 0.957586 0.310000
v 3.096820 0.932993 0.310000
v 3.096820 0.932993 0.365000
v 3.096712 0.957586 0.365000
v 3.096820 0.932993 0.310000
v 3.099679 0.909534 0.310000
v 3.099679 0.909534 0.365000
v 3.096820 0.932993 0.365000
v 3.099679 0.909534 0.310000
v 3.105291 0.887375 0.310000
v 3.105291 0.887375 0.365000
v 3.099679 0.909534 0.365000
v 3.105291 0.887375 0.310000
v 3.117210 0.860066 0.310000
v 3.117210 0.860066 0.365000
v 3.105291 0.887375 0.365000
v 3.117210 0.860066 0.310000
v 3.132221 0.841995 0.310000
v 3.132221 0.841995 0.365000
v 3.117210 0.860066 0.365000
v 3.132221 0.841995 0.310000
v 3.149864 0.833604 0.310000
v 3.149864 0.833604 0.365000
v 3.132221 0.841995 0.365000
v 3.149864 0.833604 0.310000
v 3.169550 0.835293 0.310000
v 3.169550 0.835293 0.365000
v 3.149864 0.833604 0.365000
v 3.169550 0.835293 0.310000
v 3.186853 0.845733 0.310000
v 3.186853 0.845733 0.365000
v 3.169550 0.835293 0.365000
v 3.186853 0.845733 0.310000
v 3.196148 0.863209 0.310000
v 3.196148 0.863209 0.365000
v 3.186853 0.845733 0.365000
v 3.196148 0.863209 0.310000
v 3.197348 0.887470 0.310000
v 3.197348 0.887470 0.365000
v 3.196148 0.863209 0.365000
v 3.197348 0.887470 0.310000
v 3.190369 0.918268 0.310000
v 3.190369 0.918268 0.365000
v 3.197348 0.887470 0.365000
v 3.190369 0.918268 0.310000
v 3.179930 0.950397 0.310000
v 3.179930 0.950397 0.365000
v 3.190369 0.918268 0.365000
v 3.179930 0.950397 0.310000
v 3.231697 0.967217 0.310000
v 3.231697 0.967217 0.365000
v 3.179930 0.950397 0.365000
v 3.231697 0.967217 0.310000
v 3.242679 0.933418 0.310000
v 3.242679 0.933418 0.365000
v 3.231697 0.967217 0.365000
v 3.242679 0.933418 0.310000
v 3.253639 0.907754 0.310000
v 3.253639 0.907754 0.365000
v 3.242679 0.933418 0.365000
v 3.253639 0.907754 0.310000
v 3.266813 0.891413 0.310000
v 3.266813 0.891413 0.365000
v 3.253639 0.907754 0.365000
v 3.266813 0.891413 0.310000
v 3.282400 0.884182 0.310000
v 3.282400 0.884182 0.365000
v 3.266813 0.891413 0.365000
v 3.282400 0.884182 0.310000
v 3.300554 0.885982 0.310000
v 3.300554 0.885982 0.365000
v 3.282400 0.884182 0.365000
v 3.300554 0.885982 0.310000
v 3.315263 0.894749 0.310000
v 3.315263 0.894749 0.365000
v 3.300554 0.885982 0.365000
v 3.315263 0.894749 0.310000
v 3.323587 0.909416 0.310000
v 3.323587 0.909416 0.365000
v 3.315263 0.894749 0.365000
v 3.323587 0.909416 0.310000
v 3.325313 0.929160 0.310000
v 3.325313 0.929160 0.365000
v 3.323587 0.909416 0.365000
v 3.325313 0.929160 0.310000
v 3.320188 0.953286 0.310000
v 3.320188 0.953286 0.365000
v 3.325313 0.929160 0.365000
v 3.320188 0.953286 0.310000
v 3.312754 0.972415 0.310000
v 3.312754 0.972415 0.365000
v 3.320188 0.953286 0.365000
v 3.312754 0.972415 0.310000
v 3.303040 0.991062 0.310000
v 3.303040 0.991062 0.365000
v 3.312754 0.972415 0.365000
v 3.303040 0.991062 0.310000
v 3.291216 1.009098 0.310000
v 3.291216 1.009098 0.365000
v 3.303040 0.991062 0.365000
v 3.291216 1.009098 0.310000
v 3.277322 1.026350 0.310000
v 3.277322 1.026350 0.365000
v 3.291216 1.009098 0.365000
v 3.277322 1.026350 0.310000
v 3.336169 1.045471 0.310000
v 3.336169 1.045471 0.365000
v 3.277322 1.026350 0.365000
v 3.336169 1.045471 0.310000
v 3.349707 1.023691 0.310000
v 3.349707 1.023691 0.365000
v 3.336169 1.045471 0.365000
v 3.349707 1.023691 0.310000
v 3.361511 1.001568 0.310000
v 3.361511 1.001568 0.365000
v 3.349707 1.023691 0.365000
v 3.361511 1.001568 0.310000
v 3.371547 0.979204 0.310000
v 3.371547 0.979204 0.365000
v 3.361511 1.001568 0.365000
v 3.371547 0.979204 0.310000
v 3.379782 0.956698 0.310000
v 3.379782 0.956698 0.365000
v 3.371547 0.979204 0.365000
v 3.379782 0.956698 0.310000
v 3.392033 0.902006 0.310000
v 3.392033 0.902006 0.365000
v 3.379782 0.956698 0.365000
v 3.392033 0.902006 0.310000
v 3.389327 0.859366 0.310000
v 3.389327 0.859366 0.365000
v 3.392033 0.902006 0.365000
v 3.389327 0.859366 0.310000
v 3.371736 0.828616 0.310000
v 3.371736 0.828616 0.365000
v 3.389327 0.859366 0.365000
v 3.371736 0.828616 0.310000
v 3.339154 0.809685 0.310000
v 3.339154 0.809685 0.365000
v 3.371736 0.828616 0.365000
v 3.339154 0.809685 0.310000
v 3.313134 0.805218 0.310000
v 3.313134 0.805218 0.365000
v 3.339154 0.809685 0.365000
v 3.313134 0.805218 0.310000
v 3.289713 0.809571 0.310000
v 3.289713 0.809571 0.365000
v 3.313134 0.805218 0.365000
v 3.289713 0.809571 0.310000
v 3.269078 0.822566 0.310000
v 3.269078 0.822566 0.365000
v 3.289713 0.809571 0.365000
v 3.269078 0.822566 0.310000
v 3.251374 0.844155 0.310000
v 3.251374 0.844155 0.365000
v 3.269078 0.822566 0.365000
v 3.463518 0.089518 0.310000
v 3.408334 0.120266 0.310000
v 3.407525 0.041946 0.310000
v 3.463518 0.089518 0.365000
v 3.408334 0.120266 0.365000
v 3.407525 0.041946 0.365000
v 3.463518 0.089518 0.310000
v 3.407525 0.041946 0.310000
v 3.433562 0.025245 0.310000
v 3.463518 0.089518 0.365000
v 3.407525 0.041946 0.365000
v 3.433562 0.025245 0.365000
v 3.463518 0.089518 0.310000
v 3.433562 0.025245 0.310000
v 3.498380 0.040927 0.310000
v 3.463518 0.089518 0.365000
v 3.433562 0.025245 0.365000
v 3.498380 0.040927 0.365000
v 3.498380 0.040927 0.310000
v 3.433562 0.025245 0.310000
v 3.449331 -0.000018 0.310000
v 3.498380 0.040927 0.365000
v 3.433562 0.025245 0.365000
v 3.449331 -0.000018 0.365000
v 3.498380 0.040927 0.310000
v 3.449331 -0.000018 0.310000
v 3.510000 -0.022854 0.310000
v 3.498380 0.040927 0.365000
v 3.449331 -0.000018 0.365000
v 3.510000 -0.022854 0.365000
v 3.510000 -0.022854 0.310000
v 3.449331 -0.000018 0.310000
v 3.454587 -0.033613 0.310000
v 3.510000 -0.022854 0.365000
v 3.449331 -0.000018 0.365000
v 3.454587 -0.033613 0.365000
v 3.510000 -0.022854 0.310000
v 3.454587 -0.033613 0.310000
v 3.509121 -0.045163 0.310000
v 3.510000 -0.022854 0.365000
v 3.454587 -0.033613 0.365000
v 3.509121 -0.045163 0.365000
v 3.509121 -0.045163 0.310000
v 3.454587 -0.033613 0.310000
v 3.453410 -0.051404 0.310000
v 3.509121 -0.045163 0.365000
v 3.454587 -0.033613 0.365000
v 3.453410 -0.051404 0.365000
v 3.509121 -0.045163 0.310000
v 3.453410 -0.051404 0.310000
v 3.506484 -0.066805 0.310000
v 3.509121 -0.045163 0.365000
v 3.453410 -0.051404 0.365000
v 3.506484 -0.066805 0.365000
v 3.506484 -0.066805 0.310000
v 3.453410 -0.051404 0.310000
v 3.449876 -0.069617 0.310000
v 3.506484 -0.066805 0.365000
v 3.453410 -0.051404 0.365000
v 3.449876 -0.069617 0.365000
v 3.506484 -0.066805 0.310000
v 3.449876 -0.069617 0.310000
v 3.502089 -0.088006 0.310000
v 3.506484 -0.066805 0.365000
v 3.449876 -0.069617 0.365000
v 3.502089 -0.088006 0.365000
v 3.502089 -0.088006 0.310000
v 3.449876 -0.069617 0.310000
v 3.443863 -0.088709 0.310000
v 3.502089 -0.088006 0.365000
v 3.449876 -0.069617 0.365000
v 3.443863 -0.088709 0.365000
v 3.502089 -0.088006 0.310000
v 3.443863 -0.088709 0.310000
v 3.495936 -0.108997 0.310000
v 3.502089 -0.088006 0.365000
v 3.443863 -0.088709 0.365000
v 3.495936 -0.108997 0.365000
v 3.495936 -0.108997 0.310000
v 3.443863 -0.088709 0.310000
v 3.435249 -0.108997 0.310000
v 3.495936 -0.108997 0.365000
v 3.443863 -0.088709 0.365000
v 3.435249 -0.108997 0.365000
v 3.286310 -0.130515 0.310000
v 3.329417 -0.122797 0.310000
v 3.305965 -0.046236 0.310000
v 3.286310 -0.130515 0.365000
v 3.329417 -0.122797 0.365000
v 3.305965 -0.046236 0.365000
v 3.286310 -0.130515 0.310000
v 3.305965 -0.046236 0.310000
v 3.280755 -0.049013 0.310000
v 3.286310 -0.130515 0.365000
v 3.305965 -0.046236 0.365000
v 3.280755 -0.049013 0.365000
v 3.286310 -0.130515 0.310000
v 3.280755 -0.049013 0.310000
v 3.238809 -0.121883 0.310000
v 3.286310 -0.130515 0.365000
v 3.280755 -0.049013 0.365000
v 3.238809 -0.121883 0.365000
v 3.201785 -0.095988 0.310000
v 3.238809 -0.121883 0.310000
v 3.255580 -0.046236 0.310000
v 3.201785 -0.095988 0.365000
v 3.238809 -0.121883 0.365000
v 3.255580 -0.046236 0.365000
v 3.201785 -0.095988 0.310000
v 3.255580 -0.046236 0.310000
v 3.237578 -0.037903 0.310000
v 3.201785 -0.095988 0.365000
v 3.255580 -0.046236 0.365000
v 3.237578 -0.037903 0.365000
v 3.201785 -0.095988 0.310000
v 3.237578 -0.037903 0.310000
v 3.177946 -0.055641 0.310000
v 3.201785 -0.095988 0.365000
v 3.237578 -0.037903 0.365000
v 3.177946 -0.055641 0.365000
v 3.177946 -0.055641 0.310000
v 3.237578 -0.037903 0.310000
v 3.226819 -0.023979 0.310000
v 3.177946 -0.055641 0.365000
v 3.237578 -0.037903 0.365000
v 3.226819 -0.023979 0.365000
v 3.177946 -0.055641 0.310000
v 3.226819 -0.023979 0.310000
v 3.170000 -0.003516 0.310000
v 3.177946 -0.055641 0.365000
v 3.226819 -0.023979 0.365000
v 3.170000 -0.003516 0.365000
v 3.170000 -0.003516 0.310000
v 3.226819 -0.023979 0.310000
v 3.223233 -0.004430 0.310000
v 3.170000 -0.003516 0.365000
v 3.226819 -0.023979 0.365000
v 3.223233 -0.004430 0.365000
v 3.170000 -0.003516 0.310000
v 3.223233 -0.004430 0.310000
v 3.226819 0.015013 0.310000
v 3.170000 -0.003516 0.365000
v 3.223233 -0.004430 0.365000
v 3.226819 0.015013 0.365000
v 3.170000 -0.003516 0.310000
v 3.226819 0.015013 0.310000
v 3.180794 0.053198 0.310000
v 3.170000 -0.003516 0.365000
v 3.226819 0.015013 0.365000
v 3.180794 0.053198 0.365000
v 3.180794 0.053198 0.310000
v 3.226819 0.015013 0.310000
v 3.237578 0.028902 0.310000
v 3.180794 0.053198 0.365000
v 3.226819 0.015013 0.365000
v 3.237578 0.028902 0.365000
v 3.180794 0.053198 0.310000
v 3.237578 0.028902 0.310000
v 3.213177 0.095495 0.310000
v 3.180794 0.053198 0.365000
v 3.237578 0.028902 0.365000
v 3.213177 0.095495 0.365000
v 3.213177 0.095495 0.310000
v 3.237578 0.028902 0.310000
v 3.255580 0.037235 0.310000
v 3.213177 0.095495 0.365000
v 3.237578 0.028902 0.365000
v 3.255580 0.037235 0.365000
v 3.213177 0.095495 0.310000
v 3.255580 0.037235 0.310000
v 3.265443 0.121760 0.310000
v 3.213177 0.095495 0.365000
v 3.255580 0.037235 0.365000
v 3.265443 0.121760 0.365000
v 3.265443 0.121760 0.310000
v 3.255580 0.037235 0.310000
v 3.280755 0.040012 0.310000
v 3.265443 0.121760 0.365000
v 3.255580 0.037235 0.365000
v 3.280755 0.040012 0.365000
v 3.265443 0.121760 0.310000
v 3.280755 0.040012 0.310000
v 3.305965 0.037235 0.310000
v 3.265443 0.121760 0.365000
v 3.280755 0.040012 0.365000
v 3.305965 0.037235 0.365000
v 3.265443 0.121760 0.310000
v 3.305965 0.037235 0.310000
v 3.335746 0.130515 0.310000
v 3.265443 0.121760 0.365000
v 3.305965 0.037235 0.365000
v 3.335746 0.130515 0.365000
v 3.335746 0.130515 0.310000
v 3.305965 0.037235 0.310000
v 3.371328 0.049857 0.310000
v 3.335746 0.130515 0.365000
v 3.305965 0.037235 0.365000
v 3.371328 0.049857 0.365000
v 3.335746 0.130515 0.310000
v 3.371328 0.049857 0.310000
v 3.408334 0.120266 0.310000
v 3.335746 0.130515 0.365000
v 3.371328 0.049857 0.365000
v 3.408334 0.120266 0.365000
v 3.408334 0.120266 0.310000
v 3.371328 0.049857 0.310000
v 3.407525 0.041946 0.310000
v 3.408334 0.120266 0.365000
v 3.371328 0.049857 0.365000
v 3.407525 0.041946 0.365000
v 3.329417 -0.122797 0.310000
v 3.363382 -0.099644 0.310000
v 3.305965 -0.046236 0.310000
v 3.329417 -0.122797 0.365000
v 3.363382 -0.099644 0.365000
v 3.305965 -0.046236 0.365000
v 3.305965 -0.046236 0.310000
v 3.363382 -0.099644 0.310000
v 3.323932 -0.037903 0.310000
v 3.305965 -0.046236 0.365000
v 3.363382 -0.099644 0.365000
v 3.323932 -0.037903 0.365000
v 3.280755 -0.049013 0.310000
v 3.255580 -0.046236 0.310000
v 3.238809 -0.121883 0.310000
v 3.280755 -0.049013 0.365000
v 3.255580 -0.046236 0.365000
v 3.238809 -0.121883 0.365000
v 3.305965 0.037235 0.310000
v 3.323932 0.028902 0.310000
v 3.371328 0.049857 0.310000
v 3.305965 0.037235 0.365000
v 3.323932 0.028902 0.365000
v 3.371328 0.049857 0.365000
v 3.371328 0.049857 0.310000
v 3.323932 0.028902 0.310000
v 3.334744 0.015013 0.310000
v 3.371328 0.049857 0.365000
v 3.323932 0.028902 0.365000
v 3.334744 0.015013 0.365000
v 3.371328 0.049857 0.310000
v 3.334744 0.015013 0.310000
v 3.380733 0.034774 0.310000
v 3.371328 0.049857 0.365000
v 3.334744 0.015013 0.365000
v 3.380733 0.034774 0.365000
v 3.380733 0.034774 0.310000
v 3.334744 0.015013 0.310000
v 3.387431 0.018494 0.310000
v 3.380733 0.034774 0.365000
v 3.334744 0.015013 0.365000
v 3.387431 0.018494 0.365000
v 3.387431 0.018494 0.310000
v 3.334744 0.015013 0.310000
v 3.338347 -0.004430 0.310000
v 3.387431 0.018494 0.365000
v 3.334744 0.015013 0.365000
v 3.338347 -0.004430 0.365000
v 3.387431 0.018494 0.310000
v 3.338347 -0.004430 0.310000
v 3.391492 0.000774 0.310000
v 3.387431 0.018494 0.365000
v 3.338347 -0.004430 0.365000
v 3.391492 0.000774 0.365000
v 3.391492 0.000774 0.310000
v 3.338347 -0.004430 0.310000
v 3.392846 -0.018494 0.310000
v 3.391492 0.000774 0.365000
v 3.338347 -0.004430 0.365000
v 3.392846 -0.018494 0.365000
v 3.392846 -0.018494 0.310000
v 3.338347 -0.004430 0.310000
v 3.334744 -0.023979 0.310000
v 3.392846 -0.018494 0.365000
v 3.338347 -0.004430 0.365000
v 3.334744 -0.023979 0.365000
v 3.392846 -0.018494 0.310000
v 3.334744 -0.023979 0.310000
v 3.385480 -0.063921 0.310000
v 3.392846 -0.018494 0.365000
v 3.334744 -0.023979 0.365000
v 3.385480 -0.063921 0.365000
v 3.385480 -0.063921 0.310000
v 3.334744 -0.023979 0.310000
v 3.323932 -0.037903 0.310000
v 3.385480 -0.063921 0.365000
v 3.334744 -0.023979 0.365000
v 3.323932 -0.037903 0.365000
v 3.385480 -0.063921 0.310000
v 3.323932 -0.037903 0.310000
v 3.363382 -0.099644 0.310000
v 3.385480 -0.063921 0.365000
v 3.323932 -0.037903 0.365000
v 3.363382 -0.099644 0.365000
v 3.435249 -0.108997 0.310000
v 3.443863 -0.088709 0.310000
v 3.443863 -0.088709 0.365000
v 3.435249 -0.108997 0.365000
v 3.443863 -0.088709 0.310000
v 3.449876 -0.069617 0.310000
v 3.449876 -0.069617 0.365000
v 3.443863 -0.088709 0.365000
v 3.449876 -0.069617 0.310000
v 3.453410 -0.051404 0.310000
v 3.453410 -0.051404 0.365000
v 3.449876 -0.069617 0.365000
v 3.453410 -0.051404 0.310000
v 3.454587 -0.033613 0.310000
v 3.454587 -0.033613 0.365000
v 3.453410 -0.051404 0.365000
v 3.454587 -0.033613 0.310000
v 3.449331 -0.000018 0.310000
v 3.449331 -0.000018 0.365000
v 3.454587 -0.033613 0.365000
v 3.449331 -0.000018 0.310000
v 3.433562 0.025245 0.310000
v 3.433562 0.025245 0.365000
v 3.449331 -0.000018 0.365000
v 3.433562 0.025245 0.310000
v 3.407525 0.041946 0.310000
v 3.407525 0.041946 0.365000
v 3.433562 0.025245 0.365000
v 3.407525 0.041946 0.310000
v 3.371328 0.049857 0.310000
v 3.371328 0.049857 0.365000
v 3.407525 0.041946 0.365000
v 3.371328 0.049857 0.310000
v 3.380733 0.034774 0.310000
v 3.380733 0.034774 0.365000
v 3.371328 0.049857 0.365000
v 3.380733 0.034774 0.310000
v 3.387431 0.018494 0.310000
v 3.387431 0.018494 0.365000
v 3.380733 0.034774 0.365000
v 3.387431 0.018494 0.310000
v 3.391492 0.000774 0.310000
v 3.391492 0.000774 0.365000
v 3.387431 0.018494 0.365000
v 3.391492 0.000774 0.310000
v 3.392846 -0.018494 0.310000
v 3.392846 -0.018494 0.365000
v 3.391492 0.000774 0.365000
v 3.392846 -0.018494 0.310000
v 3.385480 -0.063921 0.310000
v 3.385480 -0.063921 0.365000
v 3.392846 -0.018494 0.365000
v 3.385480 -0.063921 0.310000
v 3.363382 -0.099644 0.310000
v 3.363382 -0.099644 0.365000
v 3.385480 -0.063921 0.365000
v 3.363382 -0.099644 0.310000
v 3.329417 -0.122797 0.310000
v 3.329417 -0.122797 0.365000
v 3.363382 -0.099644 0.365000
v 3.329417 -0.122797 0.310000
v 3.286310 -0.130515 0.310000
v 3.286310 -0.130515 0.365000
v 3.329417 -0.122797 0.365000
v 3.286310 -0.130515 0.310000
v 3.238809 -0.121883 0.310000
v 3.238809 -0.121883 0.365000
v 3.286310 -0.130515 0.365000
v 3.238809 -0.121883 0.310000
v 3.201785 -0.095988 0.310000
v 3.201785 -0.095988 0.365000
v 3.238809 -0.121883 0.365000
v 3.201785 -0.095988 0.310000
v 3.177946 -0.055641 0.310000
v 3.177946 -0.055641 0.365000
v 3.201785 -0.095988 0.365000
v 3.177946 -0.055641 0.310000
v 3.170000 -0.003516 0.310000
v 3.170000 -0.003516 0.365000
v 3.177946 -0.055641 0.365000
v 3.170000 -0.003516 0.310000
v 3.180794 0.053198 0.310000
v 3.180794 0.053198 0.365000
v 3.170000 -0.003516 0.365000
v 3.180794 0.053198 0.310000
v 3.213177 0.095495 0.310000
v 3.213177 0.095495 0.365000
v 3.180794 0.053198 0.365000
v 3.213177 0.095495 0.310000
v 3.265443 0.121760 0.310000
v 3.265443 0.121760 0.365000
v 3.213177 0.095495 0.365000
v 3.265443 0.121760 0.310000
v 3.335746 0.130515 0.310000
v 3.335746 0.130515 0.365000
v 3.265443 0.121760 0.365000
v 3.335746 0.130515 0.310000
v 3.408334 0.120266 0.310000
v 3.408334 0.120266 0.365000
v 3.335746 0.130515 0.365000
v 3.408334 0.120266 0.310000
v 3.463518 0.089518 0.310000
v 3.463518 0.089518 0.365000
v 3.408334 0.120266 0.365000
v 3.463518 0.089518 0.310000
v 3.498380 0.040927 0.310000
v 3.498380 0.040927 0.365000
v 3.463518 0.089518 0.365000
v 3.498380 0.040927 0.310000
v 3.510000 -0.022854 0.310000
v 3.510000 -0.022854 0.365000
v 3.498380 0.040927 0.365000
v 3.510000 -0.022854 0.310000
v 3.509121 -0.045163 0.310000
v 3.509121 -0.045163 0.365000
v 3.510000 -0.022854 0.365000
v 3.509121 -0.045163 0.310000
v 3.506484 -0.066805 0.310000
v 3.506484 -0.066805 0.365000
v 3.509121 -0.045163 0.365000
v 3.506484 -0.066805 0.310000
v 3.502089 -0.088006 0.310000
v 3.502089 -0.088006 0.365000
v 3.506484 -0.066805 0.365000
v 3.502089 -0.088006 0.310000
v 3.495936 -0.108997 0.310000
v 3.495936 -0.108997 0.365000
v 3.502089 -0.088006 0.365000
v 3.495936 -0.108997 0.310000
v 3.435249 -0.108997 0.310000
v 3.435249 -0.108997 0.365000
v 3.495936 -0.108997 0.365000
v 3.334744 0.015013 0.310000
v 3.323932 0.028902 0.310000
v 3.323932 0.028902 0.365000
v 3.334744 0.015013 0.365000
v 3.323932 0.028902 0.310000
v 3.305965 0.037235 0.310000
v 3.305965 0.037235 0.365000
v 3.323932 0.028902 0.365000
v 3.305965 0.037235 0.310000
v 3.280755 0.040012 0.310000
v 3.280755 0.040012 0.365000
v 3.305965 0.037235 0.365000
v 3.280755 0.040012 0.310000
v 3.255580 0.037235 0.310000
v 3.255580 0.037235 0.365000
v 3.280755 0.040012 0.365000
v 3.255580 0.037235 0.310000
v 3.237578 0.028902 0.310000
v 3.237578 0.028902 0.365000
v 3.255580 0.037235 0.365000
v 3.237578 0.028902 0.310000
v 3.226819 0.015013 0.310000
v 3.226819 0.015013 0.365000
v 3.237578 0.028902 0.365000
v 3.226819 0.015013 0.310000
v 3.223233 -0.004430 0.310000
v 3.223233 -0.004430 0.365000
v 3.226819 0.015013 0.365000
v 3.223233 -0.004430 0.310000
v 3.226819 -0.023979 0.310000
v 3.226819 -0.023979 0.365000
v 3.223233 -0.004430 0.365000
v 3.226819 -0.023979 0.310000
v 3.237578 -0.037903 0.310000
v 3.237578 -0.037903 0.365000
v 3.226819 -0.023979 0.365000
v 3.237578 -0.037903 0.310000
v 3.255580 -0.046236 0.310000
v 3.255580 -0.046236 0.365000
v 3.237578 -0.037903 0.365000
v 3.255580 -0.046236 0.310000
v 3.280755 -0.049013 0.310000
v 3.280755 -0.049013 0.365000
v 3.255580 -0.046236 0.365000
v 3.280755 -0.049013 0.310000
v 3.305965 -0.046236 0.310000
v 3.305965 -0.046236 0.365000
v 3.280755 -0.049013 0.365000
v 3.305965 -0.046236 0.310000
v 3.323932 -0.037903 0.310000
v 3.323932 -0.037903 0.365000
v 3.305965 -0.046236 0.365000
v 3.323932 -0.037903 0.310000
v 3.334744 -0.023979 0.310000
v 3.334744 -0.023979 0.365000
v 3.323932 -0.037903 0.365000
v 3.334744 -0.023979 0.310000
v 3.338347 -0.004430 0.310000
v 3.338347 -0.004430 0.365000
v 3.334744 -0.023979 0.365000
v 3.338347 -0.004430 0.310000
v 3.334744 0.015013 0.310000
v 3.334744 0.015013 0.365000
v 3.338347 -0.004430 0.365000
v 3.403059 -0.814830 0.310000
v 3.348353 -0.797055 0.310000
v 3.339704 -0.874812 0.310000
v 3.403059 -0.814830 0.365000
v 3.348353 -0.797055 0.365000
v 3.339704 -0.874812 0.365000
v 3.403059 -0.814830 0.310000
v 3.339704 -0.874812 0.310000
v 3.394562 -0.892120 0.310000
v 3.403059 -0.814830 0.365000
v 3.339704 -0.874812 0.365000
v 3.394562 -0.892120 0.365000
v 3.394562 -0.892120 0.310000
v 3.339704 -0.874812 0.310000
v 3.369733 -0.968535 0.310000
v 3.394562 -0.892120 0.365000
v 3.339704 -0.874812 0.365000
v 3.369733 -0.968535 0.365000
v 3.369733 -0.968535 0.310000
v 3.339704 -0.874812 0.310000
v 3.113571 -0.885302 0.310000
v 3.369733 -0.968535 0.365000
v 3.339704 -0.874812 0.365000
v 3.113571 -0.885302 0.365000
v 3.090500 -0.956306 0.310000
v 3.113571 -0.885302 0.310000
v 3.034993 -0.938271 0.310000
v 3.090500 -0.956306 0.365000
v 3.113571 -0.885302 0.365000
v 3.034993 -0.938271 0.365000
v 3.034993 -0.938271 0.310000
v 3.113571 -0.885302 0.310000
v 3.105811 -0.720316 0.310000
v 3.034993 -0.938271 0.365000
v 3.113571 -0.885302 0.365000
v 3.105811 -0.720316 0.365000
v 3.105811 -0.720316 0.310000
v 3.113571 -0.885302 0.310000
v 3.138247 -0.809355 0.310000
v 3.105811 -0.720316 0.365000
v 3.113571 -0.885302 0.365000
v 3.138247 -0.809355 0.365000
v 3.105811 -0.720316 0.310000
v 3.138247 -0.809355 0.310000
v 3.161318 -0.738351 0.310000
v 3.105811 -0.720316 0.365000
v 3.138247 -0.809355 0.365000
v 3.161318 -0.738351 0.365000
v 3.339704 -0.874812 0.310000
v 3.138247 -0.809355 0.310000
v 3.113571 -0.885302 0.310000
v 3.339704 -0.874812 0.365000
v 3.138247 -0.809355 0.365000
v 3.113571 -0.885302 0.365000
v 3.138247 -0.809355 0.310000
v 3.339704 -0.874812 0.310000
v 3.339704 -0.874812 0.365000
v 3.138247 -0.809355 0.365000
v 3.339704 -0.874812 0.310000
v 3.348353 -0.797055 0.310000
v 3.348353 -0.797055 0.365000
v 3.339704 -0.874812 0.365000
v 3.348353 -0.797055 0.310000
v 3.403059 -0.814830 0.310000
v 3.403059 -0.814830 0.365000
v 3.348353 -0.797055 0.365000
v 3.403059 -0.814830 0.310000
v 3.394562 -0.892120 0.310000
v 3.394562 -0.892120 0.365000
v 3.403059 -0.814830 0.365000
v 3.394562 -0.892120 0.310000
v 3.369733 -0.968535 0.310000
v 3.369733 -0.968535 0.365000
v 3.394562 -0.892120 0.365000
v 3.369733 -0.968535 0.310000
v 3.113571 -0.885302 0.310000
v 3.113571 -0.885302 0.365000
v 3.369733 -0.968535 0.365000
v 3.113571 -0.885302 0.310000
v 3.090500 -0.956306 0.310000
v 3.090500 -0.956306 0.365000
v 3.113571 -0.885302 0.365000
v 3.090500 -0.956306 0.310000
v 3.034993 -0.938271 0.310000
v 3.034993 -0.938271 0.365000
v 3.090500 -0.956306 0.365000
v 3.034993 -0.938271 0.310000
v 3.105811 -0.720316 0.310000
v 3.105811 -0.720316 0.365000
v 3.034993 -0.938271 0.365000
v 3.105811 -0.720316 0.310000
v 3.161318 -0.738351 0.310000
v 3.161318 -0.738351 0.365000
v 3.105811 -0.720316 0.365000
v 3.161318 -0.738351 0.310000
v 3.138247 -0.809355 0.310000
v 3.138247 -0.809355 0.365000
v 3.161318 -0.738351 0.365000
v 3.283147 -1.110925 0.310000
v 3.240354 -1.069327 0.310000
v 3.227549 -1.157034 0.310000
v 3.283147 -1.110925 0.365000
v 3.240354 -1.069327 0.365000
v 3.227549 -1.157034 0.365000
v 3.283147 -1.110925 0.310000
v 3.227549 -1.157034 0.310000
v 3.301567 -1.161624 0.310000
v 3.283147 -1.110925 0.365000
v 3.227549 -1.157034 0.365000
v 3.301567 -1.161624 0.365000
v 3.301567 -1.161624 0.310000
v 3.227549 -1.157034 0.310000
v 3.240682 -1.177640 0.310000
v 3.301567 -1.161624 0.365000
v 3.227549 -1.157034 0.365000
v 3.240682 -1.177640 0.365000
v 3.301567 -1.161624 0.310000
v 3.240682 -1.177640 0.310000
v 3.294366 -1.219582 0.310000
v 3.301567 -1.161624 0.365000
v 3.240682 -1.177640 0.365000
v 3.294366 -1.219582 0.365000
v 3.294366 -1.219582 0.310000
v 3.240682 -1.177640 0.310000
v 3.239460 -1.201742 0.310000
v 3.294366 -1.219582 0.365000
v 3.240682 -1.177640 0.365000
v 3.239460 -1.201742 0.365000
v 3.294366 -1.219582 0.310000
v 3.239460 -1.201742 0.310000
v 3.226276 -1.221975 0.310000
v 3.294366 -1.219582 0.365000
v 3.239460 -1.201742 0.365000
v 3.226276 -1.221975 0.365000
v 3.294366 -1.219582 0.310000
v 3.226276 -1.221975 0.310000
v 3.266174 -1.270552 0.310000
v 3.294366 -1.219582 0.365000
v 3.226276 -1.221975 0.365000
v 3.266174 -1.270552 0.365000
v 3.266174 -1.270552 0.310000
v 3.226276 -1.221975 0.310000
v 3.203567 -1.230843 0.310000
v 3.266174 -1.270552 0.365000
v 3.226276 -1.221975 0.365000
v 3.203567 -1.230843 0.365000
v 3.266174 -1.270552 0.310000
v 3.203567 -1.230843 0.310000
v 3.221488 -1.300692 0.310000
v 3.266174 -1.270552 0.365000
v 3.203567 -1.230843 0.365000
v 3.221488 -1.300692 0.365000
v 3.221488 -1.300692 0.310000
v 3.203567 -1.230843 0.310000
v 3.162417 -1.309192 0.310000
v 3.221488 -1.300692 0.365000
v 3.203567 -1.230843 0.365000
v 3.162417 -1.309192 0.365000
v 3.162417 -1.309192 0.310000
v 3.203567 -1.230843 0.310000
v 3.168401 -1.228500 0.310000
v 3.162417 -1.309192 0.365000
v 3.203567 -1.230843 0.365000
v 3.168401 -1.228500 0.365000
v 3.162417 -1.309192 0.310000
v 3.168401 -1.228500 0.310000
v 3.090938 -1.295198 0.310000
v 3.162417 -1.309192 0.365000
v 3.168401 -1.228500 0.365000
v 3.090938 -1.295198 0.365000
v 3.090938 -1.295198 0.310000
v 3.168401 -1.228500 0.310000
v 3.117715 -1.215059 0.310000
v 3.090938 -1.295198 0.365000
v 3.168401 -1.228500 0.365000
v 3.117715 -1.215059 0.365000
v 3.090938 -1.295198 0.310000
v 3.117715 -1.215059 0.310000
v 3.068218 -1.195912 0.310000
v 3.090938 -1.295198 0.365000
v 3.117715 -1.215059 0.365000
v 3.068218 -1.195912 0.365000
v 3.090938 -1.295198 0.310000
v 3.068218 -1.195912 0.310000
v 3.025068 -1.264564 0.310000
v 3.090938 -1.295198 0.365000
v 3.068218 -1.195912 0.365000
v 3.025068 -1.264564 0.365000
v 2.982292 -1.222972 0.310000
v 3.025068 -1.264564 0.310000
v 3.037956 -1.176885 0.310000
v 2.982292 -1.222972 0.365000
v 3.025068 -1.264564 0.365000
v 3.037956 -1.176885 0.365000
v 2.982292 -1.222972 0.310000
v 3.037956 -1.176885 0.310000
v 2.963856 -1.172323 0.310000
v 2.982292 -1.222972 0.365000
v 3.037956 -1.176885 0.365000
v 2.963856 -1.172323 0.365000
v 2.963856 -1.172323 0.310000
v 3.037956 -1.176885 0.310000
v 3.024596 -1.156298 0.310000
v 2.963856 -1.172323 0.365000
v 3.037956 -1.176885 0.365000
v 3.024596 -1.156298 0.365000
v 2.963856 -1.172323 0.310000
v 3.024596 -1.156298 0.310000
v 2.971007 -1.114516 0.310000
v 2.963856 -1.172323 0.365000
v 3.024596 -1.156298 0.365000
v 2.971007 -1.114516 0.365000
v 2.971007 -1.114516 0.310000
v 3.024596 -1.156298 0.310000
v 3.025713 -1.132291 0.310000
v 2.971007 -1.114516 0.365000
v 3.024596 -1.156298 0.365000
v 3.025713 -1.132291 0.365000
v 2.971007 -1.114516 0.310000
v 3.025713 -1.132291 0.310000
v 3.038958 -1.112095 0.310000
v 2.971007 -1.114516 0.365000
v 3.025713 -1.132291 0.365000
v 3.038958 -1.112095 0.365000
v 2.971007 -1.114516 0.310000
v 3.038958 -1.112095 0.310000
v 2.999248 -1.063395 0.310000
v 2.971007 -1.114516 0.365000
v 3.038958 -1.112095 0.365000
v 2.999248 -1.063395 0.365000
v 2.999248 -1.063395 0.310000
v 3.038958 -1.112095 0.310000
v 3.061895 -1.103209 0.310000
v 2.999248 -1.063395 0.365000
v 3.038958 -1.112095 0.365000
v 3.061895 -1.103209 0.365000
v 2.999248 -1.063395 0.310000
v 3.061895 -1.103209 0.310000
v 3.043951 -1.033205 0.310000
v 2.999248 -1.063395 0.365000
v 3.061895 -1.103209 0.365000
v 3.043951 -1.033205 0.365000
v 3.043951 -1.033205 0.310000
v 3.061895 -1.103209 0.310000
v 3.103005 -1.024700 0.310000
v 3.043951 -1.033205 0.365000
v 3.061895 -1.103209 0.365000
v 3.103005 -1.024700 0.365000
v 3.103005 -1.024700 0.310000
v 3.061895 -1.103209 0.310000
v 3.097561 -1.105604 0.310000
v 3.103005 -1.024700 0.365000
v 3.061895 -1.103209 0.365000
v 3.097561 -1.105604 0.365000
v 3.103005 -1.024700 0.310000
v 3.097561 -1.105604 0.310000
v 3.174300 -1.038634 0.310000
v 3.103005 -1.024700 0.365000
v 3.097561 -1.105604 0.365000
v 3.174300 -1.038634 0.365000
v 3.174300 -1.038634 0.310000
v 3.097561 -1.105604 0.310000
v 3.148859 -1.119207 0.310000
v 3.174300 -1.038634 0.365000
v 3.097561 -1.105604 0.365000
v 3.148859 -1.119207 0.365000
v 3.174300 -1.038634 0.310000
v 3.148859 -1.119207 0.310000
v 3.197755 -1.138159 0.310000
v 3.174300 -1.038634 0.365000
v 3.148859 -1.119207 0.365000
v 3.197755 -1.138159 0.365000
v 3.174300 -1.038634 0.310000
v 3.197755 -1.138159 0.310000
v 3.240354 -1.069327 0.310000
v 3.174300 -1.038634 0.365000
v 3.197755 -1.138159 0.365000
v 3.240354 -1.069327 0.365000
v 3.240354 -1.069327 0.310000
v 3.197755 -1.138159 0.310000
v 3.227549 -1.157034 0.310000
v 3.240354 -1.069327 0.365000
v 3.197755 -1.138159 0.365000
v 3.227549 -1.157034 0.365000
v 3.068218 -1.195912 0.310000
v 3.037956 -1.176885 0.310000
v 3.025068 -1.264564 0.310000
v 3.068218 -1.195912 0.365000
v 3.037956 -1.176885 0.365000
v 3.025068 -1.264564 0.365000
v 3.025068 -1.264564 0.310000
v 2.982292 -1.222972 0.310000
v 2.982292 -1.222972 0.365000
v 3.025068 -1.264564 0.365000
v 2.982292 -1.222972 0.310000
v 2.963856 -1.172323 0.310000
v 2.963856 -1.172323 0.365000
v 2.982292 -1.222972 0.365000
v 2.963856 -1.172323 0.310000
v 2.971007 -1.114516 0.310000
v 2.971007 -1.114516 0.365000
v 2.963856 -1.172323 0.365000
v 2.971007 -1.114516 0.310000
v 2.999248 -1.063395 0.310000
v 2.999248 -1.063395 0.365000
v 2.971007 -1.114516 0.365000
v 2.999248 -1.063395 0.310000
v 3.043951 -1.033205 0.310000
v 3.043951 -1.033205 0.365000
v 2.999248 -1.063395 0.365000
v 3.043951 -1.033205 0.310000
v 3.103005 -1.024700 0.310000
v 3.103005 -1.024700 0.365000
v 3.043951 -1.033205 0.365000
v 3.103005 -1.024700 0.310000
v 3.174300 -1.038634 0.310000
v 3.174300 -1.038634 0.365000
v 3.103005 -1.024700 0.365000
v 3.174300 -1.038634 0.310000
v 3.240354 -1.069327 0.310000
v 3.240354 -1.069327 0.365000
v 3.174300 -1.038634 0.365000
v 3.240354 -1.069327 0.310000
v 3.283147 -1.110925 0.310000
v 3.283147 -1.110925 0.365000
v 3.240354 -1.069327 0.365000
v 3.283147 -1.110925 0.310000
v 3.301567 -1.161624 0.310000
v 3.301567 -1.161624 0.365000
v 3.283147 -1.110925 0.365000
v 3.301567 -1.161624 0.310000
v 3.294366 -1.219582 0.310000
v 3.294366 -1.219582 0.365000
v 3.301567 -1.161624 0.365000
v 3.294366 -1.219582 0.310000
v 3.266174 -1.270552 0.310000
v 3.266174 -1.270552 0.365000
v 3.294366 -1.219582 0.365000
v 3.266174 -1.270552 0.310000
v 3.221488 -1.300692 0.310000
v 3.221488 -1.300692 0.365000
v 3.266174 -1.270552 0.365000
v 3.221488 -1.300692 0.310000
v 3.162417 -1.309192 0.310000
v 3.162417 -1.309192 0.365000
v 3.221488 -1.300692 0.365000
v 3.162417 -1.309192 0.310000
v 3.090938 -1.295198 0.310000
v 3.090938 -1.295198 0.365000
v 3.162417 -1.309192 0.365000
v 3.090938 -1.295198 0.310000
v 3.025068 -1.264564 0.310000
v 3.025068 -1.264564 0.365000
v 3.090938 -1.295198 0.365000
v 3.168401 -1.228500 0.310000
v 3.203567 -1.230843 0.310000
v 3.203567 -1.230843 0.365000
v 3.168401 -1.228500 0.365000
v 3.203567 -1.230843 0.310000
v 3.226276 -1.221975 0.310000
v 3.226276 -1.221975 0.365000
v 3.203567 -1.230843 0.365000
v 3.226276 -1.221975 0.310000
v 3.239460 -1.201742 0.310000
v 3.239460 -1.201742 0.365000
v 3.226276 -1.221975 0.365000
v 3.239460 -1.201742 0.310000
v 3.240682 -1.177640 0.310000
v 3.240682 -1.177640 0.365000
v 3.239460 -1.201742 0.365000
v 3.240682 -1.177640 0.310000
v 3.227549 -1.157034 0.310000
v 3.227549 -1.157034 0.365000
v 3.240682 -1.177640 0.365000
v 3.227549 -1.157034 0.310000
v 3.197755 -1.138159 0.310000
v 3.197755 -1.138159 0.365000
v 3.227549 -1.157034 0.365000
v 3.197755 -1.138159 0.310000
v 3.148859 -1.119207 0.310000
v 3.148859 -1.119207 0.365000
v 3.197755 -1.138159 0.365000
v 3.148859 -1.119207 0.310000
v 3.097561 -1.105604 0.310000
v 3.097561 -1.105604 0.365000
v 3.148859 -1.119207 0.365000
v 3.097561 -1.105604 0.310000
v 3.061895 -1.103209 0.310000
v 3.061895 -1.103209 0.365000
v 3.097561 -1.105604 0.365000
v 3.061895 -1.103209 0.310000
v 3.038958 -1.112095 0.310000
v 3.038958 -1.112095 0.365000
v 3.061895 -1.103209 0.365000
v 3.038958 -1.112095 0.310000
v 3.025713 -1.132291 0.310000
v 3.025713 -1.132291 0.365000
v 3.038958 -1.112095 0.365000
v 3.025713 -1.132291 0.310000
v 3.024596 -1.156298 0.310000
v 3.024596 -1.156298 0.365000
v 3.025713 -1.132291 0.365000
v 3.024596 -1.156298 0.310000
v 3.037956 -1.176885 0.310000
v 3.037956 -1.176885 0.365000
v 3.024596 -1.156298 0.365000
v 3.037956 -1.176885 0.310000
v 3.068218 -1.195912 0.310000
v 3.068218 -1.195912 0.365000
v 3.037956 -1.176885 0.365000
v 3.068218 -1.195912 0.310000
v 3.117715 -1.215059 0.310000
v 3.117715 -1.215059 0.365000
v 3.068218 -1.195912 0.365000
v 3.117715 -1.215059 0.310000
v 3.168401 -1.228500 0.310000
v 3.168401 -1.228500 0.365000
v 3.117715 -1.215059 0.365000
v 2.989162 -1.829980 0.310000
v 2.941805 -1.795573 0.310000
v 2.908981 -1.868111 0.310000
v 2.989162 -1.829980 0.365000
v 2.941805 -1.795573 0.365000
v 2.908981 -1.868111 0.365000
v 2.989162 -1.829980 0.310000
v 2.908981 -1.868111 0.310000
v 2.956632 -1.902113 0.310000
v 2.989162 -1.829980 0.365000
v 2.908981 -1.868111 0.365000
v 2.956632 -1.902113 0.365000
v 2.956632 -1.902113 0.310000
v 2.908981 -1.868111 0.310000
v 2.908572 -1.968263 0.310000
v 2.956632 -1.902113 0.365000
v 2.908981 -1.868111 0.365000
v 2.908572 -1.968263 0.365000
v 2.908572 -1.968263 0.310000
v 2.908981 -1.868111 0.310000
v 2.686819 -1.807151 0.310000
v 2.908572 -1.968263 0.365000
v 2.908981 -1.868111 0.365000
v 2.686819 -1.807151 0.365000
v 2.642161 -1.868617 0.310000
v 2.686819 -1.807151 0.310000
v 2.594110 -1.833706 0.310000
v 2.642161 -1.868617 0.365000
v 2.686819 -1.807151 0.365000
v 2.594110 -1.833706 0.365000
v 2.594110 -1.833706 0.310000
v 2.686819 -1.807151 0.310000
v 2.731192 -1.645028 0.310000
v 2.594110 -1.833706 0.365000
v 2.686819 -1.807151 0.365000
v 2.731192 -1.645028 0.365000
v 2.731192 -1.645028 0.310000
v 2.686819 -1.807151 0.310000
v 2.734586 -1.741405 0.310000
v 2.731192 -1.645028 0.365000
v 2.686819 -1.807151 0.365000
v 2.734586 -1.741405 0.365000
v 2.731192 -1.645028 0.310000
v 2.734586 -1.741405 0.310000
v 2.779243 -1.679939 0.310000
v 2.731192 -1.645028 0.365000
v 2.734586 -1.741405 0.365000
v 2.779243 -1.679939 0.365000
v 2.908981 -1.868111 0.310000
v 2.734586 -1.741405 0.310000
v 2.686819 -1.807151 0.310000
v 2.908981 -1.868111 0.365000
v 2.734586 -1.741405 0.365000
v 2.686819 -1.807151 0.365000
v 2.779243 -1.679939 0.310000
v 2.734586 -1.741405 0.310000
v 2.734586 -1.741405 0.365000
v 2.779243 -1.679939 0.365000
v 2.734586 -1.741405 0.310000
v 2.908981 -1.868111 0.310000
v 2.908981 -1.868111 0.365000
v 2.734586 -1.741405 0.365000
v 2.908981 -1.868111 0.310000
v 2.941805 -1.795573 0.310000
v 2.941805 -1.795573 0.365000
v 2.908981 -1.868111 0.365000
v 2.941805 -1.795573 0.310000
v 2.989162 -1.829980 0.310000
v 2.989162 -1.829980 0.365000
v 2.941805 -1.795573 0.365000
v 2.989162 -1.829980 0.310000
v 2.956632 -1.902113 0.310000
v 2.956632 -1.902113 0.365000
v 2.989162 -1.829980 0.365000
v 2.956632 -1.902113 0.310000
v 2.908572 -1.968263 0.310000
v 2.908572 -1.968263 0.365000
v 2.956632 -1.902113 0.365000
v 2.908572 -1.968263 0.310000
v 2.686819 -1.807151 0.310000
v 2.686819 -1.807151 0.365000
v 2.908572 -1.968263 0.365000
v 2.686819 -1.807151 0.310000
v 2.642161 -1.868617 0.310000
v 2.642161 -1.868617 0.365000
v 2.686819 -1.807151 0.365000
v 2.642161 -1.868617 0.310000
v 2.594110 -1.833706 0.310000
v 2.594110 -1.833706 0.365000
v 2.642161 -1.868617 0.365000
v 2.594110 -1.833706 0.310000
v 2.731192 -1.645028 0.310000
v 2.731192 -1.645028 0.365000
v 2.594110 -1.833706 0.365000
v 2.731192 -1.645028 0.310000
v 2.779243 -1.679939 0.310000
v 2.779243 -1.679939 0.365000
v 2.731192 -1.645028 0.365000
v 2.816940 -2.094383 0.310000
v 2.665154 -1.984104 0.310000
v 2.683687 -2.082382 0.310000
v 2.816940 -2.094383 0.365000
v 2.665154 -1.984104 0.365000
v 2.683687 -2.082382 0.365000
v 2.816940 -2.094383 0.310000
v 2.683687 -2.082382 0.310000
v 2.725436 -2.112714 0.310000
v 2.816940 -2.094383 0.365000
v 2.683687 -2.082382 0.365000
v 2.725436 -2.112714 0.365000
v 2.816940 -2.094383 0.310000
v 2.725436 -2.112714 0.310000
v 2.691285 -2.267333 0.310000
v 2.816940 -2.094383 0.365000
v 2.725436 -2.112714 0.365000
v 2.691285 -2.267333 0.365000
v 2.691285 -2.267333 0.310000
v 2.725436 -2.112714 0.310000
v 2.640111 -2.230153 0.310000
v 2.691285 -2.267333 0.365000
v 2.725436 -2.112714 0.365000
v 2.640111 -2.230153 0.365000
v 2.495330 -2.154737 0.310000
v 2.539538 -2.176364 0.310000
v 2.545870 -2.085175 0.310000
v 2.495330 -2.154737 0.365000
v 2.539538 -2.176364 0.365000
v 2.545870 -2.085175 0.365000
v 2.495330 -2.154737 0.310000
v 2.545870 -2.085175 0.310000
v 2.461773 -2.118937 0.310000
v 2.495330 -2.154737 0.365000
v 2.545870 -2.085175 0.365000
v 2.461773 -2.118937 0.365000
v 2.448529 -2.075059 0.310000
v 2.461773 -2.118937 0.310000
v 2.529550 -2.067753 0.310000
v 2.448529 -2.075059 0.365000
v 2.461773 -2.118937 0.365000
v 2.529550 -2.067753 0.365000
v 2.448529 -2.075059 0.310000
v 2.529550 -2.067753 0.310000
v 2.522919 -2.046237 0.310000
v 2.448529 -2.075059 0.365000
v 2.529550 -2.067753 0.365000
v 2.522919 -2.046237 0.365000
v 2.448529 -2.075059 0.310000
v 2.522919 -2.046237 0.310000
v 2.455910 -2.025867 0.310000
v 2.448529 -2.075059 0.365000
v 2.522919 -2.046237 0.365000
v 2.455910 -2.025867 0.365000
v 2.455910 -2.025867 0.310000
v 2.522919 -2.046237 0.310000
v 2.526137 -2.022292 0.310000
v 2.455910 -2.025867 0.365000
v 2.522919 -2.046237 0.365000
v 2.526137 -2.022292 0.365000
v 2.455910 -2.025867 0.310000
v 2.526137 -2.022292 0.310000
v 2.484109 -1.974044 0.310000
v 2.455910 -2.025867 0.365000
v 2.526137 -2.022292 0.365000
v 2.484109 -1.974044 0.365000
v 2.484109 -1.974044 0.310000
v 2.526137 -2.022292 0.310000
v 2.539448 -1.997464 0.310000
v 2.484109 -1.974044 0.365000
v 2.526137 -2.022292 0.365000
v 2.539448 -1.997464 0.365000
v 2.484109 -1.974044 0.310000
v 2.539448 -1.997464 0.310000
v 2.501816 -1.952012 0.310000
v 2.484109 -1.974044 0.365000
v 2.539448 -1.997464 0.365000
v 2.501816 -1.952012 0.365000
v 2.501816 -1.952012 0.310000
v 2.539448 -1.997464 0.310000
v 2.554195 -1.980481 0.310000
v 2.501816 -1.952012 0.365000
v 2.539448 -1.997464 0.365000
v 2.554195 -1.980481 0.365000
v 2.501816 -1.952012 0.310000
v 2.554195 -1.980481 0.310000
v 2.521582 -1.931829 0.310000
v 2.501816 -1.952012 0.365000
v 2.554195 -1.980481 0.365000
v 2.521582 -1.931829 0.365000
v 2.521582 -1.931829 0.310000
v 2.554195 -1.980481 0.310000
v 2.572890 -1.964690 0.310000
v 2.521582 -1.931829 0.365000
v 2.554195 -1.980481 0.365000
v 2.572890 -1.964690 0.365000
v 2.521582 -1.931829 0.310000
v 2.572890 -1.964690 0.310000
v 2.543466 -1.913473 0.310000
v 2.521582 -1.931829 0.365000
v 2.572890 -1.964690 0.365000
v 2.543466 -1.913473 0.365000
v 2.543466 -1.913473 0.310000
v 2.572890 -1.964690 0.310000
v 2.595604 -1.950116 0.310000
v 2.543466 -1.913473 0.365000
v 2.572890 -1.964690 0.365000
v 2.595604 -1.950116 0.365000
v 2.543466 -1.913473 0.310000
v 2.595604 -1.950116 0.310000
v 2.567530 -1.896920 0.310000
v 2.543466 -1.913473 0.365000
v 2.595604 -1.950116 0.365000
v 2.567530 -1.896920 0.365000
v 2.567530 -1.896920 0.310000
v 2.595604 -1.950116 0.310000
v 2.622288 -1.936705 0.310000
v 2.567530 -1.896920 0.365000
v 2.595604 -1.950116 0.365000
v 2.622288 -1.936705 0.365000
v 2.665154 -1.984104 0.310000
v 2.658467 -2.008113 0.310000
v 2.683687 -2.082382 0.310000
v 2.665154 -1.984104 0.365000
v 2.658467 -2.008113 0.365000
v 2.683687 -2.082382 0.365000
v 2.683687 -2.082382 0.310000
v 2.658467 -2.008113 0.310000
v 2.650614 -2.029287 0.310000
v 2.683687 -2.082382 0.365000
v 2.658467 -2.008113 0.365000
v 2.650614 -2.029287 0.365000
v 2.683687 -2.082382 0.310000
v 2.650614 -2.029287 0.310000
v 2.641569 -2.047938 0.310000
v 2.683687 -2.082382 0.365000
v 2.650614 -2.029287 0.365000
v 2.641569 -2.047938 0.365000
v 2.683687 -2.082382 0.310000
v 2.641569 -2.047938 0.310000
v 2.631272 -2.064178 0.310000
v 2.683687 -2.082382 0.365000
v 2.641569 -2.047938 0.365000
v 2.631272 -2.064178 0.365000
v 2.683687 -2.082382 0.310000
v 2.631272 -2.064178 0.310000
v 2.679848 -2.091740 0.310000
v 2.683687 -2.082382 0.365000
v 2.631272 -2.064178 0.365000
v 2.679848 -2.091740 0.365000
v 2.539538 -2.176364 0.310000
v 2.584038 -2.177222 0.310000
v 2.567584 -2.095385 0.310000
v 2.539538 -2.176364 0.365000
v 2.584038 -2.177222 0.365000
v 2.567584 -2.095385 0.365000
v 2.539538 -2.176364 0.310000
v 2.567584 -2.095385 0.310000
v 2.545870 -2.085175 0.310000
v 2.539538 -2.176364 0.365000
v 2.567584 -2.095385 0.365000
v 2.545870 -2.085175 0.365000
v 2.545870 -2.085175 0.310000
v 2.529550 -2.067753 0.310000
v 2.461773 -2.118937 0.310000
v 2.545870 -2.085175 0.365000
v 2.529550 -2.067753 0.365000
v 2.461773 -2.118937 0.365000
v 2.631272 -2.064178 0.310000
v 2.611787 -2.084521 0.310000
v 2.670401 -2.109636 0.310000
v 2.631272 -2.064178 0.365000
v 2.611787 -2.084521 0.365000
v 2.670401 -2.109636 0.365000
v 2.631272 -2.064178 0.310000
v 2.670401 -2.109636 0.310000
v 2.675446 -2.100778 0.310000
v 2.631272 -2.064178 0.365000
v 2.670401 -2.109636 0.365000
v 2.675446 -2.100778 0.365000
v 2.631272 -2.064178 0.310000
v 2.675446 -2.100778 0.310000
v 2.679848 -2.091740 0.310000
v 2.631272 -2.064178 0.365000
v 2.675446 -2.100778 0.365000
v 2.679848 -2.091740 0.365000
v 2.670401 -2.109636 0.310000
v 2.611787 -2.084521 0.310000
v 2.664519 -2.118371 0.310000
v 2.670401 -2.109636 0.365000
v 2.611787 -2.084521 0.365000
v 2.664519 -2.118371 0.365000
v 2.664519 -2.118371 0.310000
v 2.611787 -2.084521 0.310000
v 2.626481 -2.157745 0.310000
v 2.664519 -2.118371 0.365000
v 2.611787 -2.084521 0.365000
v 2.626481 -2.157745 0.365000
v 2.626481 -2.157745 0.310000
v 2.611787 -2.084521 0.310000
v 2.590052 -2.095012 0.310000
v 2.626481 -2.157745 0.365000
v 2.611787 -2.084521 0.365000
v 2.590052 -2.095012 0.365000
v 2.626481 -2.157745 0.310000
v 2.590052 -2.095012 0.310000
v 2.584038 -2.177222 0.310000
v 2.626481 -2.157745 0.365000
v 2.590052 -2.095012 0.365000
v 2.584038 -2.177222 0.365000
v 2.584038 -2.177222 0.310000
v 2.590052 -2.095012 0.310000
v 2.567584 -2.095385 0.310000
v 2.584038 -2.177222 0.365000
v 2.590052 -2.095012 0.365000
v 2.567584 -2.095385 0.365000
v 2.816940 -2.094383 0.310000
v 2.691285 -2.267333 0.310000
v 2.691285 -2.267333 0.365000
v 2.816940 -2.094383 0.365000
v 2.691285 -2.267333 0.310000
v 2.640111 -2.230153 0.310000
v 2.640111 -2.230153 0.365000
v 2.691285 -2.267333 0.365000
v 2.640111 -2.230153 0.310000
v 2.725436 -2.112714 0.310000
v 2.725436 -2.112714 0.365000
v 2.640111 -2.230153 0.365000
v 2.725436 -2.112714 0.310000
v 2.683687 -2.082382 0.310000
v 2.683687 -2.082382 0.365000
v 2.725436 -2.112714 0.365000
v 2.683687 -2.082382 0.310000
v 2.679848 -2.091740 0.310000
v 2.679848 -2.091740 0.365000
v 2.683687 -2.082382 0.365000
v 2.679848 -2.091740 0.310000
v 2.675446 -2.100778 0.310000
v 2.675446 -2.100778 0.365000
v 2.679848 -2.091740 0.365000
v 2.675446 -2.100778 0.310000
v 2.670401 -2.109636 0.310000
v 2.670401 -2.109636 0.365000
v 2.675446 -2.100778 0.365000
v 2.670401 -2.109636 0.310000
v 2.664519 -2.118371 0.310000
v 2.664519 -2.118371 0.365000
v 2.670401 -2.109636 0.365000
v 2.664519 -2.118371 0.310000
v 2.626481 -2.157745 0.310000
v 2.626481 -2.157745 0.365000
v 2.664519 -2.118371 0.365000
v 2.626481 -2.157745 0.310000
v 2.584038 -2.177222 0.310000
v 2.584038 -2.177222 0.365000
v 2.626481 -2.157745 0.365000
v 2.584038 -2.177222 0.310000
v 2.539538 -2.176364 0.310000
v 2.539538 -2.176364 0.365000
v 2.584038 -2.177222 0.365000
v 2.539538 -2.176364 0.310000
v 2.495330 -2.154737 0.310000
v 2.495330 -2.154737 0.365000
v 2.539538 -2.176364 0.365000
v 2.495330 -2.154737 0.310000
v 2.461773 -2.118937 0.310000
v 2.461773 -2.118937 0.365000
v 2.495330 -2.154737 0.365000
v 2.461773 -2.118937 0.310000
v 2.448529 -2.075059 0.310000
v 2.448529 -2.075059 0.365000
v 2.461773 -2.118937 0.365000
v 2.448529 -2.075059 0.310000
v 2.455910 -2.025867 0.310000
v 2.455910 -2.025867 0.365000
v 2.448529 -2.075059 0.365000
v 2.455910 -2.025867 0.310000
v 2.484109 -1.974044 0.310000
v 2.484109 -1.974044 0.365000
v 2.455910 -2.025867 0.365000
v 2.484109 -1.974044 0.310000
v 2.501816 -1.952012 0.310000
v 2.501816 -1.952012 0.365000
v 2.484109 -1.974044 0.365000
v 2.501816 -1.952012 0.310000
v 2.521582 -1.931829 0.310000
v 2.521582 -1.931829 0.365000
v 2.501816 -1.952012 0.365000
v 2.521582 -1.931829 0.310000
v 2.543466 -1.913473 0.310000
v 2.543466 -1.913473 0.365000
v 2.521582 -1.931829 0.365000
v 2.543466 -1.913473 0.310000
v 2.567530 -1.896920 0.310000
v 2.567530 -1.896920 0.365000
v 2.543466 -1.913473 0.365000
v 2.567530 -1.896920 0.310000
v 2.622288 -1.936705 0.310000
v 2.622288 -1.936705 0.365000
v 2.567530 -1.896920 0.365000
v 2.622288 -1.936705 0.310000
v 2.595604 -1.950116 0.310000
v 2.595604 -1.950116 0.365000
v 2.622288 -1.936705 0.365000
v 2.595604 -1.950116 0.310000
v 2.572890 -1.964690 0.310000
v 2.572890 -1.964690 0.365000
v 2.595604 -1.950116 0.365000
v 2.572890 -1.964690 0.310000
v 2.554195 -1.980481 0.310000
v 2.554195 -1.980481 0.365000
v 2.572890 -1.964690 0.365000
v 2.554195 -1.980481 0.310000
v 2.539448 -1.997464 0.310000
v 2.539448 -1.997464 0.365000
v 2.554195 -1.980481 0.365000
v 2.539448 -1.997464 0.310000
v 2.526137 -2.022292 0.310000
v 2.526137 -2.022292 0.365000
v 2.539448 -1.997464 0.365000
v 2.526137 -2.022292 0.310000
v 2.522919 -2.046237 0.310000
v 2.522919 -2.046237 0.365000
v 2.526137 -2.022292 0.365000
v 2.522919 -2.046237 0.310000
v 2.529550 -2.067753 0.310000
v 2.529550 -2.067753 0.365000
v 2.522919 -2.046237 0.365000
v 2.529550 -2.067753 0.310000
v 2.545870 -2.085175 0.310000
v 2.545870 -2.085175 0.365000
v 2.529550 -2.067753 0.365000
v 2.545870 -2.085175 0.310000
v 2.567584 -2.095385 0.310000
v 2.567584 -2.095385 0.365000
v 2.545870 -2.085175 0.365000
v 2.567584 -2.095385 0.310000
v 2.590052 -2.095012 0.310000
v 2.590052 -2.095012 0.365000
v 2.567584 -2.095385 0.365000
v 2.590052 -2.095012 0.310000
v 2.611787 -2.084521 0.310000
v 2.611787 -2.084521 0.365000
v 2.590052 -2.095012 0.365000
v 2.611787 -2.084521 0.310000
v 2.631272 -2.064178 0.310000
v 2.631272 -2.064178 0.365000
v 2.611787 -2.084521 0.365000
v 2.631272 -2.064178 0.310000
v 2.641569 -2.047938 0.310000
v 2.641569 -2.047938 0.365000
v 2.631272 -2.064178 0.365000
v 2.641569 -2.047938 0.310000
v 2.650614 -2.029287 0.310000
v 2.650614 -2.029287 0.365000
v 2.641569 -2.047938 0.365000
v 2.650614 -2.029287 0.310000
v 2.658467 -2.008113 0.310000
v 2.658467 -2.008113 0.365000
v 2.650614 -2.029287 0.365000
v 2.658467 -2.008113 0.310000
v 2.665154 -1.984104 0.310000
v 2.665154 -1.984104 0.365000
v 2.658467 -2.008113 0.365000
v 2.665154 -1.984104 0.310000
v 2.816940 -2.094383 0.310000
v 2.816940 -2.094383 0.365000
v 2.665154 -1.984104 0.365000
v 2.148987 -2.752937 0.310000
v 2.105862 -2.693581 0.310000
v 2.093252 -2.721190 0.310000
v 2.148987 -2.752937 0.365000
v 2.105862 -2.693581 0.365000
v 2.093252 -2.721190 0.365000
v 2.148987 -2.752937 0.310000
v 2.093252 -2.721190 0.310000
v 2.130571 -2.776757 0.310000
v 2.148987 -2.752937 0.365000
v 2.093252 -2.721190 0.365000
v 2.130571 -2.776757 0.365000
v 2.130571 -2.776757 0.310000
v 2.093252 -2.721190 0.310000
v 2.079520 -2.744394 0.310000
v 2.130571 -2.776757 0.365000
v 2.093252 -2.721190 0.365000
v 2.079520 -2.744394 0.365000
v 2.130571 -2.776757 0.310000
v 2.079520 -2.744394 0.310000
v 2.111070 -2.798535 0.310000
v 2.130571 -2.776757 0.365000
v 2.079520 -2.744394 0.365000
v 2.111070 -2.798535 0.365000
v 2.111070 -2.798535 0.310000
v 2.079520 -2.744394 0.310000
v 2.064689 -2.763132 0.310000
v 2.111070 -2.798535 0.365000
v 2.079520 -2.744394 0.365000
v 2.064689 -2.763132 0.365000
v 2.111070 -2.798535 0.310000
v 2.064689 -2.763132 0.310000
v 2.090552 -2.818153 0.310000
v 2.111070 -2.798535 0.365000
v 2.064689 -2.763132 0.365000
v 2.090552 -2.818153 0.365000
v 2.090552 -2.818153 0.310000
v 2.064689 -2.763132 0.310000
v 2.048897 -2.777260 0.310000
v 2.090552 -2.818153 0.365000
v 2.064689 -2.763132 0.365000
v 2.048897 -2.777260 0.365000
v 2.090552 -2.818153 0.310000
v 2.048897 -2.777260 0.310000
v 2.069004 -2.835379 0.310000
v 2.090552 -2.818153 0.365000
v 2.048897 -2.777260 0.365000
v 2.069004 -2.835379 0.365000
v 2.069004 -2.835379 0.310000
v 2.048897 -2.777260 0.310000
v 2.027713 -2.788228 0.310000
v 2.069004 -2.835379 0.365000
v 2.048897 -2.777260 0.365000
v 2.027713 -2.788228 0.365000
v 2.069004 -2.835379 0.310000
v 2.027713 -2.788228 0.310000
v 2.022010 -2.861361 0.310000
v 2.069004 -2.835379 0.365000
v 2.027713 -2.788228 0.365000
v 2.022010 -2.861361 0.365000
v 2.022010 -2.861361 0.310000
v 2.027713 -2.788228 0.310000
v 2.006548 -2.790333 0.310000
v 2.022010 -2.861361 0.365000
v 2.027713 -2.788228 0.365000
v 2.006548 -2.790333 0.365000
v 2.022010 -2.861361 0.310000
v 2.006548 -2.790333 0.310000
v 1.978082 -2.868790 0.310000
v 2.022010 -2.861361 0.365000
v 2.006548 -2.790333 0.365000
v 1.978082 -2.868790 0.365000
v 1.978082 -2.868790 0.310000
v 2.006548 -2.790333 0.310000
v 1.987232 -2.783840 0.310000
v 1.978082 -2.868790 0.365000
v 2.006548 -2.790333 0.365000
v 1.987232 -2.783840 0.365000
v 1.978082 -2.868790 0.310000
v 1.987232 -2.783840 0.310000
v 1.939376 -2.857894 0.310000
v 1.978082 -2.868790 0.365000
v 1.987232 -2.783840 0.365000
v 1.939376 -2.857894 0.365000
v 1.939376 -2.857894 0.310000
v 1.987232 -2.783840 0.310000
v 1.907961 -2.828782 0.310000
v 1.939376 -2.857894 0.365000
v 1.987232 -2.783840 0.365000
v 1.907961 -2.828782 0.365000
v 1.907961 -2.828782 0.310000
v 1.987232 -2.783840 0.310000
v 1.971594 -2.769014 0.310000
v 1.907961 -2.828782 0.365000
v 1.987232 -2.783840 0.365000
v 1.971594 -2.769014 0.365000
v 1.907961 -2.828782 0.310000
v 1.971594 -2.769014 0.310000
v 1.895320 -2.805385 0.310000
v 1.907961 -2.828782 0.365000
v 1.971594 -2.769014 0.365000
v 1.895320 -2.805385 0.365000
v 1.765095 -2.635919 0.310000
v 1.802288 -2.687110 0.310000
v 1.921174 -2.600734 0.310000
v 1.765095 -2.635919 0.365000
v 1.802288 -2.687110 0.365000
v 1.921174 -2.600734 0.365000
v 1.765095 -2.635919 0.310000
v 1.921174 -2.600734 0.310000
v 1.961463 -2.493249 0.310000
v 1.765095 -2.635919 0.365000
v 1.921174 -2.600734 0.365000
v 1.961463 -2.493249 0.365000
v 1.961463 -2.493249 0.310000
v 1.921174 -2.600734 0.310000
v 1.998656 -2.544440 0.310000
v 1.961463 -2.493249 0.365000
v 1.921174 -2.600734 0.365000
v 1.998656 -2.544440 0.365000
v 1.998656 -2.544440 0.310000
v 1.921174 -2.600734 0.310000
v 1.963315 -2.703185 0.310000
v 1.998656 -2.544440 0.365000
v 1.921174 -2.600734 0.365000
v 1.963315 -2.703185 0.365000
v 1.971594 -2.769014 0.310000
v 1.964410 -2.755808 0.310000
v 1.889455 -2.779321 0.310000
v 1.971594 -2.769014 0.365000
v 1.964410 -2.755808 0.365000
v 1.889455 -2.779321 0.365000
v 1.971594 -2.769014 0.310000
v 1.889455 -2.779321 0.310000
v 1.895320 -2.805385 0.310000
v 1.971594 -2.769014 0.365000
v 1.889455 -2.779321 0.365000
v 1.895320 -2.805385 0.365000
v 1.921174 -2.600734 0.310000
v 1.900253 -2.693351 0.310000
v 1.963315 -2.703185 0.310000
v 1.921174 -2.600734 0.365000
v 1.900253 -2.693351 0.365000
v 1.963315 -2.703185 0.365000
v 1.963315 -2.703185 0.310000
v 1.900253 -2.693351 0.310000
v 1.960364 -2.723357 0.310000
v 1.963315 -2.703185 0.365000
v 1.900253 -2.693351 0.365000
v 1.960364 -2.723357 0.365000
v 1.960364 -2.723357 0.310000
v 1.900253 -2.693351 0.310000
v 1.890938 -2.744158 0.310000
v 1.960364 -2.723357 0.365000
v 1.900253 -2.693351 0.365000
v 1.890938 -2.744158 0.365000
v 1.960364 -2.723357 0.310000
v 1.890938 -2.744158 0.310000
v 1.960698 -2.740743 0.310000
v 1.960364 -2.723357 0.365000
v 1.890938 -2.744158 0.365000
v 1.960698 -2.740743 0.365000
v 1.960698 -2.740743 0.310000
v 1.890938 -2.744158 0.310000
v 1.964410 -2.755808 0.310000
v 1.960698 -2.740743 0.365000
v 1.890938 -2.744158 0.365000
v 1.964410 -2.755808 0.365000
v 1.964410 -2.755808 0.310000
v 1.890938 -2.744158 0.310000
v 1.889455 -2.779321 0.310000
v 1.964410 -2.755808 0.365000
v 1.890938 -2.744158 0.365000
v 1.889455 -2.779321 0.365000
v 1.921174 -2.600734 0.310000
v 1.802288 -2.687110 0.310000
v 1.802288 -2.687110 0.365000
v 1.921174 -2.600734 0.365000
v 1.802288 -2.687110 0.310000
v 1.765095 -2.635919 0.310000
v 1.765095 -2.635919 0.365000
v 1.802288 -2.687110 0.365000
v 1.765095 -2.635919 0.310000
v 1.961463 -2.493249 0.310000
v 1.961463 -2.493249 0.365000
v 1.765095 -2.635919 0.365000
v 1.961463 -2.493249 0.310000
v 1.998656 -2.544440 0.310000
v 1.998656 -2.544440 0.365000
v 1.961463 -2.493249 0.365000
v 1.998656 -2.544440 0.310000
v 1.963315 -2.703185 0.310000
v 1.963315 -2.703185 0.365000
v 1.998656 -2.544440 0.365000
v 1.963315 -2.703185 0.310000
v 1.960364 -2.723357 0.310000
v 1.960364 -2.723357 0.365000
v 1.963315 -2.703185 0.365000
v 1.960364 -2.723357 0.310000
v 1.960698 -2.740743 0.310000
v 1.960698 -2.740743 0.365000
v 1.960364 -2.723357 0.365000
v 1.960698 -2.740743 0.310000
v 1.964410 -2.755808 0.310000
v 1.964410 -2.755808 0.365000
v 1.960698 -2.740743 0.365000
v 1.964410 -2.755808 0.310000
v 1.971594 -2.769014 0.310000
v 1.971594 -2.769014 0.365000
v 1.964410 -2.755808 0.365000
v 1.971594 -2.769014 0.310000
v 1.987232 -2.783840 0.310000
v 1.987232 -2.783840 0.365000
v 1.971594 -2.769014 0.365000
v 1.987232 -2.783840 0.310000
v 2.006548 -2.790333 0.310000
v 2.006548 -2.790333 0.365000
v 1.987232 -2.783840 0.365000
v 2.006548 -2.790333 0.310000
v 2.027713 -2.788228 0.310000
v 2.027713 -2.788228 0.365000
v 2.006548 -2.790333 0.365000
v 2.027713 -2.788228 0.310000
v 2.048897 -2.777260 0.310000
v 2.048897 -2.777260 0.365000
v 2.027713 -2.788228 0.365000
v 2.048897 -2.777260 0.310000
v 2.064689 -2.763132 0.310000
v 2.064689 -2.763132 0.365000
v 2.048897 -2.777260 0.365000
v 2.064689 -2.763132 0.310000
v 2.079520 -2.744394 0.310000
v 2.079520 -2.744394 0.365000
v 2.064689 -2.763132 0.365000
v 2.079520 -2.744394 0.310000
v 2.093252 -2.721190 0.310000
v 2.093252 -2.721190 0.365000
v 2.079520 -2.744394 0.365000
v 2.093252 -2.721190 0.310000
v 2.105862 -2.693581 0.310000
v 2.105862 -2.693581 0.365000
v 2.093252 -2.721190 0.365000
v 2.105862 -2.693581 0.310000
v 2.148987 -2.752937 0.310000
v 2.148987 -2.752937 0.365000
v 2.105862 -2.693581 0.365000
v 2.148987 -2.752937 0.310000
v 2.130571 -2.776757 0.310000
v 2.130571 -2.776757 0.365000
v 2.148987 -2.752937 0.365000
v 2.130571 -2.776757 0.310000
v 2.111070 -2.798535 0.310000
v 2.111070 -2.798535 0.365000
v 2.130571 -2.776757 0.365000
v 2.111070 -2.798535 0.310000
v 2.090552 -2.818153 0.310000
v 2.090552 -2.818153 0.365000
v 2.111070 -2.798535 0.365000
v 2.090552 -2.818153 0.310000
v 2.069004 -2.835379 0.310000
v 2.069004 -2.835379 0.365000
v 2.090552 -2.818153 0.365000
v 2.069004 -2.835379 0.310000
v 2.022010 -2.861361 0.310000
v 2.022010 -2.861361 0.365000
v 2.069004 -2.835379 0.365000
v 2.022010 -2.861361 0.310000
v 1.978082 -2.868790 0.310000
v 1.978082 -2.868790 0.365000
v 2.022010 -2.861361 0.365000
v 1.978082 -2.868790 0.310000
v 1.939376 -2.857894 0.310000
v 1.939376 -2.857894 0.365000
v 1.978082 -2.868790 0.365000
v 1.939376 -2.857894 0.310000
v 1.907961 -2.828782 0.310000
v 1.907961 -2.828782 0.365000
v 1.939376 -2.857894 0.365000
v 1.907961 -2.828782 0.310000
v 1.895320 -2.805385 0.310000
v 1.895320 -2.805385 0.365000
v 1.907961 -2.828782 0.365000
v 1.895320 -2.805385 0.310000
v 1.889455 -2.779321 0.310000
v 1.889455 -2.779321 0.365000
v 1.895320 -2.805385 0.365000
v 1.889455 -2.779321 0.310000
v 1.890938 -2.744158 0.310000
v 1.890938 -2.744158 0.365000
v 1.889455 -2.779321 0.365000
v 1.890938 -2.744158 0.310000
v 1.900253 -2.693351 0.310000
v 1.900253 -2.693351 0.365000
v 1.890938 -2.744158 0.365000
v 1.900253 -2.693351 0.310000
v 1.921174 -2.600734 0.310000
v 1.921174 -2.600734 0.365000
v 1.900253 -2.693351 0.365000
v 1.345531 -3.236204 0.310000
v 1.327089 -3.179446 0.310000
v 1.256548 -3.219606 0.310000
v 1.345531 -3.236204 0.365000
v 1.327089 -3.179446 0.365000
v 1.256548 -3.219606 0.365000
v 1.345531 -3.236204 0.310000
v 1.256548 -3.219606 0.310000
v 1.275475 -3.276206 0.310000
v 1.345531 -3.236204 0.365000
v 1.256548 -3.219606 0.365000
v 1.275475 -3.276206 0.365000
v 1.275475 -3.276206 0.310000
v 1.256548 -3.219606 0.310000
v 1.196194 -3.301965 0.310000
v 1.275475 -3.276206 0.365000
v 1.256548 -3.219606 0.365000
v 1.196194 -3.301965 0.365000
v 1.196194 -3.301965 0.310000
v 1.256548 -3.219606 0.310000
v 1.109840 -3.036195 0.310000
v 1.196194 -3.301965 0.365000
v 1.256548 -3.219606 0.365000
v 1.109840 -3.036195 0.365000
v 1.036173 -3.060131 0.310000
v 1.109840 -3.036195 0.310000
v 1.017461 -3.002542 0.310000
v 1.036173 -3.060131 0.365000
v 1.109840 -3.036195 0.365000
v 1.017461 -3.002542 0.365000
v 1.017461 -3.002542 0.310000
v 1.109840 -3.036195 0.310000
v 1.243591 -2.929068 0.310000
v 1.017461 -3.002542 0.365000
v 1.109840 -3.036195 0.365000
v 1.243591 -2.929068 0.365000
v 1.243591 -2.929068 0.310000
v 1.109840 -3.036195 0.310000
v 1.188636 -3.010593 0.310000
v 1.243591 -2.929068 0.365000
v 1.109840 -3.036195 0.365000
v 1.188636 -3.010593 0.365000
v 1.243591 -2.929068 0.310000
v 1.188636 -3.010593 0.310000
v 1.262303 -2.986657 0.310000
v 1.243591 -2.929068 0.365000
v 1.188636 -3.010593 0.365000
v 1.262303 -2.986657 0.365000
v 1.256548 -3.219606 0.310000
v 1.188636 -3.010593 0.310000
v 1.109840 -3.036195 0.310000
v 1.256548 -3.219606 0.365000
v 1.188636 -3.010593 0.365000
v 1.109840 -3.036195 0.365000
v 1.262303 -2.986657 0.310000
v 1.188636 -3.010593 0.310000
v 1.188636 -3.010593 0.365000
v 1.262303 -2.986657 0.365000
v 1.188636 -3.010593 0.310000
v 1.256548 -3.219606 0.310000
v 1.256548 -3.219606 0.365000
v 1.188636 -3.010593 0.365000
v 1.256548 -3.219606 0.310000
v 1.327089 -3.179446 0.310000
v 1.327089 -3.179446 0.365000
v 1.256548 -3.219606 0.365000
v 1.327089 -3.179446 0.310000
v 1.345531 -3.236204 0.310000
v 1.345531 -3.236204 0.365000
v 1.327089 -3.179446 0.365000
v 1.345531 -3.236204 0.310000
v 1.275475 -3.276206 0.310000
v 1.275475 -3.276206 0.365000
v 1.345531 -3.236204 0.365000
v 1.275475 -3.276206 0.310000
v 1.196194 -3.301965 0.310000
v 1.196194 -3.301965 0.365000
v 1.275475 -3.276206 0.365000
v 1.196194 -3.301965 0.310000
v 1.109840 -3.036195 0.310000
v 1.109840 -3.036195 0.365000
v 1.196194 -3.301965 0.365000
v 1.109840 -3.036195 0.310000
v 1.036173 -3.060131 0.310000
v 1.036173 -3.060131 0.365000
v 1.109840 -3.036195 0.365000
v 1.036173 -3.060131 0.310000
v 1.017461 -3.002542 0.310000
v 1.017461 -3.002542 0.365000
v 1.036173 -3.060131 0.365000
v 1.017461 -3.002542 0.310000
v 1.243591 -2.929068 0.310000
v 1.243591 -2.929068 0.365000
v 1.017461 -3.002542 0.365000
v 1.243591 -2.929068 0.310000
v 1.262303 -2.986657 0.310000
v 1.262303 -2.986657 0.365000
v 1.243591 -2.929068 0.365000
v 1.062365 -3.345449 0.310000
v 1.042437 -3.284118 0.310000
v 0.886717 -3.334714 0.310000
v 1.062365 -3.345449 0.365000
v 1.042437 -3.284118 0.365000
v 0.886717 -3.334714 0.365000
v 1.062365 -3.345449 0.310000
v 0.886717 -3.334714 0.310000
v 0.818702 -3.424620 0.310000
v 1.062365 -3.345449 0.365000
v 0.886717 -3.334714 0.365000
v 0.818702 -3.424620 0.365000
v 0.818702 -3.424620 0.310000
v 0.886717 -3.334714 0.310000
v 0.803435 -3.377634 0.310000
v 0.818702 -3.424620 0.365000
v 0.886717 -3.334714 0.365000
v 0.803435 -3.377634 0.365000
v 0.839695 -3.060302 0.310000
v 0.803435 -3.377634 0.310000
v 0.886717 -3.334714 0.310000
v 0.839695 -3.060302 0.365000
v 0.803435 -3.377634 0.365000
v 0.886717 -3.334714 0.365000
v 0.839695 -3.060302 0.310000
v 0.886717 -3.334714 0.310000
v 1.042437 -3.284118 0.310000
v 0.839695 -3.060302 0.365000
v 0.886717 -3.334714 0.365000
v 1.042437 -3.284118 0.365000
v 1.062365 -3.345449 0.310000
v 0.818702 -3.424620 0.310000
v 0.818702 -3.424620 0.365000
v 1.062365 -3.345449 0.365000
v 0.818702 -3.424620 0.310000
v 0.803435 -3.377634 0.310000
v 0.803435 -3.377634 0.365000
v 0.818702 -3.424620 0.365000
v 0.803435 -3.377634 0.310000
v 0.839695 -3.060302 0.310000
v 0.839695 -3.060302 0.365000
v 0.803435 -3.377634 0.365000
v 0.839695 -3.060302 0.310000
v 0.920916 -3.033911 0.310000
v 0.920916 -3.033911 0.365000
v 0.839695 -3.060302 0.365000
v 0.920916 -3.033911 0.310000
v 0.886717 -3.334714 0.310000
v 0.886717 -3.334714 0.365000
v 0.920916 -3.033911 0.365000
v 0.886717 -3.334714 0.310000
v 1.042437 -3.284118 0.310000
v 1.042437 -3.284118 0.365000
v 0.886717 -3.334714 0.365000
v 1.042437 -3.284118 0.310000
v 1.062365 -3.345449 0.310000
v 1.062365 -3.345449 0.365000
v 1.042437 -3.284118 0.365000
v 0.109424 -3.495953 0.310000
v 0.109424 -3.434078 0.310000
v 0.088722 -3.441961 0.310000
v 0.109424 -3.495953 0.365000
v 0.109424 -3.434078 0.365000
v 0.088722 -3.441961 0.365000
v 0.109424 -3.495953 0.310000
v 0.088722 -3.441961 0.310000
v 0.084526 -3.502099 0.310000
v 0.109424 -3.495953 0.365000
v 0.088722 -3.441961 0.365000
v 0.084526 -3.502099 0.365000
v 0.084526 -3.502099 0.310000
v 0.088722 -3.441961 0.310000
v 0.067916 -3.447633 0.310000
v 0.084526 -3.502099 0.365000
v 0.088722 -3.441961 0.365000
v 0.067916 -3.447633 0.365000
v 0.084526 -3.502099 0.310000
v 0.067916 -3.447633 0.310000
v 0.059839 -3.506488 0.310000
v 0.084526 -3.502099 0.365000
v 0.067916 -3.447633 0.365000
v 0.059839 -3.506488 0.365000
v 0.059839 -3.506488 0.310000
v 0.067916 -3.447633 0.310000
v 0.047179 -3.451109 0.310000
v 0.059839 -3.506488 0.365000
v 0.067916 -3.447633 0.365000
v 0.047179 -3.451109 0.365000
v 0.059839 -3.506488 0.310000
v 0.047179 -3.451109 0.310000
v 0.035468 -3.509122 0.310000
v 0.059839 -3.506488 0.365000
v 0.047179 -3.451109 0.365000
v 0.035468 -3.509122 0.365000
v 0.035468 -3.509122 0.310000
v 0.047179 -3.451109 0.310000
v 0.026689 -3.452268 0.310000
v 0.035468 -3.509122 0.365000
v 0.047179 -3.451109 0.365000
v 0.026689 -3.452268 0.365000
v 0.035468 -3.509122 0.310000
v 0.026689 -3.452268 0.310000
v 0.011518 -3.510000 0.310000
v 0.035468 -3.509122 0.365000
v 0.026689 -3.452268 0.365000
v 0.011518 -3.510000 0.365000
v 0.011518 -3.510000 0.310000
v 0.026689 -3.452268 0.310000
v 0.002160 -3.449687 0.310000
v 0.011518 -3.510000 0.365000
v 0.026689 -3.452268 0.365000
v 0.002160 -3.449687 0.365000
v 0.011518 -3.510000 0.310000
v 0.002160 -3.449687 0.310000
v -0.044282 -3.504750 0.310000
v 0.011518 -3.510000 0.365000
v 0.002160 -3.449687 0.365000
v -0.044282 -3.504750 0.365000
v -0.044282 -3.504750 0.310000
v 0.002160 -3.449687 0.310000
v -0.016083 -3.441944 0.310000
v -0.044282 -3.504750 0.365000
v 0.002160 -3.449687 0.365000
v -0.016083 -3.441944 0.365000
v -0.044282 -3.504750 0.310000
v -0.016083 -3.441944 0.310000
v -0.083999 -3.489000 0.310000
v -0.044282 -3.504750 0.365000
v -0.016083 -3.441944 0.365000
v -0.083999 -3.489000 0.365000
v -0.083999 -3.489000 0.310000
v -0.016083 -3.441944 0.310000
v -0.027461 -3.429495 0.310000
v -0.083999 -3.489000 0.365000
v -0.016083 -3.441944 0.365000
v -0.027461 -3.429495 0.365000
v -0.083999 -3.489000 0.310000
v -0.027461 -3.429495 0.310000
v -0.107808 -3.462768 0.310000
v -0.083999 -3.489000 0.365000
v -0.027461 -3.429495 0.365000
v -0.107808 -3.462768 0.365000
v -0.107808 -3.462768 0.310000
v -0.027461 -3.429495 0.310000
v -0.115745 -3.425931 0.310000
v -0.107808 -3.462768 0.365000
v -0.027461 -3.429495 0.365000
v -0.115745 -3.425931 0.365000
v -0.115745 -3.425931 0.310000
v -0.027461 -3.429495 0.310000
v -0.031254 -3.412797 0.310000
v -0.115745 -3.425931 0.365000
v -0.027461 -3.429495 0.365000
v -0.031254 -3.412797 0.365000
v -0.115745 -3.425931 0.310000
v -0.031254 -3.412797 0.310000
v -0.111952 -3.399804 0.310000
v -0.115745 -3.425931 0.365000
v -0.031254 -3.412797 0.365000
v -0.111952 -3.399804 0.365000
v -0.123470 -3.269451 0.310000
v -0.119151 -3.299282 0.310000
v -0.038980 -3.272541 0.310000
v -0.123470 -3.269451 0.365000
v -0.119151 -3.299282 0.365000
v -0.038980 -3.272541 0.365000
v -0.123470 -3.269451 0.310000
v -0.038980 -3.272541 0.310000
v -0.114129 -3.226555 0.310000
v -0.123470 -3.269451 0.365000
v -0.038980 -3.272541 0.365000
v -0.114129 -3.226555 0.365000
v -0.086106 -3.195354 0.310000
v -0.114129 -3.226555 0.310000
v -0.034502 -3.253297 0.310000
v -0.086106 -3.195354 0.365000
v -0.114129 -3.226555 0.365000
v -0.034502 -3.253297 0.365000
v -0.086106 -3.195354 0.310000
v -0.034502 -3.253297 0.310000
v -0.021070 -3.239110 0.310000
v -0.086106 -3.195354 0.365000
v -0.034502 -3.253297 0.365000
v -0.021070 -3.239110 0.365000
v -0.086106 -3.195354 0.310000
v -0.021070 -3.239110 0.310000
v -0.040261 -3.176339 0.310000
v -0.086106 -3.195354 0.365000
v -0.021070 -3.239110 0.365000
v -0.040261 -3.176339 0.365000
v -0.040261 -3.176339 0.310000
v -0.021070 -3.239110 0.310000
v 0.000755 -3.230418 0.310000
v -0.040261 -3.176339 0.365000
v -0.021070 -3.239110 0.365000
v 0.000755 -3.230418 0.365000
v -0.040261 -3.176339 0.310000
v 0.000755 -3.230418 0.310000
v 0.022685 -3.170000 0.310000
v -0.040261 -3.176339 0.365000
v 0.000755 -3.230418 0.365000
v 0.022685 -3.170000 0.365000
v 0.022685 -3.170000 0.310000
v 0.000755 -3.230418 0.310000
v 0.030411 -3.227521 0.310000
v 0.022685 -3.170000 0.365000
v 0.000755 -3.230418 0.365000
v 0.030411 -3.227521 0.365000
v 0.022685 -3.170000 0.310000
v 0.030411 -3.227521 0.310000
v 0.047987 -3.171018 0.310000
v 0.022685 -3.170000 0.365000
v 0.030411 -3.227521 0.365000
v 0.047987 -3.171018 0.365000
v 0.047987 -3.171018 0.310000
v 0.030411 -3.227521 0.310000
v 0.053219 -3.229031 0.310000
v 0.047987 -3.171018 0.365000
v 0.030411 -3.227521 0.365000
v 0.053219 -3.229031 0.365000
v 0.047987 -3.171018 0.310000
v 0.053219 -3.229031 0.310000
v 0.073324 -3.174074 0.310000
v 0.047987 -3.171018 0.365000
v 0.053219 -3.229031 0.365000
v 0.073324 -3.174074 0.365000
v 0.073324 -3.174074 0.310000
v 0.053219 -3.229031 0.310000
v 0.076414 -3.233561 0.310000
v 0.073324 -3.174074 0.365000
v 0.053219 -3.229031 0.365000
v 0.076414 -3.233561 0.365000
v 0.073324 -3.174074 0.310000
v 0.076414 -3.233561 0.310000
v 0.098537 -3.179165 0.310000
v 0.073324 -3.174074 0.365000
v 0.076414 -3.233561 0.365000
v 0.098537 -3.179165 0.365000
v 0.098537 -3.179165 0.310000
v 0.076414 -3.233561 0.310000
v 0.099837 -3.241059 0.310000
v 0.098537 -3.179165 0.365000
v 0.076414 -3.233561 0.365000
v 0.099837 -3.241059 0.365000
v 0.098537 -3.179165 0.310000
v 0.099837 -3.241059 0.310000
v 0.123470 -3.186294 0.310000
v 0.098537 -3.179165 0.365000
v 0.099837 -3.241059 0.365000
v 0.123470 -3.186294 0.365000
v 0.123470 -3.186294 0.310000
v 0.099837 -3.241059 0.310000
v 0.123470 -3.251471 0.310000
v 0.123470 -3.186294 0.365000
v 0.099837 -3.241059 0.365000
v 0.123470 -3.251471 0.365000
v -0.031254 -3.412797 0.310000
v -0.027356 -3.394975 0.310000
v -0.081839 -3.363265 0.310000
v -0.031254 -3.412797 0.365000
v -0.027356 -3.394975 0.365000
v -0.081839 -3.363265 0.365000
v -0.031254 -3.412797 0.310000
v -0.081839 -3.363265 0.310000
v -0.100574 -3.378874 0.310000
v -0.031254 -3.412797 0.365000
v -0.081839 -3.363265 0.365000
v -0.100574 -3.378874 0.365000
v -0.031254 -3.412797 0.310000
v -0.100574 -3.378874 0.310000
v -0.111952 -3.399804 0.310000
v -0.031254 -3.412797 0.365000
v -0.100574 -3.378874 0.365000
v -0.111952 -3.399804 0.365000
v -0.119151 -3.299282 0.310000
v -0.106193 -3.323320 0.310000
v -0.034397 -3.292224 0.310000
v -0.119151 -3.299282 0.365000
v -0.106193 -3.323320 0.365000
v -0.034397 -3.292224 0.365000
v -0.119151 -3.299282 0.310000
v -0.034397 -3.292224 0.310000
v -0.038980 -3.272541 0.310000
v -0.119151 -3.299282 0.365000
v -0.034397 -3.292224 0.365000
v -0.038980 -3.272541 0.365000
v -0.038980 -3.272541 0.310000
v -0.034502 -3.253297 0.310000
v -0.114129 -3.226555 0.310000
v -0.038980 -3.272541 0.365000
v -0.034502 -3.253297 0.365000
v -0.114129 -3.226555 0.365000
v 0.067284 -3.317982 0.310000
v 0.033501 -3.317982 0.310000
v 0.067284 -3.372413 0.310000
v 0.067284 -3.317982 0.365000
v 0.033501 -3.317982 0.365000
v 0.067284 -3.372413 0.365000
v 0.067284 -3.372413 0.310000
v 0.033501 -3.317982 0.310000
v 0.031746 -3.372413 0.310000
v 0.067284 -3.372413 0.365000
v 0.033501 -3.317982 0.365000
v 0.031746 -3.372413 0.365000
v 0.031746 -3.372413 0.310000
v 0.033501 -3.317982 0.310000
v 0.003951 -3.374906 0.310000
v 0.031746 -3.372413 0.365000
v 0.033501 -3.317982 0.365000
v 0.003951 -3.374906 0.365000
v 0.003951 -3.374906 0.310000
v 0.033501 -3.317982 0.310000
v 0.002054 -3.315102 0.310000
v 0.003951 -3.374906 0.365000
v 0.033501 -3.317982 0.365000
v 0.002054 -3.315102 0.365000
v 0.003951 -3.374906 0.310000
v 0.002054 -3.315102 0.310000
v -0.015662 -3.382386 0.310000
v 0.003951 -3.374906 0.365000
v 0.002054 -3.315102 0.365000
v -0.015662 -3.382386 0.365000
v -0.015662 -3.382386 0.310000
v 0.002054 -3.315102 0.310000
v -0.055836 -3.353099 0.310000
v -0.015662 -3.382386 0.365000
v 0.002054 -3.315102 0.365000
v -0.055836 -3.353099 0.365000
v -0.015662 -3.382386 0.310000
v -0.055836 -3.353099 0.310000
v -0.027356 -3.394975 0.310000
v -0.015662 -3.382386 0.365000
v -0.055836 -3.353099 0.365000
v -0.027356 -3.394975 0.365000
v -0.027356 -3.394975 0.310000
v -0.055836 -3.353099 0.310000
v -0.081839 -3.363265 0.310000
v -0.027356 -3.394975 0.365000
v -0.055836 -3.353099 0.365000
v -0.081839 -3.363265 0.365000
v -0.106193 -3.323320 0.310000
v -0.085000 -3.341370 0.310000
v -0.034397 -3.292224 0.310000
v -0.106193 -3.323320 0.365000
v -0.085000 -3.341370 0.365000
v -0.034397 -3.292224 0.365000
v -0.034397 -3.292224 0.310000
v -0.085000 -3.341370 0.310000
v -0.055836 -3.353099 0.310000
v -0.034397 -3.292224 0.365000
v -0.085000 -3.341370 0.365000
v -0.055836 -3.353099 0.365000
v -0.034397 -3.292224 0.310000
v -0.055836 -3.353099 0.310000
v -0.020649 -3.306464 0.310000
v -0.034397 -3.292224 0.365000
v -0.055836 -3.353099 0.365000
v -0.020649 -3.306464 0.365000
v -0.020649 -3.306464 0.310000
v -0.055836 -3.353099 0.310000
v 0.002054 -3.315102 0.310000
v -0.020649 -3.306464 0.365000
v -0.055836 -3.353099 0.365000
v 0.002054 -3.315102 0.365000
v -0.055836 -3.353099 0.310000
v -0.085000 -3.341370 0.310000
v -0.085000 -3.341370 0.365000
v -0.055836 -3.353099 0.365000
v -0.085000 -3.341370 0.310000
v -0.106193 -3.323320 0.310000
v -0.106193 -3.323320 0.365000
v -0.085000 -3.341370 0.365000
v -0.106193 -3.323320 0.310000
v -0.119151 -3.299282 0.310000
v -0.119151 -3.299282 0.365000
v -0.106193 -3.323320 0.365000
v -0.119151 -3.299282 0.310000
v -0.123470 -3.269451 0.310000
v -0.123470 -3.269451 0.365000
v -0.119151 -3.299282 0.365000
v -0.123470 -3.269451 0.310000
v -0.114129 -3.226555 0.310000
v -0.114129 -3.226555 0.365000
v -0.123470 -3.269451 0.365000
v -0.114129 -3.226555 0.310000
v -0.086106 -3.195354 0.310000
v -0.086106 -3.195354 0.365000
v -0.114129 -3.226555 0.365000
v -0.086106 -3.195354 0.310000
v -0.040261 -3.176339 0.310000
v -0.040261 -3.176339 0.365000
v -0.086106 -3.195354 0.365000
v -0.040261 -3.176339 0.310000
v 0.022685 -3.170000 0.310000
v 0.022685 -3.170000 0.365000
v -0.040261 -3.176339 0.365000
v 0.022685 -3.170000 0.310000
v 0.047987 -3.171018 0.310000
v 0.047987 -3.171018 0.365000
v 0.022685 -3.170000 0.365000
v 0.047987 -3.171018 0.310000
v 0.073324 -3.174074 0.310000
v 0.073324 -3.174074 0.365000
v 0.047987 -3.171018 0.365000
v 0.073324 -3.174074 0.310000
v 0.098537 -3.179165 0.310000
v 0.098537 -3.179165 0.365000
v 0.073324 -3.174074 0.365000
v 0.098537 -3.179165 0.310000
v 0.123470 -3.186294 0.310000
v 0.123470 -3.186294 0.365000
v 0.098537 -3.179165 0.365000
v 0.123470 -3.186294 0.310000
v 0.123470 -3.251471 0.310000
v 0.123470 -3.251471 0.365000
v 0.123470 -3.186294 0.365000
v 0.123470 -3.251471 0.310000
v 0.099837 -3.241059 0.310000
v 0.099837 -3.241059 0.365000
v 0.123470 -3.251471 0.365000
v 0.099837 -3.241059 0.310000
v 0.076414 -3.233561 0.310000
v 0.076414 -3.233561 0.365000
v 0.099837 -3.241059 0.365000
v 0.076414 -3.233561 0.310000
v 0.053219 -3.229031 0.310000
v 0.053219 -3.229031 0.365000
v 0.076414 -3.233561 0.365000
v 0.053219 -3.229031 0.310000
v 0.030411 -3.227521 0.310000
v 0.030411 -3.227521 0.365000
v 0.053219 -3.229031 0.365000
v 0.030411 -3.227521 0.310000
v 0.000755 -3.230418 0.310000
v 0.000755 -3.230418 0.365000
v 0.030411 -3.227521 0.365000
v 0.000755 -3.230418 0.310000
v -0.021070 -3.239110 0.310000
v -0.021070 -3.239110 0.365000
v 0.000755 -3.230418 0.365000
v -0.021070 -3.239110 0.310000
v -0.034502 -3.253297 0.310000
v -0.034502 -3.253297 0.365000
v -0.021070 -3.239110 0.365000
v -0.034502 -3.253297 0.310000
v -0.038980 -3.272541 0.310000
v -0.038980 -3.272541 0.365000
v -0.034502 -3.253297 0.365000
v -0.038980 -3.272541 0.310000
v -0.034397 -3.292224 0.310000
v -0.034397 -3.292224 0.365000
v -0.038980 -3.272541 0.365000
v -0.034397 -3.292224 0.310000
v -0.020649 -3.306464 0.310000
v -0.020649 -3.306464 0.365000
v -0.034397 -3.292224 0.365000
v -0.020649 -3.306464 0.310000
v 0.002054 -3.315102 0.310000
v 0.002054 -3.315102 0.365000
v -0.020649 -3.306464 0.365000
v 0.002054 -3.315102 0.310000
v 0.033501 -3.317982 0.310000
v 0.033501 -3.317982 0.365000
v 0.002054 -3.315102 0.365000
v 0.033501 -3.317982 0.310000
v 0.067284 -3.317982 0.310000
v 0.067284 -3.317982 0.365000
v 0.033501 -3.317982 0.365000
v 0.067284 -3.317982 0.310000
v 0.067284 -3.372413 0.310000
v 0.067284 -3.372413 0.365000
v 0.067284 -3.317982 0.365000
v 0.067284 -3.372413 0.310000
v 0.031746 -3.372413 0.310000
v 0.031746 -3.372413 0.365000
v 0.067284 -3.372413 0.365000
v 0.031746 -3.372413 0.310000
v 0.003951 -3.374906 0.310000
v 0.003951 -3.374906 0.365000
v 0.031746 -3.372413 0.365000
v 0.003951 -3.374906 0.310000
v -0.015662 -3.382386 0.310000
v -0.015662 -3.382386 0.365000
v 0.003951 -3.374906 0.365000
v -0.015662 -3.382386 0.310000
v -0.027356 -3.394975 0.310000
v -0.027356 -3.394975 0.365000
v -0.015662 -3.382386 0.365000
v -0.027356 -3.394975 0.310000
v -0.031254 -3.412797 0.310000
v -0.031254 -3.412797 0.365000
v -0.027356 -3.394975 0.365000
v -0.031254 -3.412797 0.310000
v -0.027461 -3.429495 0.310000
v -0.027461 -3.429495 0.365000
v -0.031254 -3.412797 0.365000
v -0.027461 -3.429495 0.310000
v -0.016083 -3.441944 0.310000
v -0.016083 -3.441944 0.365000
v -0.027461 -3.429495 0.365000
v -0.016083 -3.441944 0.310000
v 0.002160 -3.449687 0.310000
v 0.002160 -3.449687 0.365000
v -0.016083 -3.441944 0.365000
v 0.002160 -3.449687 0.310000
v 0.026689 -3.452268 0.310000
v 0.026689 -3.452268 0.365000
v 0.002160 -3.449687 0.365000
v 0.026689 -3.452268 0.310000
v 0.047179 -3.451109 0.310000
v 0.047179 -3.451109 0.365000
v 0.026689 -3.452268 0.365000
v 0.047179 -3.451109 0.310000
v 0.067916 -3.447633 0.310000
v 0.067916 -3.447633 0.365000
v 0.047179 -3.451109 0.365000
v 0.067916 -3.447633 0.310000
v 0.088722 -3.441961 0.310000
v 0.088722 -3.441961 0.365000
v 0.067916 -3.447633 0.365000
v 0.088722 -3.441961 0.310000
v 0.109424 -3.434078 0.310000
v 0.109424 -3.434078 0.365000
v 0.088722 -3.441961 0.365000
v 0.109424 -3.434078 0.310000
v 0.109424 -3.495953 0.310000
v 0.109424 -3.495953 0.365000
v 0.109424 -3.434078 0.365000
v 0.109424 -3.495953 0.310000
v 0.084526 -3.502099 0.310000
v 0.084526 -3.502099 0.365000
v 0.109424 -3.495953 0.365000
v 0.084526 -3.502099 0.310000
v 0.059839 -3.506488 0.310000
v 0.059839 -3.506488 0.365000
v 0.084526 -3.502099 0.365000
v 0.059839 -3.506488 0.310000
v 0.035468 -3.509122 0.310000
v 0.035468 -3.509122 0.365000
v 0.059839 -3.506488 0.365000
v 0.035468 -3.509122 0.310000
v 0.011518 -3.510000 0.310000
v 0.011518 -3.510000 0.365000
v 0.035468 -3.509122 0.365000
v 0.011518 -3.510000 0.310000
v -0.044282 -3.504750 0.310000
v -0.044282 -3.504750 0.365000
v 0.011518 -3.510000 0.365000
v -0.044282 -3.504750 0.310000
v -0.083999 -3.489000 0.310000
v -0.083999 -3.489000 0.365000
v -0.044282 -3.504750 0.365000
v -0.083999 -3.489000 0.310000
v -0.107808 -3.462768 0.310000
v -0.107808 -3.462768 0.365000
v -0.083999 -3.489000 0.365000
v -0.107808 -3.462768 0.310000
v -0.115745 -3.425931 0.310000
v -0.115745 -3.425931 0.365000
v -0.107808 -3.462768 0.365000
v -0.115745 -3.425931 0.310000
v -0.111952 -3.399804 0.310000
v -0.111952 -3.399804 0.365000
v -0.115745 -3.425931 0.365000
v -0.111952 -3.399804 0.310000
v -0.100574 -3.378874 0.310000
v -0.100574 -3.378874 0.365000
v -0.111952 -3.399804 0.365000
v -0.100574 -3.378874 0.310000
v -0.081839 -3.363265 0.310000
v -0.081839 -3.363265 0.365000
v -0.100574 -3.378874 0.365000
v -0.081839 -3.363265 0.310000
v -0.055836 -3.353099 0.310000
v -0.055836 -3.353099 0.365000
v -0.081839 -3.363265 0.365000
v -0.818070 -3.402422 0.310000
v -0.800273 -3.347648 0.310000
v -0.878127 -3.338988 0.310000
v -0.818070 -3.402422 0.365000
v -0.800273 -3.347648 0.365000
v -0.878127 -3.338988 0.365000
v -0.818070 -3.402422 0.310000
v -0.878127 -3.338988 0.310000
v -0.895456 -3.393914 0.310000
v -0.818070 -3.402422 0.365000
v -0.878127 -3.338988 0.365000
v -0.895456 -3.393914 0.365000
v -0.895456 -3.393914 0.310000
v -0.878127 -3.338988 0.310000
v -0.971965 -3.369055 0.310000
v -0.895456 -3.393914 0.365000
v -0.878127 -3.338988 0.365000
v -0.971965 -3.369055 0.365000
v -0.971965 -3.369055 0.310000
v -0.878127 -3.338988 0.310000
v -0.888630 -3.112574 0.310000
v -0.971965 -3.369055 0.365000
v -0.878127 -3.338988 0.365000
v -0.888630 -3.112574 0.365000
v -0.959722 -3.089475 0.310000
v -0.888630 -3.112574 0.310000
v -0.941664 -3.033899 0.310000
v -0.959722 -3.089475 0.365000
v -0.888630 -3.112574 0.365000
v -0.941664 -3.033899 0.365000
v -0.941664 -3.033899 0.310000
v -0.888630 -3.112574 0.310000
v -0.723438 -3.104804 0.310000
v -0.941664 -3.033899 0.365000
v -0.888630 -3.112574 0.365000
v -0.723438 -3.104804 0.365000
v -0.723438 -3.104804 0.310000
v -0.888630 -3.112574 0.310000
v -0.812588 -3.137281 0.310000
v -0.723438 -3.104804 0.365000
v -0.888630 -3.112574 0.365000
v -0.812588 -3.137281 0.365000
v -0.723438 -3.104804 0.310000
v -0.812588 -3.137281 0.310000
v -0.741496 -3.160381 0.310000
v -0.723438 -3.104804 0.365000
v -0.812588 -3.137281 0.365000
v -0.741496 -3.160381 0.365000
v -0.878127 -3.338988 0.310000
v -0.812588 -3.137281 0.310000
v -0.888630 -3.112574 0.310000
v -0.878127 -3.338988 0.365000
v -0.812588 -3.137281 0.365000
v -0.888630 -3.112574 0.365000
v -0.812588 -3.137281 0.310000
v -0.878127 -3.338988 0.310000
v -0.878127 -3.338988 0.365000
v -0.812588 -3.137281 0.365000
v -0.878127 -3.338988 0.310000
v -0.800273 -3.347648 0.310000
v -0.800273 -3.347648 0.365000
v -0.878127 -3.338988 0.365000
v -0.800273 -3.347648 0.310000
v -0.818070 -3.402422 0.310000
v -0.818070 -3.402422 0.365000
v -0.800273 -3.347648 0.365000
v -0.818070 -3.402422 0.310000
v -0.895456 -3.393914 0.310000
v -0.895456 -3.393914 0.365000
v -0.818070 -3.402422 0.365000
v -0.895456 -3.393914 0.310000
v -0.971965 -3.369055 0.310000
v -0.971965 -3.369055 0.365000
v -0.895456 -3.393914 0.365000
v -0.971965 -3.369055 0.310000
v -0.888630 -3.112574 0.310000
v -0.888630 -3.112574 0.365000
v -0.971965 -3.369055 0.365000
v -0.888630 -3.112574 0.310000
v -0.959722 -3.089475 0.310000
v -0.959722 -3.089475 0.365000
v -0.888630 -3.112574 0.365000
v -0.959722 -3.089475 0.310000
v -0.941664 -3.033899 0.310000
v -0.941664 -3.033899 0.365000
v -0.959722 -3.089475 0.365000
v -0.941664 -3.033899 0.310000
v -0.723438 -3.104804 0.310000
v -0.723438 -3.104804 0.365000
v -0.941664 -3.033899 0.365000
v -0.723438 -3.104804 0.310000
v -0.741496 -3.160381 0.310000
v -0.741496 -3.160381 0.365000
v -0.723438 -3.104804 0.365000
v -0.741496 -3.160381 0.310000
v -0.812588 -3.137281 0.310000
v -0.812588 -3.137281 0.365000
v -0.741496 -3.160381 0.365000
v -1.119184 -3.293493 0.310000
v -1.083177 -3.266134 0.310000
v -1.150073 -3.226819 0.310000
v -1.119184 -3.293493 0.365000
v -1.083177 -3.266134 0.365000
v -1.150073 -3.226819 0.365000
v -1.119184 -3.293493 0.310000
v -1.150073 -3.226819 0.310000
v -1.163611 -3.241349 0.310000
v -1.119184 -3.293493 0.365000
v -1.150073 -3.226819 0.365000
v -1.163611 -3.241349 0.365000
v -1.119184 -3.293493 0.310000
v -1.163611 -3.241349 0.310000
v -1.164838 -3.303780 0.310000
v -1.119184 -3.293493 0.365000
v -1.163611 -3.241349 0.365000
v -1.164838 -3.303780 0.365000
v -1.164838 -3.303780 0.310000
v -1.163611 -3.241349 0.310000
v -1.180244 -3.247423 0.310000
v -1.164838 -3.303780 0.365000
v -1.163611 -3.241349 0.365000
v -1.180244 -3.247423 0.365000
v -1.164838 -3.303780 0.310000
v -1.180244 -3.247423 0.310000
v -1.216706 -3.295301 0.310000
v -1.164838 -3.303780 0.365000
v -1.180244 -3.247423 0.365000
v -1.216706 -3.295301 0.365000
v -1.216706 -3.295301 0.310000
v -1.180244 -3.247423 0.310000
v -1.199877 -3.244871 0.310000
v -1.216706 -3.295301 0.365000
v -1.180244 -3.247423 0.365000
v -1.199877 -3.244871 0.365000
v -1.216706 -3.295301 0.310000
v -1.199877 -3.244871 0.310000
v -1.217261 -3.235396 0.310000
v -1.216706 -3.295301 0.365000
v -1.199877 -3.244871 0.365000
v -1.217261 -3.235396 0.365000
v -1.216706 -3.295301 0.310000
v -1.217261 -3.235396 0.310000
v -1.267515 -3.267405 0.310000
v -1.216706 -3.295301 0.365000
v -1.217261 -3.235396 0.365000
v -1.267515 -3.267405 0.365000
v -1.267515 -3.267405 0.310000
v -1.217261 -3.235396 0.310000
v -1.227146 -3.220705 0.310000
v -1.267515 -3.267405 0.365000
v -1.217261 -3.235396 0.365000
v -1.227146 -3.220705 0.365000
v -1.267515 -3.267405 0.310000
v -1.227146 -3.220705 0.310000
v -1.297820 -3.223398 0.310000
v -1.267515 -3.267405 0.365000
v -1.227146 -3.220705 0.365000
v -1.297820 -3.223398 0.365000
v -1.297820 -3.223398 0.310000
v -1.227146 -3.220705 0.310000
v -1.229558 -3.200992 0.310000
v -1.297820 -3.223398 0.365000
v -1.227146 -3.220705 0.365000
v -1.229558 -3.200992 0.365000
v -1.297820 -3.223398 0.310000
v -1.229558 -3.200992 0.310000
v -1.306765 -3.165592 0.310000
v -1.297820 -3.223398 0.365000
v -1.229558 -3.200992 0.365000
v -1.306765 -3.165592 0.365000
v -1.306765 -3.165592 0.310000
v -1.229558 -3.200992 0.310000
v -1.224481 -3.176320 0.310000
v -1.306765 -3.165592 0.365000
v -1.229558 -3.200992 0.365000
v -1.224481 -3.176320 0.365000
v -1.306765 -3.165592 0.310000
v -1.224481 -3.176320 0.310000
v -1.214027 -3.153191 0.310000
v -1.306765 -3.165592 0.365000
v -1.224481 -3.176320 0.365000
v -1.214027 -3.153191 0.365000
v -1.306765 -3.165592 0.310000
v -1.214027 -3.153191 0.310000
v -1.293449 -3.096164 0.310000
v -1.306765 -3.165592 0.365000
v -1.214027 -3.153191 0.365000
v -1.293449 -3.096164 0.365000
v -1.293449 -3.096164 0.310000
v -1.214027 -3.153191 0.310000
v -1.205922 -3.087116 0.310000
v -1.293449 -3.096164 0.365000
v -1.214027 -3.153191 0.365000
v -1.205922 -3.087116 0.365000
v -1.293449 -3.096164 0.310000
v -1.205922 -3.087116 0.310000
v -1.261220 -3.030256 0.310000
v -1.293449 -3.096164 0.365000
v -1.205922 -3.087116 0.365000
v -1.261220 -3.030256 0.365000
v -1.214819 -2.987291 0.310000
v -1.261220 -3.030256 0.310000
v -1.187057 -3.055167 0.310000
v -1.214819 -2.987291 0.365000
v -1.261220 -3.030256 0.365000
v -1.187057 -3.055167 0.365000
v -1.214819 -2.987291 0.310000
v -1.187057 -3.055167 0.310000
v -1.163061 -3.035532 0.310000
v -1.214819 -2.987291 0.365000
v -1.187057 -3.055167 0.365000
v -1.163061 -3.035532 0.365000
v -1.214819 -2.987291 0.310000
v -1.163061 -3.035532 0.310000
v -1.157716 -2.969189 0.310000
v -1.214819 -2.987291 0.365000
v -1.163061 -3.035532 0.365000
v -1.157716 -2.969189 0.365000
v -1.157716 -2.969189 0.310000
v -1.163061 -3.035532 0.310000
v -1.134161 -3.028397 0.310000
v -1.157716 -2.969189 0.365000
v -1.163061 -3.035532 0.365000
v -1.134161 -3.028397 0.365000
v -1.157716 -2.969189 0.310000
v -1.134161 -3.028397 0.310000
v -1.093249 -2.977917 0.310000
v -1.157716 -2.969189 0.365000
v -1.134161 -3.028397 0.365000
v -1.093249 -2.977917 0.365000
v -1.093249 -2.977917 0.310000
v -1.134161 -3.028397 0.310000
v -1.100541 -3.033812 0.310000
v -1.093249 -2.977917 0.365000
v -1.134161 -3.028397 0.365000
v -1.100541 -3.033812 0.365000
v -1.093249 -2.977917 0.310000
v -1.100541 -3.033812 0.310000
v -1.072047 -2.985712 0.310000
v -1.093249 -2.977917 0.365000
v -1.100541 -3.033812 0.365000
v -1.072047 -2.985712 0.365000
v -1.072047 -2.985712 0.310000
v -1.100541 -3.033812 0.310000
v -1.083667 -3.040533 0.310000
v -1.072047 -2.985712 0.365000
v -1.100541 -3.033812 0.365000
v -1.083667 -3.040533 0.365000
v -1.072047 -2.985712 0.310000
v -1.083667 -3.040533 0.310000
v -1.052314 -2.994841 0.310000
v -1.072047 -2.985712 0.365000
v -1.083667 -3.040533 0.365000
v -1.052314 -2.994841 0.365000
v -1.052314 -2.994841 0.310000
v -1.083667 -3.040533 0.310000
v -1.067287 -3.049571 0.310000
v -1.052314 -2.994841 0.365000
v -1.083667 -3.040533 0.365000
v -1.067287 -3.049571 0.365000
v -1.052314 -2.994841 0.310000
v -1.067287 -3.049571 0.310000
v -1.033776 -3.005319 0.310000
v -1.052314 -2.994841 0.365000
v -1.067287 -3.049571 0.365000
v -1.033776 -3.005319 0.365000
v -1.033776 -3.005319 0.310000
v -1.067287 -3.049571 0.310000
v -1.051172 -3.061018 0.310000
v -1.033776 -3.005319 0.365000
v -1.067287 -3.049571 0.365000
v -1.051172 -3.061018 0.365000
v -1.033776 -3.005319 0.310000
v -1.051172 -3.061018 0.310000
v -1.016207 -3.017294 0.310000
v -1.033776 -3.005319 0.365000
v -1.051172 -3.061018 0.365000
v -1.016207 -3.017294 0.365000
v -1.016207 -3.017294 0.310000
v -1.051172 -3.061018 0.310000
v -1.034960 -3.075010 0.310000
v -1.016207 -3.017294 0.365000
v -1.051172 -3.061018 0.365000
v -1.034960 -3.075010 0.365000
v -1.060252 -3.223396 0.310000
v -1.054228 -3.179881 0.310000
v -1.134541 -3.179017 0.310000
v -1.060252 -3.223396 0.365000
v -1.054228 -3.179881 0.365000
v -1.134541 -3.179017 0.365000
v -1.060252 -3.223396 0.310000
v -1.134541 -3.179017 0.310000
v -1.139678 -3.203874 0.310000
v -1.060252 -3.223396 0.365000
v -1.134541 -3.179017 0.365000
v -1.139678 -3.203874 0.365000
v -1.060252 -3.223396 0.310000
v -1.139678 -3.203874 0.310000
v -1.083177 -3.266134 0.310000
v -1.060252 -3.223396 0.365000
v -1.139678 -3.203874 0.365000
v -1.083177 -3.266134 0.365000
v -1.083177 -3.266134 0.310000
v -1.139678 -3.203874 0.310000
v -1.150073 -3.226819 0.310000
v -1.083177 -3.266134 0.365000
v -1.139678 -3.203874 0.365000
v -1.150073 -3.226819 0.365000
v -1.214027 -3.153191 0.310000
v -1.200483 -3.138644 0.310000
v -1.205922 -3.087116 0.310000
v -1.214027 -3.153191 0.365000
v -1.200483 -3.138644 0.365000
v -1.205922 -3.087116 0.365000
v -1.205922 -3.087116 0.310000
v -1.200483 -3.138644 0.310000
v -1.183900 -3.132720 0.310000
v -1.205922 -3.087116 0.365000
v -1.200483 -3.138644 0.365000
v -1.183900 -3.132720 0.365000
v -1.205922 -3.087116 0.310000
v -1.183900 -3.132720 0.310000
v -1.188293 -3.082751 0.310000
v -1.205922 -3.087116 0.365000
v -1.183900 -3.132720 0.365000
v -1.188293 -3.082751 0.365000
v -1.205922 -3.087116 0.310000
v -1.187057 -3.055167 0.310000
v -1.261220 -3.030256 0.310000
v -1.205922 -3.087116 0.365000
v -1.187057 -3.055167 0.365000
v -1.261220 -3.030256 0.365000
v -1.054228 -3.179881 0.310000
v -1.065752 -3.140424 0.310000
v -1.134541 -3.179017 0.310000
v -1.054228 -3.179881 0.365000
v -1.065752 -3.140424 0.365000
v -1.134541 -3.179017 0.365000
v -1.134541 -3.179017 0.310000
v -1.065752 -3.140424 0.310000
v -1.136948 -3.159288 0.310000
v -1.134541 -3.179017 0.365000
v -1.065752 -3.140424 0.365000
v -1.136948 -3.159288 0.365000
v -1.164283 -3.135323 0.310000
v -1.146882 -3.144748 0.310000
v -1.133936 -3.087437 0.310000
v -1.164283 -3.135323 0.365000
v -1.146882 -3.144748 0.365000
v -1.133936 -3.087437 0.365000
v -1.164283 -3.135323 0.310000
v -1.133936 -3.087437 0.310000
v -1.152483 -3.082852 0.310000
v -1.164283 -3.135323 0.365000
v -1.133936 -3.087437 0.365000
v -1.152483 -3.082852 0.365000
v -1.164283 -3.135323 0.310000
v -1.152483 -3.082852 0.310000
v -1.170541 -3.081310 0.310000
v -1.164283 -3.135323 0.365000
v -1.152483 -3.082852 0.365000
v -1.170541 -3.081310 0.365000
v -1.164283 -3.135323 0.310000
v -1.170541 -3.081310 0.310000
v -1.183900 -3.132720 0.310000
v -1.164283 -3.135323 0.365000
v -1.170541 -3.081310 0.365000
v -1.183900 -3.132720 0.365000
v -1.183900 -3.132720 0.310000
v -1.170541 -3.081310 0.310000
v -1.188293 -3.082751 0.310000
v -1.183900 -3.132720 0.365000
v -1.170541 -3.081310 0.365000
v -1.188293 -3.082751 0.365000
v -1.133936 -3.087437 0.310000
v -1.146882 -3.144748 0.310000
v -1.092947 -3.108463 0.310000
v -1.133936 -3.087437 0.365000
v -1.146882 -3.144748 0.365000
v -1.092947 -3.108463 0.365000
v -1.092947 -3.108463 0.310000
v -1.146882 -3.144748 0.310000
v -1.136948 -3.159288 0.310000
v -1.092947 -3.108463 0.365000
v -1.146882 -3.144748 0.365000
v -1.136948 -3.159288 0.365000
v -1.092947 -3.108463 0.310000
v -1.136948 -3.159288 0.310000
v -1.065752 -3.140424 0.310000
v -1.092947 -3.108463 0.365000
v -1.136948 -3.159288 0.365000
v -1.065752 -3.140424 0.365000
v -1.034960 -3.075010 0.310000
v -1.051172 -3.061018 0.310000
v -1.051172 -3.061018 0.365000
v -1.034960 -3.075010 0.365000
v -1.051172 -3.061018 0.310000
v -1.067287 -3.049571 0.310000
v -1.067287 -3.049571 0.365000
v -1.051172 -3.061018 0.365000
v -1.067287 -3.049571 0.310000
v -1.083667 -3.040533 0.310000
v -1.083667 -3.040533 0.365000
v -1.067287 -3.049571 0.365000
v -1.083667 -3.040533 0.310000
v -1.100541 -3.033812 0.310000
v -1.100541 -3.033812 0.365000
v -1.083667 -3.040533 0.365000
v -1.100541 -3.033812 0.310000
v -1.134161 -3.028397 0.310000
v -1.134161 -3.028397 0.365000
v -1.100541 -3.033812 0.365000
v -1.134161 -3.028397 0.310000
v -1.163061 -3.035532 0.310000
v -1.163061 -3.035532 0.365000
v -1.134161 -3.028397 0.365000
v -1.163061 -3.035532 0.310000
v -1.187057 -3.055167 0.310000
v -1.187057 -3.055167 0.365000
v -1.163061 -3.035532 0.365000
v -1.187057 -3.055167 0.310000
v -1.205922 -3.087116 0.310000
v -1.205922 -3.087116 0.365000
v -1.187057 -3.055167 0.365000
v -1.205922 -3.087116 0.310000
v -1.188293 -3.082751 0.310000
v -1.188293 -3.082751 0.365000
v -1.205922 -3.087116 0.365000
v -1.188293 -3.082751 0.310000
v -1.170541 -3.081310 0.310000
v -1.170541 -3.081310 0.365000
v -1.188293 -3.082751 0.365000
v -1.170541 -3.081310 0.310000
v -1.152483 -3.082852 0.310000
v -1.152483 -3.082852 0.365000
v -1.170541 -3.081310 0.365000
v -1.152483 -3.082852 0.310000
v -1.133936 -3.087437 0.310000
v -1.133936 -3.087437 0.365000
v -1.152483 -3.082852 0.365000
v -1.133936 -3.087437 0.310000
v -1.092947 -3.108463 0.310000
v -1.092947 -3.108463 0.365000
v -1.133936 -3.087437 0.365000
v -1.092947 -3.108463 0.310000
v -1.065752 -3.140424 0.310000
v -1.065752 -3.140424 0.365000
v -1.092947 -3.108463 0.365000
v -1.065752 -3.140424 0.310000
v -1.054228 -3.179881 0.310000
v -1.054228 -3.179881 0.365000
v -1.065752 -3.140424 0.365000
v -1.054228 -3.179881 0.310000
v -1.060252 -3.223396 0.310000
v -1.060252 -3.223396 0.365000
v -1.054228 -3.179881 0.365000
v -1.060252 -3.223396 0.310000
v -1.083177 -3.266134 0.310000
v -1.083177 -3.266134 0.365000
v -1.060252 -3.223396 0.365000
v -1.083177 -3.266134 0.310000
v -1.119184 -3.293493 0.310000
v -1.119184 -3.293493 0.365000
v -1.083177 -3.266134 0.365000
v -1.119184 -3.293493 0.310000
v -1.164838 -3.303780 0.310000
v -1.164838 -3.303780 0.365000
v -1.119184 -3.293493 0.365000
v -1.164838 -3.303780 0.310000
v -1.216706 -3.295301 0.310000
v -1.216706 -3.295301 0.365000
v -1.164838 -3.303780 0.365000
v -1.216706 -3.295301 0.310000
v -1.267515 -3.267405 0.310000
v -1.267515 -3.267405 0.365000
v -1.216706 -3.295301 0.365000
v -1.267515 -3.267405 0.310000
v -1.297820 -3.223398 0.310000
v -1.297820 -3.223398 0.365000
v -1.267515 -3.267405 0.365000
v -1.297820 -3.223398 0.310000
v -1.306765 -3.165592 0.310000
v -1.306765 -3.165592 0.365000
v -1.297820 -3.223398 0.365000
v -1.306765 -3.165592 0.310000
v -1.293449 -3.096164 0.310000
v -1.293449 -3.096164 0.365000
v -1.306765 -3.165592 0.365000
v -1.293449 -3.096164 0.310000
v -1.261220 -3.030256 0.310000
v -1.261220 -3.030256 0.365000
v -1.293449 -3.096164 0.365000
v -1.261220 -3.030256 0.310000
v -1.214819 -2.987291 0.310000
v -1.214819 -2.987291 0.365000
v -1.261220 -3.030256 0.365000
v -1.214819 -2.987291 0.310000
v -1.157716 -2.969189 0.310000
v -1.157716 -2.969189 0.365000
v -1.214819 -2.987291 0.365000
v -1.157716 -2.969189 0.310000
v -1.093249 -2.977917 0.310000
v -1.093249 -2.977917 0.365000
v -1.157716 -2.969189 0.365000
v -1.093249 -2.977917 0.310000
v -1.072047 -2.985712 0.310000
v -1.072047 -2.985712 0.365000
v -1.093249 -2.977917 0.365000
v -1.072047 -2.985712 0.310000
v -1.052314 -2.994841 0.310000
v -1.052314 -2.994841 0.365000
v -1.072047 -2.985712 0.365000
v -1.052314 -2.994841 0.310000
v -1.033776 -3.005319 0.310000
v -1.033776 -3.005319 0.365000
v -1.052314 -2.994841 0.365000
v -1.033776 -3.005319 0.310000
v -1.016207 -3.017294 0.310000
v -1.016207 -3.017294 0.365000
v -1.033776 -3.005319 0.365000
v -1.016207 -3.017294 0.310000
v -1.034960 -3.075010 0.310000
v -1.034960 -3.075010 0.365000
v -1.016207 -3.017294 0.365000
v -1.183900 -3.132720 0.310000
v -1.200483 -3.138644 0.310000
v -1.200483 -3.138644 0.365000
v -1.183900 -3.132720 0.365000
v -1.200483 -3.138644 0.310000
v -1.214027 -3.153191 0.310000
v -1.214027 -3.153191 0.365000
v -1.200483 -3.138644 0.365000
v -1.214027 -3.153191 0.310000
v -1.224481 -3.176320 0.310000
v -1.224481 -3.176320 0.365000
v -1.214027 -3.153191 0.365000
v -1.224481 -3.176320 0.310000
v -1.229558 -3.200992 0.310000
v -1.229558 -3.200992 0.365000
v -1.224481 -3.176320 0.365000
v -1.229558 -3.200992 0.310000
v -1.227146 -3.220705 0.310000
v -1.227146 -3.220705 0.365000
v -1.229558 -3.200992 0.365000
v -1.227146 -3.220705 0.310000
v -1.217261 -3.235396 0.310000
v -1.217261 -3.235396 0.365000
v -1.227146 -3.220705 0.365000
v -1.217261 -3.235396 0.310000
v -1.199877 -3.244871 0.310000
v -1.199877 -3.244871 0.365000
v -1.217261 -3.235396 0.365000
v -1.199877 -3.244871 0.310000
v -1.180244 -3.247423 0.310000
v -1.180244 -3.247423 0.365000
v -1.199877 -3.244871 0.365000
v -1.180244 -3.247423 0.310000
v -1.163611 -3.241349 0.310000
v -1.163611 -3.241349 0.365000
v -1.180244 -3.247423 0.365000
v -1.163611 -3.241349 0.310000
v -1.150073 -3.226819 0.310000
v -1.150073 -3.226819 0.365000
v -1.163611 -3.241349 0.365000
v -1.150073 -3.226819 0.310000
v -1.139678 -3.203874 0.310000
v -1.139678 -3.203874 0.365000
v -1.150073 -3.226819 0.365000
v -1.139678 -3.203874 0.310000
v -1.134541 -3.179017 0.310000
v -1.134541 -3.179017 0.365000
v -1.139678 -3.203874 0.365000
v -1.134541 -3.179017 0.310000
v -1.136948 -3.159288 0.310000
v -1.136948 -3.159288 0.365000
v -1.134541 -3.179017 0.365000
v -1.136948 -3.159288 0.310000
v -1.146882 -3.144748 0.310000
v -1.146882 -3.144748 0.365000
v -1.136948 -3.159288 0.365000
v -1.146882 -3.144748 0.310000
v -1.164283 -3.135323 0.310000
v -1.164283 -3.135323 0.365000
v -1.146882 -3.144748 0.365000
v -1.164283 -3.135323 0.310000
v -1.183900 -3.132720 0.310000
v -1.183900 -3.132720 0.365000
v -1.164283 -3.135323 0.365000
v -1.959490 -2.914946 0.310000
v -1.921585 -2.862774 0.310000
v -2.054048 -2.766534 0.310000
v -1.959490 -2.914946 0.365000
v -1.921585 -2.862774 0.365000
v -2.054048 -2.766534 0.365000
v -1.959490 -2.914946 0.310000
v -2.054048 -2.766534 0.310000
v -2.166762 -2.764354 0.310000
v -1.959490 -2.914946 0.365000
v -2.054048 -2.766534 0.365000
v -2.166762 -2.764354 0.365000
v -2.166762 -2.764354 0.310000
v -2.054048 -2.766534 0.310000
v -2.137723 -2.724385 0.310000
v -2.166762 -2.764354 0.365000
v -2.054048 -2.766534 0.365000
v -2.137723 -2.724385 0.365000
v -1.859683 -2.567197 0.310000
v -2.137723 -2.724385 0.310000
v -2.054048 -2.766534 0.310000
v -1.859683 -2.567197 0.365000
v -2.137723 -2.724385 0.365000
v -2.054048 -2.766534 0.365000
v -1.859683 -2.567197 0.310000
v -2.054048 -2.766534 0.310000
v -1.921585 -2.862774 0.310000
v -1.859683 -2.567197 0.365000
v -2.054048 -2.766534 0.365000
v -1.921585 -2.862774 0.365000
v -1.959490 -2.914946 0.310000
v -2.166762 -2.764354 0.310000
v -2.166762 -2.764354 0.365000
v -1.959490 -2.914946 0.365000
v -2.166762 -2.764354 0.310000
v -2.137723 -2.724385 0.310000
v -2.137723 -2.724385 0.365000
v -2.166762 -2.764354 0.365000
v -2.137723 -2.724385 0.310000
v -1.859683 -2.567197 0.310000
v -1.859683 -2.567197 0.365000
v -2.137723 -2.724385 0.365000
v -1.859683 -2.567197 0.310000
v -1.790593 -2.617394 0.310000
v -1.790593 -2.617394 0.365000
v -1.859683 -2.567197 0.365000
v -1.790593 -2.617394 0.310000
v -2.054048 -2.766534 0.310000
v -2.054048 -2.766534 0.365000
v -1.790593 -2.617394 0.365000
v -2.054048 -2.766534 0.310000
v -1.921585 -2.862774 0.310000
v -1.921585 -2.862774 0.365000
v -2.054048 -2.766534 0.365000
v -1.921585 -2.862774 0.310000
v -1.959490 -2.914946 0.310000
v -1.959490 -2.914946 0.365000
v -1.921585 -2.862774 0.365000
v -2.660382 -2.273617 0.310000
v -2.613789 -2.239765 0.310000
v -2.671684 -2.186997 0.310000
v -2.660382 -2.273617 0.365000
v -2.613789 -2.239765 0.365000
v -2.671684 -2.186997 0.365000
v -2.660382 -2.273617 0.310000
v -2.671684 -2.186997 0.310000
v -2.717988 -2.221247 0.310000
v -2.660382 -2.273617 0.365000
v -2.671684 -2.186997 0.365000
v -2.717988 -2.221247 0.365000
v -2.717988 -2.221247 0.310000
v -2.671684 -2.186997 0.310000
v -2.765273 -2.156165 0.310000
v -2.717988 -2.221247 0.365000
v -2.671684 -2.186997 0.365000
v -2.765273 -2.156165 0.365000
v -2.765273 -2.156165 0.310000
v -2.671684 -2.186997 0.310000
v -2.547098 -1.997651 0.310000
v -2.765273 -2.156165 0.365000
v -2.671684 -2.186997 0.365000
v -2.547098 -1.997651 0.365000
v -2.591036 -1.937176 0.310000
v -2.547098 -1.997651 0.310000
v -2.543760 -1.902828 0.310000
v -2.591036 -1.937176 0.365000
v -2.547098 -1.997651 0.365000
v -2.543760 -1.902828 0.365000
v -2.543760 -1.902828 0.310000
v -2.547098 -1.997651 0.310000
v -2.408889 -2.088462 0.310000
v -2.543760 -1.902828 0.365000
v -2.547098 -1.997651 0.365000
v -2.408889 -2.088462 0.365000
v -2.408889 -2.088462 0.310000
v -2.547098 -1.997651 0.310000
v -2.500102 -2.062336 0.310000
v -2.408889 -2.088462 0.365000
v -2.547098 -1.997651 0.365000
v -2.500102 -2.062336 0.365000
v -2.408889 -2.088462 0.310000
v -2.500102 -2.062336 0.310000
v -2.456165 -2.122810 0.310000
v -2.408889 -2.088462 0.365000
v -2.500102 -2.062336 0.365000
v -2.456165 -2.122810 0.365000
v -2.671684 -2.186997 0.310000
v -2.500102 -2.062336 0.310000
v -2.547098 -1.997651 0.310000
v -2.671684 -2.186997 0.365000
v -2.500102 -2.062336 0.365000
v -2.547098 -1.997651 0.365000
v -2.500102 -2.062336 0.310000
v -2.671684 -2.186997 0.310000
v -2.671684 -2.186997 0.365000
v -2.500102 -2.062336 0.365000
v -2.671684 -2.186997 0.310000
v -2.613789 -2.239765 0.310000
v -2.613789 -2.239765 0.365000
v -2.671684 -2.186997 0.365000
v -2.613789 -2.239765 0.310000
v -2.660382 -2.273617 0.310000
v -2.660382 -2.273617 0.365000
v -2.613789 -2.239765 0.365000
v -2.660382 -2.273617 0.310000
v -2.717988 -2.221247 0.310000
v -2.717988 -2.221247 0.365000
v -2.660382 -2.273617 0.365000
v -2.717988 -2.221247 0.310000
v -2.765273 -2.156165 0.310000
v -2.765273 -2.156165 0.365000
v -2.717988 -2.221247 0.365000
v -2.765273 -2.156165 0.310000
v -2.547098 -1.997651 0.310000
v -2.547098 -1.997651 0.365000
v -2.765273 -2.156165 0.365000
v -2.547098 -1.997651 0.310000
v -2.591036 -1.937176 0.310000
v -2.591036 -1.937176 0.365000
v -2.547098 -1.997651 0.365000
v -2.591036 -1.937176 0.310000
v -2.543760 -1.902828 0.310000
v -2.543760 -1.902828 0.365000
v -2.591036 -1.937176 0.365000
v -2.543760 -1.902828 0.310000
v -2.408889 -2.088462 0.310000
v -2.408889 -2.088462 0.365000
v -2.543760 -1.902828 0.365000
v -2.408889 -2.088462 0.310000
v -2.456165 -2.122810 0.310000
v -2.456165 -2.122810 0.365000
v -2.408889 -2.088462 0.365000
v -2.456165 -2.122810 0.310000
v -2.500102 -2.062336 0.310000
v -2.500102 -2.062336 0.365000
v -2.456165 -2.122810 0.365000
v -2.834742 -1.990801 0.310000
v -2.772024 -1.983240 0.310000
v -2.817405 -1.919403 0.310000
v -2.834742 -1.990801 0.365000
v -2.772024 -1.983240 0.365000
v -2.817405 -1.919403 0.365000
v -2.834742 -1.990801 0.310000
v -2.817405 -1.919403 0.310000
v -2.848286 -1.921195 0.310000
v -2.834742 -1.990801 0.365000
v -2.817405 -1.919403 0.365000
v -2.848286 -1.921195 0.365000
v -2.834742 -1.990801 0.310000
v -2.848286 -1.921195 0.310000
v -2.891507 -1.971981 0.310000
v -2.834742 -1.990801 0.365000
v -2.848286 -1.921195 0.365000
v -2.891507 -1.971981 0.365000
v -2.891507 -1.971981 0.310000
v -2.848286 -1.921195 0.310000
v -2.875892 -1.910026 0.310000
v -2.891507 -1.971981 0.365000
v -2.848286 -1.921195 0.365000
v -2.875892 -1.910026 0.365000
v -2.891507 -1.971981 0.310000
v -2.875892 -1.910026 0.310000
v -2.938398 -1.927211 0.310000
v -2.891507 -1.971981 0.365000
v -2.875892 -1.910026 0.365000
v -2.938398 -1.927211 0.365000
v -2.938398 -1.927211 0.310000
v -2.875892 -1.910026 0.310000
v -2.899892 -1.885936 0.310000
v -2.938398 -1.927211 0.365000
v -2.875892 -1.910026 0.365000
v -2.899892 -1.885936 0.365000
v -2.938398 -1.927211 0.310000
v -2.899892 -1.885936 0.310000
v -2.950800 -1.908646 0.310000
v -2.938398 -1.927211 0.365000
v -2.899892 -1.885936 0.365000
v -2.950800 -1.908646 0.365000
v -2.950800 -1.908646 0.310000
v -2.899892 -1.885936 0.310000
v -2.909396 -1.870851 0.310000
v -2.950800 -1.908646 0.365000
v -2.899892 -1.885936 0.365000
v -2.909396 -1.870851 0.365000
v -2.950800 -1.908646 0.310000
v -2.909396 -1.870851 0.310000
v -2.961387 -1.889588 0.310000
v -2.950800 -1.908646 0.365000
v -2.909396 -1.870851 0.365000
v -2.961387 -1.889588 0.365000
v -2.961387 -1.889588 0.310000
v -2.909396 -1.870851 0.310000
v -2.917243 -1.854039 0.310000
v -2.961387 -1.889588 0.365000
v -2.909396 -1.870851 0.365000
v -2.917243 -1.854039 0.365000
v -2.961387 -1.889588 0.310000
v -2.917243 -1.854039 0.310000
v -2.970293 -1.869852 0.310000
v -2.961387 -1.889588 0.365000
v -2.917243 -1.854039 0.365000
v -2.970293 -1.869852 0.365000
v -2.970293 -1.869852 0.310000
v -2.917243 -1.854039 0.310000
v -2.923601 -1.835059 0.310000
v -2.970293 -1.869852 0.365000
v -2.917243 -1.854039 0.365000
v -2.923601 -1.835059 0.365000
v -2.970293 -1.869852 0.310000
v -2.923601 -1.835059 0.310000
v -2.977653 -1.849254 0.310000
v -2.970293 -1.869852 0.365000
v -2.923601 -1.835059 0.365000
v -2.977653 -1.849254 0.365000
v -2.977653 -1.849254 0.310000
v -2.923601 -1.835059 0.310000
v -2.928556 -1.813583 0.310000
v -2.977653 -1.849254 0.365000
v -2.923601 -1.835059 0.365000
v -2.928556 -1.813583 0.365000
v -2.820710 -1.708630 0.310000
v -2.851048 -1.740211 0.310000
v -2.787073 -1.788366 0.310000
v -2.820710 -1.708630 0.365000
v -2.851048 -1.740211 0.365000
v -2.787073 -1.788366 0.365000
v -2.820710 -1.708630 0.310000
v -2.787073 -1.788366 0.310000
v -2.768311 -1.771301 0.310000
v -2.820710 -1.708630 0.365000
v -2.787073 -1.788366 0.365000
v -2.768311 -1.771301 0.365000
v -2.820710 -1.708630 0.310000
v -2.768311 -1.771301 0.310000
v -2.777207 -1.687693 0.310000
v -2.820710 -1.708630 0.365000
v -2.768311 -1.771301 0.365000
v -2.777207 -1.687693 0.365000
v -2.732033 -1.686881 0.310000
v -2.777207 -1.687693 0.310000
v -2.746311 -1.758751 0.310000
v -2.732033 -1.686881 0.365000
v -2.777207 -1.687693 0.365000
v -2.746311 -1.758751 0.365000
v -2.732033 -1.686881 0.310000
v -2.746311 -1.758751 0.310000
v -2.726849 -1.754911 0.310000
v -2.732033 -1.686881 0.365000
v -2.746311 -1.758751 0.365000
v -2.726849 -1.754911 0.365000
v -2.732033 -1.686881 0.310000
v -2.726849 -1.754911 0.310000
v -2.689032 -1.705510 0.310000
v -2.732033 -1.686881 0.365000
v -2.726849 -1.754911 0.365000
v -2.689032 -1.705510 0.365000
v -2.689032 -1.705510 0.310000
v -2.726849 -1.754911 0.310000
v -2.709961 -1.759851 0.310000
v -2.689032 -1.705510 0.365000
v -2.726849 -1.754911 0.365000
v -2.709961 -1.759851 0.365000
v -2.689032 -1.705510 0.310000
v -2.709961 -1.759851 0.310000
v -2.651965 -1.743009 0.310000
v -2.689032 -1.705510 0.365000
v -2.709961 -1.759851 0.365000
v -2.651965 -1.743009 0.365000
v -2.651965 -1.743009 0.310000
v -2.709961 -1.759851 0.310000
v -2.695569 -1.773559 0.310000
v -2.651965 -1.743009 0.365000
v -2.709961 -1.759851 0.365000
v -2.695569 -1.773559 0.365000
v -2.651965 -1.743009 0.310000
v -2.695569 -1.773559 0.310000
v -2.687041 -1.791397 0.310000
v -2.651965 -1.743009 0.365000
v -2.695569 -1.773559 0.365000
v -2.687041 -1.791397 0.365000
v -2.651965 -1.743009 0.310000
v -2.687041 -1.791397 0.310000
v -2.627363 -1.795236 0.310000
v -2.651965 -1.743009 0.365000
v -2.687041 -1.791397 0.365000
v -2.627363 -1.795236 0.365000
v -2.627363 -1.795236 0.310000
v -2.687041 -1.791397 0.310000
v -2.687582 -1.808957 0.310000
v -2.627363 -1.795236 0.365000
v -2.687041 -1.791397 0.365000
v -2.687582 -1.808957 0.365000
v -2.627363 -1.795236 0.310000
v -2.687582 -1.808957 0.310000
v -2.628699 -1.848490 0.310000
v -2.627363 -1.795236 0.365000
v -2.687582 -1.808957 0.365000
v -2.628699 -1.848490 0.365000
v -2.628699 -1.848490 0.310000
v -2.687582 -1.808957 0.310000
v -2.697248 -1.826280 0.310000
v -2.628699 -1.848490 0.365000
v -2.687582 -1.808957 0.365000
v -2.697248 -1.826280 0.365000
v -2.628699 -1.848490 0.310000
v -2.697248 -1.826280 0.310000
v -2.655545 -1.900459 0.310000
v -2.628699 -1.848490 0.365000
v -2.697248 -1.826280 0.365000
v -2.655545 -1.900459 0.365000
v -2.655545 -1.900459 0.310000
v -2.697248 -1.826280 0.310000
v -2.715982 -1.843324 0.310000
v -2.655545 -1.900459 0.365000
v -2.697248 -1.826280 0.365000
v -2.715982 -1.843324 0.365000
v -2.655545 -1.900459 0.310000
v -2.715982 -1.843324 0.310000
v -2.738010 -1.855895 0.310000
v -2.655545 -1.900459 0.365000
v -2.715982 -1.843324 0.365000
v -2.738010 -1.855895 0.365000
v -2.655545 -1.900459 0.310000
v -2.738010 -1.855895 0.310000
v -2.707275 -1.948865 0.310000
v -2.655545 -1.900459 0.365000
v -2.738010 -1.855895 0.365000
v -2.707275 -1.948865 0.365000
v -2.707275 -1.948865 0.310000
v -2.738010 -1.855895 0.310000
v -2.783471 -1.904527 0.310000
v -2.707275 -1.948865 0.365000
v -2.738010 -1.855895 0.365000
v -2.783471 -1.904527 0.365000
v -2.707275 -1.948865 0.310000
v -2.783471 -1.904527 0.310000
v -2.772024 -1.983240 0.310000
v -2.707275 -1.948865 0.365000
v -2.783471 -1.904527 0.365000
v -2.772024 -1.983240 0.365000
v -2.772024 -1.983240 0.310000
v -2.783471 -1.904527 0.310000
v -2.817405 -1.919403 0.310000
v -2.772024 -1.983240 0.365000
v -2.783471 -1.904527 0.365000
v -2.817405 -1.919403 0.365000
v -2.851048 -1.740211 0.310000
v -2.864917 -1.778907 0.310000
v -2.787073 -1.788366 0.310000
v -2.851048 -1.740211 0.365000
v -2.864917 -1.778907 0.365000
v -2.787073 -1.788366 0.365000
v -2.787073 -1.788366 0.310000
v -2.864917 -1.778907 0.310000
v -2.796711 -1.805668 0.310000
v -2.787073 -1.788366 0.365000
v -2.864917 -1.778907 0.365000
v -2.796711 -1.805668 0.365000
v -2.768311 -1.771301 0.310000
v -2.746311 -1.758751 0.310000
v -2.777207 -1.687693 0.310000
v -2.768311 -1.771301 0.365000
v -2.746311 -1.758751 0.365000
v -2.777207 -1.687693 0.365000
v -2.738010 -1.855895 0.310000
v -2.757444 -1.859714 0.310000
v -2.783471 -1.904527 0.310000
v -2.738010 -1.855895 0.365000
v -2.757444 -1.859714 0.365000
v -2.783471 -1.904527 0.365000
v -2.783471 -1.904527 0.310000
v -2.757444 -1.859714 0.310000
v -2.774354 -1.854834 0.310000
v -2.783471 -1.904527 0.365000
v -2.757444 -1.859714 0.365000
v -2.774354 -1.854834 0.365000
v -2.783471 -1.904527 0.310000
v -2.774354 -1.854834 0.310000
v -2.799946 -1.897852 0.310000
v -2.783471 -1.904527 0.365000
v -2.774354 -1.854834 0.365000
v -2.799946 -1.897852 0.365000
v -2.799946 -1.897852 0.310000
v -2.774354 -1.854834 0.310000
v -2.814933 -1.888619 0.310000
v -2.799946 -1.897852 0.365000
v -2.774354 -1.854834 0.365000
v -2.814933 -1.888619 0.365000
v -2.814933 -1.888619 0.310000
v -2.774354 -1.854834 0.310000
v -2.788699 -1.841222 0.310000
v -2.814933 -1.888619 0.365000
v -2.774354 -1.854834 0.365000
v -2.788699 -1.841222 0.365000
v -2.814933 -1.888619 0.310000
v -2.788699 -1.841222 0.310000
v -2.828635 -1.876669 0.310000
v -2.814933 -1.888619 0.365000
v -2.788699 -1.841222 0.365000
v -2.828635 -1.876669 0.365000
v -2.828635 -1.876669 0.310000
v -2.788699 -1.841222 0.310000
v -2.841055 -1.861877 0.310000
v -2.828635 -1.876669 0.365000
v -2.788699 -1.841222 0.365000
v -2.841055 -1.861877 0.365000
v -2.841055 -1.861877 0.310000
v -2.788699 -1.841222 0.310000
v -2.797274 -1.823288 0.310000
v -2.841055 -1.861877 0.365000
v -2.788699 -1.841222 0.365000
v -2.797274 -1.823288 0.365000
v -2.841055 -1.861877 0.310000
v -2.797274 -1.823288 0.310000
v -2.861797 -1.820796 0.310000
v -2.841055 -1.861877 0.365000
v -2.797274 -1.823288 0.365000
v -2.861797 -1.820796 0.365000
v -2.861797 -1.820796 0.310000
v -2.797274 -1.823288 0.310000
v -2.796711 -1.805668 0.310000
v -2.861797 -1.820796 0.365000
v -2.797274 -1.823288 0.365000
v -2.796711 -1.805668 0.365000
v -2.861797 -1.820796 0.310000
v -2.796711 -1.805668 0.310000
v -2.864917 -1.778907 0.310000
v -2.861797 -1.820796 0.365000
v -2.796711 -1.805668 0.365000
v -2.864917 -1.778907 0.365000
v -2.928556 -1.813583 0.310000
v -2.923601 -1.835059 0.310000
v -2.923601 -1.835059 0.365000
v -2.928556 -1.813583 0.365000
v -2.923601 -1.835059 0.310000
v -2.917243 -1.854039 0.310000
v -2.917243 -1.854039 0.365000
v -2.923601 -1.835059 0.365000
v -2.917243 -1.854039 0.310000
v -2.909396 -1.870851 0.310000
v -2.909396 -1.870851 0.365000
v -2.917243 -1.854039 0.365000
v -2.909396 -1.870851 0.310000
v -2.899892 -1.885936 0.310000
v -2.899892 -1.885936 0.365000
v -2.909396 -1.870851 0.365000
v -2.899892 -1.885936 0.310000
v -2.875892 -1.910026 0.310000
v -2.875892 -1.910026 0.365000
v -2.899892 -1.885936 0.365000
v -2.875892 -1.910026 0.310000
v -2.848286 -1.921195 0.310000
v -2.848286 -1.921195 0.365000
v -2.875892 -1.910026 0.365000
v -2.848286 -1.921195 0.310000
v -2.817405 -1.919403 0.310000
v -2.817405 -1.919403 0.365000
v -2.848286 -1.921195 0.365000
v -2.817405 -1.919403 0.310000
v -2.783471 -1.904527 0.310000
v -2.783471 -1.904527 0.365000
v -2.817405 -1.919403 0.365000
v -2.783471 -1.904527 0.310000
v -2.799946 -1.897852 0.310000
v -2.799946 -1.897852 0.365000
v -2.783471 -1.904527 0.365000
v -2.799946 -1.897852 0.310000
v -2.814933 -1.888619 0.310000
v -2.814933 -1.888619 0.365000
v -2.799946 -1.897852 0.365000
v -2.814933 -1.888619 0.310000
v -2.828635 -1.876669 0.310000
v -2.828635 -1.876669 0.365000
v -2.814933 -1.888619 0.365000
v -2.828635 -1.876669 0.310000
v -2.841055 -1.861877 0.310000
v -2.841055 -1.861877 0.365000
v -2.828635 -1.876669 0.365000
v -2.841055 -1.861877 0.310000
v -2.861797 -1.820796 0.310000
v -2.861797 -1.820796 0.365000
v -2.841055 -1.861877 0.365000
v -2.861797 -1.820796 0.310000
v -2.864917 -1.778907 0.310000
v -2.864917 -1.778907 0.365000
v -2.861797 -1.820796 0.365000
v -2.864917 -1.778907 0.310000
v -2.851048 -1.740211 0.310000
v -2.851048 -1.740211 0.365000
v -2.864917 -1.778907 0.365000
v -2.851048 -1.740211 0.310000
v -2.820710 -1.708630 0.310000
v -2.820710 -1.708630 0.365000
v -2.851048 -1.740211 0.365000
v -2.820710 -1.708630 0.310000
v -2.777207 -1.687693 0.310000
v -2.777207 -1.687693 0.365000
v -2.820710 -1.708630 0.365000
v -2.777207 -1.687693 0.310000
v -2.732033 -1.686881 0.310000
v -2.732033 -1.686881 0.365000
v -2.777207 -1.687693 0.365000
v -2.732033 -1.686881 0.310000
v -2.689032 -1.705510 0.310000
v -2.689032 -1.705510 0.365000
v -2.732033 -1.686881 0.365000
v -2.689032 -1.705510 0.310000
v -2.651965 -1.743009 0.310000
v -2.651965 -1.743009 0.365000
v -2.689032 -1.705510 0.365000
v -2.651965 -1.743009 0.310000
v -2.627363 -1.795236 0.310000
v -2.627363 -1.795236 0.365000
v -2.651965 -1.743009 0.365000
v -2.627363 -1.795236 0.310000
v -2.628699 -1.848490 0.310000
v -2.628699 -1.848490 0.365000
v -2.627363 -1.795236 0.365000
v -2.628699 -1.848490 0.310000
v -2.655545 -1.900459 0.310000
v -2.655545 -1.900459 0.365000
v -2.628699 -1.848490 0.365000
v -2.655545 -1.900459 0.310000
v -2.707275 -1.948865 0.310000
v -2.707275 -1.948865 0.365000
v -2.655545 -1.900459 0.365000
v -2.707275 -1.948865 0.310000
v -2.772024 -1.983240 0.310000
v -2.772024 -1.983240 0.365000
v -2.707275 -1.948865 0.365000
v -2.772024 -1.983240 0.310000
v -2.834742 -1.990801 0.310000
v -2.834742 -1.990801 0.365000
v -2.772024 -1.983240 0.365000
v -2.834742 -1.990801 0.310000
v -2.891507 -1.971981 0.310000
v -2.891507 -1.971981 0.365000
v -2.834742 -1.990801 0.365000
v -2.891507 -1.971981 0.310000
v -2.938398 -1.927211 0.310000
v -2.938398 -1.927211 0.365000
v -2.891507 -1.971981 0.365000
v -2.938398 -1.927211 0.310000
v -2.950800 -1.908646 0.310000
v -2.950800 -1.908646 0.365000
v -2.938398 -1.927211 0.365000
v -2.950800 -1.908646 0.310000
v -2.961387 -1.889588 0.310000
v -2.961387 -1.889588 0.365000
v -2.950800 -1.908646 0.365000
v -2.961387 -1.889588 0.310000
v -2.970293 -1.869852 0.310000
v -2.970293 -1.869852 0.365000
v -2.961387 -1.889588 0.365000
v -2.970293 -1.869852 0.310000
v -2.977653 -1.849254 0.310000
v -2.977653 -1.849254 0.365000
v -2.970293 -1.869852 0.365000
v -2.977653 -1.849254 0.310000
v -2.928556 -1.813583 0.310000
v -2.928556 -1.813583 0.365000
v -2.977653 -1.849254 0.365000
v -2.774354 -1.854834 0.310000
v -2.757444 -1.859714 0.310000
v -2.757444 -1.859714 0.365000
v -2.774354 -1.854834 0.365000
v -2.757444 -1.859714 0.310000
v -2.738010 -1.855895 0.310000
v -2.738010 -1.855895 0.365000
v -2.757444 -1.859714 0.365000
v -2.738010 -1.855895 0.310000
v -2.715982 -1.843324 0.310000
v -2.715982 -1.843324 0.365000
v -2.738010 -1.855895 0.365000
v -2.715982 -1.843324 0.310000
v -2.697248 -1.826280 0.310000
v -2.697248 -1.826280 0.365000
v -2.715982 -1.843324 0.365000
v -2.697248 -1.826280 0.310000
v -2.687582 -1.808957 0.310000
v -2.687582 -1.808957 0.365000
v -2.697248 -1.826280 0.365000
v -2.687582 -1.808957 0.310000
v -2.687041 -1.791397 0.310000
v -2.687041 -1.791397 0.365000
v -2.687582 -1.808957 0.365000
v -2.687041 -1.791397 0.310000
v -2.695569 -1.773559 0.310000
v -2.695569 -1.773559 0.365000
v -2.687041 -1.791397 0.365000
v -2.695569 -1.773559 0.310000
v -2.709961 -1.759851 0.310000
v -2.709961 -1.759851 0.365000
v -2.695569 -1.773559 0.365000
v -2.709961 -1.759851 0.310000
v -2.726849 -1.754911 0.310000
v -2.726849 -1.754911 0.365000
v -2.709961 -1.759851 0.365000
v -2.726849 -1.754911 0.310000
v -2.746311 -1.758751 0.310000
v -2.746311 -1.758751 0.365000
v -2.726849 -1.754911 0.365000
v -2.746311 -1.758751 0.310000
v -2.768311 -1.771301 0.310000
v -2.768311 -1.771301 0.365000
v -2.746311 -1.758751 0.365000
v -2.768311 -1.771301 0.310000
v -2.787073 -1.788366 0.310000
v -2.787073 -1.788366 0.365000
v -2.768311 -1.771301 0.365000
v -2.787073 -1.788366 0.310000
v -2.796711 -1.805668 0.310000
v -2.796711 -1.805668 0.365000
v -2.787073 -1.788366 0.365000
v -2.796711 -1.805668 0.310000
v -2.797274 -1.823288 0.310000
v -2.797274 -1.823288 0.365000
v -2.796711 -1.805668 0.365000
v -2.797274 -1.823288 0.310000
v -2.788699 -1.841222 0.310000
v -2.788699 -1.841222 0.365000
v -2.797274 -1.823288 0.365000
v -2.788699 -1.841222 0.310000
v -2.774354 -1.854834 0.310000
v -2.774354 -1.854834 0.365000
v -2.788699 -1.841222 0.365000
v -3.289515 -1.164055 0.310000
v -3.257021 -1.177867 0.310000
v -3.253566 -1.098041 0.310000
v -3.289515 -1.164055 0.365000
v -3.257021 -1.177867 0.365000
v -3.253566 -1.098041 0.365000
v -3.289515 -1.164055 0.310000
v -3.253566 -1.098041 0.310000
v -3.268196 -1.094210 0.310000
v -3.289515 -1.164055 0.365000
v -3.253566 -1.098041 0.365000
v -3.268196 -1.094210 0.365000
v -3.289515 -1.164055 0.310000
v -3.268196 -1.094210 0.310000
v -3.316852 -1.132764 0.310000
v -3.289515 -1.164055 0.365000
v -3.268196 -1.094210 0.365000
v -3.316852 -1.132764 0.365000
v -3.316852 -1.132764 0.310000
v -3.268196 -1.094210 0.310000
v -3.279791 -1.084094 0.310000
v -3.316852 -1.132764 0.365000
v -3.268196 -1.094210 0.365000
v -3.279791 -1.084094 0.365000
v -3.316852 -1.132764 0.310000
v -3.279791 -1.084094 0.310000
v -3.338306 -1.084349 0.310000
v -3.316852 -1.132764 0.365000
v -3.279791 -1.084094 0.365000
v -3.338306 -1.084349 0.365000
v -3.338306 -1.084349 0.310000
v -3.279791 -1.084094 0.310000
v -3.287808 -1.067941 0.310000
v -3.338306 -1.084349 0.365000
v -3.279791 -1.084094 0.365000
v -3.287808 -1.067941 0.365000
v -3.338306 -1.084349 0.310000
v -3.287808 -1.067941 0.310000
v -3.290724 -1.050501 0.310000
v -3.338306 -1.084349 0.365000
v -3.287808 -1.067941 0.365000
v -3.290724 -1.050501 0.365000
v -3.338306 -1.084349 0.310000
v -3.290724 -1.050501 0.310000
v -3.349337 -1.032898 0.310000
v -3.338306 -1.084349 0.365000
v -3.290724 -1.050501 0.365000
v -3.349337 -1.032898 0.365000
v -3.349337 -1.032898 0.310000
v -3.290724 -1.050501 0.310000
v -3.287275 -1.035718 0.310000
v -3.349337 -1.032898 0.365000
v -3.290724 -1.050501 0.365000
v -3.287275 -1.035718 0.365000
v -3.349337 -1.032898 0.310000
v -3.287275 -1.035718 0.310000
v -3.345665 -0.991698 0.310000
v -3.349337 -1.032898 0.365000
v -3.287275 -1.035718 0.365000
v -3.345665 -0.991698 0.365000
v -3.345665 -0.991698 0.310000
v -3.287275 -1.035718 0.310000
v -3.277725 -1.024086 0.310000
v -3.345665 -0.991698 0.365000
v -3.287275 -1.035718 0.365000
v -3.277725 -1.024086 0.365000
v -3.345665 -0.991698 0.310000
v -3.277725 -1.024086 0.310000
v -3.327511 -0.961374 0.310000
v -3.345665 -0.991698 0.365000
v -3.277725 -1.024086 0.365000
v -3.327511 -0.961374 0.365000
v -3.327511 -0.961374 0.310000
v -3.277725 -1.024086 0.310000
v -3.295053 -0.942686 0.310000
v -3.327511 -0.961374 0.365000
v -3.277725 -1.024086 0.365000
v -3.295053 -0.942686 0.365000
v -3.295053 -0.942686 0.310000
v -3.277725 -1.024086 0.310000
v -3.262162 -1.016186 0.310000
v -3.295053 -0.942686 0.365000
v -3.277725 -1.024086 0.365000
v -3.262162 -1.016186 0.365000
v -3.295053 -0.942686 0.310000
v -3.262162 -1.016186 0.310000
v -3.269545 -0.938405 0.310000
v -3.295053 -0.942686 0.365000
v -3.262162 -1.016186 0.365000
v -3.269545 -0.938405 0.365000
v -3.148402 -0.887652 0.310000
v -3.174559 -0.900618 0.310000
v -3.127867 -0.964944 0.310000
v -3.148402 -0.887652 0.365000
v -3.174559 -0.900618 0.365000
v -3.127867 -0.964944 0.365000
v -3.148402 -0.887652 0.310000
v -3.127867 -0.964944 0.310000
v -3.106612 -0.961324 0.310000
v -3.148402 -0.887652 0.365000
v -3.127867 -0.964944 0.365000
v -3.106612 -0.961324 0.365000
v -3.148402 -0.887652 0.310000
v -3.106612 -0.961324 0.310000
v -3.105205 -0.882127 0.310000
v -3.148402 -0.887652 0.365000
v -3.106612 -0.961324 0.365000
v -3.105205 -0.882127 0.365000
v -3.068328 -0.895678 0.310000
v -3.105205 -0.882127 0.310000
v -3.106612 -0.961324 0.310000
v -3.068328 -0.895678 0.365000
v -3.105205 -0.882127 0.365000
v -3.106612 -0.961324 0.365000
v -3.068328 -0.895678 0.310000
v -3.106612 -0.961324 0.310000
v -3.088802 -0.965396 0.310000
v -3.068328 -0.895678 0.365000
v -3.106612 -0.961324 0.365000
v -3.088802 -0.965396 0.365000
v -3.068328 -0.895678 0.310000
v -3.088802 -0.965396 0.310000
v -3.038124 -0.928123 0.310000
v -3.068328 -0.895678 0.365000
v -3.088802 -0.965396 0.365000
v -3.038124 -0.928123 0.365000
v -3.038124 -0.928123 0.310000
v -3.088802 -0.965396 0.310000
v -3.074969 -0.976945 0.310000
v -3.038124 -0.928123 0.365000
v -3.088802 -0.965396 0.365000
v -3.074969 -0.976945 0.365000
v -3.038124 -0.928123 0.310000
v -3.074969 -0.976945 0.310000
v -3.014947 -0.979283 0.310000
v -3.038124 -0.928123 0.365000
v -3.074969 -0.976945 0.365000
v -3.014947 -0.979283 0.365000
v -3.014947 -0.979283 0.310000
v -3.074969 -0.976945 0.310000
v -3.065511 -0.995713 0.310000
v -3.014947 -0.979283 0.365000
v -3.074969 -0.976945 0.365000
v -3.065511 -0.995713 0.365000
v -3.014947 -0.979283 0.310000
v -3.065511 -0.995713 0.310000
v -3.062078 -1.016622 0.310000
v -3.014947 -0.979283 0.365000
v -3.065511 -0.995713 0.365000
v -3.062078 -1.016622 0.365000
v -3.014947 -0.979283 0.310000
v -3.062078 -1.016622 0.310000
v -3.003561 -1.034496 0.310000
v -3.014947 -0.979283 0.365000
v -3.062078 -1.016622 0.365000
v -3.003561 -1.034496 0.365000
v -3.003561 -1.034496 0.310000
v -3.062078 -1.016622 0.310000
v -3.066404 -1.034330 0.310000
v -3.003561 -1.034496 0.365000
v -3.062078 -1.016622 0.365000
v -3.066404 -1.034330 0.365000
v -3.003561 -1.034496 0.310000
v -3.066404 -1.034330 0.310000
v -3.008861 -1.078699 0.310000
v -3.003561 -1.034496 0.365000
v -3.066404 -1.034330 0.365000
v -3.008861 -1.078699 0.365000
v -3.008861 -1.078699 0.310000
v -3.066404 -1.034330 0.310000
v -3.078370 -1.048243 0.310000
v -3.008861 -1.078699 0.365000
v -3.066404 -1.034330 0.365000
v -3.078370 -1.048243 0.365000
v -3.008861 -1.078699 0.310000
v -3.078370 -1.048243 0.310000
v -3.030681 -1.111488 0.310000
v -3.008861 -1.078699 0.365000
v -3.078370 -1.048243 0.365000
v -3.030681 -1.111488 0.365000
v -3.030681 -1.111488 0.310000
v -3.078370 -1.048243 0.310000
v -3.068859 -1.132459 0.310000
v -3.030681 -1.111488 0.365000
v -3.078370 -1.048243 0.365000
v -3.068859 -1.132459 0.365000
v -3.068859 -1.132459 0.310000
v -3.078370 -1.048243 0.310000
v -3.097677 -1.057858 0.310000
v -3.068859 -1.132459 0.365000
v -3.078370 -1.048243 0.365000
v -3.097677 -1.057858 0.365000
v -3.068859 -1.132459 0.310000
v -3.097677 -1.057858 0.310000
v -3.097642 -1.137343 0.310000
v -3.068859 -1.132459 0.365000
v -3.097677 -1.057858 0.365000
v -3.097642 -1.137343 0.365000
v -3.219916 -1.173934 0.310000
v -3.196752 -1.162438 0.310000
v -3.236444 -1.095339 0.310000
v -3.219916 -1.173934 0.365000
v -3.196752 -1.162438 0.365000
v -3.236444 -1.095339 0.365000
v -3.219916 -1.173934 0.310000
v -3.236444 -1.095339 0.310000
v -3.253566 -1.098041 0.310000
v -3.219916 -1.173934 0.365000
v -3.236444 -1.095339 0.365000
v -3.253566 -1.098041 0.365000
v -3.219916 -1.173934 0.310000
v -3.253566 -1.098041 0.310000
v -3.257021 -1.177867 0.310000
v -3.219916 -1.173934 0.365000
v -3.253566 -1.098041 0.365000
v -3.257021 -1.177867 0.365000
v -3.262162 -1.016186 0.310000
v -3.244895 -1.013419 0.310000
v -3.246058 -0.942792 0.310000
v -3.262162 -1.016186 0.365000
v -3.244895 -1.013419 0.365000
v -3.246058 -0.942792 0.365000
v -3.262162 -1.016186 0.310000
v -3.246058 -0.942792 0.310000
v -3.269545 -0.938405 0.310000
v -3.262162 -1.016186 0.365000
v -3.246058 -0.942792 0.365000
v -3.269545 -0.938405 0.365000
v -3.174559 -0.900618 0.310000
v -3.192913 -0.919985 0.310000
v -3.147340 -0.974558 0.310000
v -3.174559 -0.900618 0.365000
v -3.192913 -0.919985 0.365000
v -3.147340 -0.974558 0.365000
v -3.174559 -0.900618 0.310000
v -3.147340 -0.974558 0.310000
v -3.127867 -0.964944 0.310000
v -3.174559 -0.900618 0.365000
v -3.147340 -0.974558 0.365000
v -3.127867 -0.964944 0.365000
v -3.097677 -1.057858 0.310000
v -3.118965 -1.061433 0.310000
v -3.097642 -1.137343 0.310000
v -3.097677 -1.057858 0.365000
v -3.118965 -1.061433 0.365000
v -3.097642 -1.137343 0.365000
v -3.097642 -1.137343 0.310000
v -3.118965 -1.061433 0.310000
v -3.123875 -1.132463 0.310000
v -3.097642 -1.137343 0.365000
v -3.118965 -1.061433 0.365000
v -3.123875 -1.132463 0.365000
v -3.196752 -1.162438 0.310000
v -3.180297 -1.145184 0.310000
v -3.236444 -1.095339 0.310000
v -3.196752 -1.162438 0.365000
v -3.180297 -1.145184 0.365000
v -3.236444 -1.095339 0.365000
v -3.236444 -1.095339 0.310000
v -3.180297 -1.145184 0.310000
v -3.220853 -1.087412 0.310000
v -3.236444 -1.095339 0.365000
v -3.180297 -1.145184 0.365000
v -3.220853 -1.087412 0.365000
v -3.210793 -1.042917 0.310000
v -3.207785 -1.060697 0.310000
v -3.160495 -1.026575 0.310000
v -3.210793 -1.042917 0.365000
v -3.207785 -1.060697 0.365000
v -3.160495 -1.026575 0.365000
v -3.210793 -1.042917 0.310000
v -3.160495 -1.026575 0.310000
v -3.218702 -1.027099 0.310000
v -3.210793 -1.042917 0.365000
v -3.160495 -1.026575 0.365000
v -3.218702 -1.027099 0.365000
v -3.218702 -1.027099 0.310000
v -3.160495 -1.026575 0.310000
v -3.163858 -1.005827 0.310000
v -3.218702 -1.027099 0.365000
v -3.160495 -1.026575 0.365000
v -3.163858 -1.005827 0.365000
v -3.218702 -1.027099 0.310000
v -3.163858 -1.005827 0.310000
v -3.205807 -0.977124 0.310000
v -3.218702 -1.027099 0.365000
v -3.163858 -1.005827 0.365000
v -3.205807 -0.977124 0.365000
v -3.218702 -1.027099 0.310000
v -3.205807 -0.977124 0.310000
v -3.230231 -1.017183 0.310000
v -3.218702 -1.027099 0.365000
v -3.205807 -0.977124 0.365000
v -3.230231 -1.017183 0.365000
v -3.244895 -1.013419 0.310000
v -3.230231 -1.017183 0.310000
v -3.205807 -0.977124 0.310000
v -3.244895 -1.013419 0.365000
v -3.230231 -1.017183 0.365000
v -3.205807 -0.977124 0.365000
v -3.244895 -1.013419 0.310000
v -3.205807 -0.977124 0.310000
v -3.224790 -0.955746 0.310000
v -3.244895 -1.013419 0.365000
v -3.205807 -0.977124 0.365000
v -3.224790 -0.955746 0.365000
v -3.244895 -1.013419 0.310000
v -3.224790 -0.955746 0.310000
v -3.246058 -0.942792 0.310000
v -3.244895 -1.013419 0.365000
v -3.224790 -0.955746 0.365000
v -3.246058 -0.942792 0.365000
v -3.192913 -0.919985 0.310000
v -3.203363 -0.945553 0.310000
v -3.147340 -0.974558 0.310000
v -3.192913 -0.919985 0.365000
v -3.203363 -0.945553 0.365000
v -3.147340 -0.974558 0.365000
v -3.147340 -0.974558 0.310000
v -3.203363 -0.945553 0.310000
v -3.159405 -0.988337 0.310000
v -3.147340 -0.974558 0.365000
v -3.203363 -0.945553 0.365000
v -3.159405 -0.988337 0.365000
v -3.163858 -1.005827 0.310000
v -3.159405 -0.988337 0.310000
v -3.205807 -0.977124 0.310000
v -3.163858 -1.005827 0.365000
v -3.159405 -0.988337 0.365000
v -3.205807 -0.977124 0.365000
v -3.205807 -0.977124 0.310000
v -3.159405 -0.988337 0.310000
v -3.203363 -0.945553 0.310000
v -3.205807 -0.977124 0.365000
v -3.159405 -0.988337 0.365000
v -3.203363 -0.945553 0.365000
v -3.160495 -1.026575 0.310000
v -3.207785 -1.060697 0.310000
v -3.150933 -1.045493 0.310000
v -3.160495 -1.026575 0.365000
v -3.207785 -1.060697 0.365000
v -3.150933 -1.045493 0.365000
v -3.118965 -1.061433 0.310000
v -3.136874 -1.057227 0.310000
v -3.147357 -1.117920 0.310000
v -3.118965 -1.061433 0.365000
v -3.136874 -1.057227 0.365000
v -3.147357 -1.117920 0.365000
v -3.118965 -1.061433 0.310000
v -3.147357 -1.117920 0.310000
v -3.123875 -1.132463 0.310000
v -3.118965 -1.061433 0.365000
v -3.147357 -1.117920 0.365000
v -3.123875 -1.132463 0.365000
v -3.180297 -1.145184 0.310000
v -3.170689 -1.122252 0.310000
v -3.220853 -1.087412 0.310000
v -3.180297 -1.145184 0.365000
v -3.170689 -1.122252 0.365000
v -3.220853 -1.087412 0.365000
v -3.220853 -1.087412 0.310000
v -3.170689 -1.122252 0.310000
v -3.167891 -1.093816 0.310000
v -3.220853 -1.087412 0.365000
v -3.170689 -1.122252 0.365000
v -3.167891 -1.093816 0.365000
v -3.220853 -1.087412 0.310000
v -3.167891 -1.093816 0.310000
v -3.211219 -1.075697 0.310000
v -3.220853 -1.087412 0.365000
v -3.167891 -1.093816 0.365000
v -3.211219 -1.075697 0.365000
v -3.207785 -1.060697 0.310000
v -3.211219 -1.075697 0.310000
v -3.167891 -1.093816 0.310000
v -3.207785 -1.060697 0.365000
v -3.211219 -1.075697 0.365000
v -3.167891 -1.093816 0.365000
v -3.207785 -1.060697 0.310000
v -3.167891 -1.093816 0.310000
v -3.150933 -1.045493 0.310000
v -3.207785 -1.060697 0.365000
v -3.167891 -1.093816 0.365000
v -3.150933 -1.045493 0.365000
v -3.150933 -1.045493 0.310000
v -3.167891 -1.093816 0.310000
v -3.136874 -1.057227 0.310000
v -3.150933 -1.045493 0.365000
v -3.167891 -1.093816 0.365000
v -3.136874 -1.057227 0.365000
v -3.136874 -1.057227 0.310000
v -3.167891 -1.093816 0.310000
v -3.147357 -1.117920 0.310000
v -3.136874 -1.057227 0.365000
v -3.167891 -1.093816 0.365000
v -3.147357 -1.117920 0.365000
v -3.180297 -1.145184 0.310000
v -3.196752 -1.162438 0.310000
v -3.196752 -1.162438 0.365000
v -3.180297 -1.145184 0.365000
v -3.196752 -1.162438 0.310000
v -3.219916 -1.173934 0.310000
v -3.219916 -1.173934 0.365000
v -3.196752 -1.162438 0.365000
v -3.219916 -1.173934 0.310000
v -3.257021 -1.177867 0.310000
v -3.257021 -1.177867 0.365000
v -3.219916 -1.173934 0.365000
v -3.257021 -1.177867 0.310000
v -3.289515 -1.164055 0.310000
v -3.289515 -1.164055 0.365000
v -3.257021 -1.177867 0.365000
v -3.289515 -1.164055 0.310000
v -3.316852 -1.132764 0.310000
v -3.316852 -1.132764 0.365000
v -3.289515 -1.164055 0.365000
v -3.316852 -1.132764 0.310000
v -3.338306 -1.084349 0.310000
v -3.338306 -1.084349 0.365000
v -3.316852 -1.132764 0.365000
v -3.338306 -1.084349 0.310000
v -3.349337 -1.032898 0.310000
v -3.349337 -1.032898 0.365000
v -3.338306 -1.084349 0.365000
v -3.349337 -1.032898 0.310000
v -3.345665 -0.991698 0.310000
v -3.345665 -0.991698 0.365000
v -3.349337 -1.032898 0.365000
v -3.345665 -0.991698 0.310000
v -3.327511 -0.961374 0.310000
v -3.327511 -0.961374 0.365000
v -3.345665 -0.991698 0.365000
v -3.327511 -0.961374 0.310000
v -3.295053 -0.942686 0.310000
v -3.295053 -0.942686 0.365000
v -3.327511 -0.961374 0.365000
v -3.295053 -0.942686 0.310000
v -3.269545 -0.938405 0.310000
v -3.269545 -0.938405 0.365000
v -3.295053 -0.942686 0.365000
v -3.269545 -0.938405 0.310000
v -3.246058 -0.942792 0.310000
v -3.246058 -0.942792 0.365000
v -3.269545 -0.938405 0.365000
v -3.246058 -0.942792 0.310000
v -3.224790 -0.955746 0.310000
v -3.224790 -0.955746 0.365000
v -3.246058 -0.942792 0.365000
v -3.224790 -0.955746 0.310000
v -3.205807 -0.977124 0.310000
v -3.205807 -0.977124 0.365000
v -3.224790 -0.955746 0.365000
v -3.205807 -0.977124 0.310000
v -3.203363 -0.945553 0.310000
v -3.203363 -0.945553 0.365000
v -3.205807 -0.977124 0.365000
v -3.203363 -0.945553 0.310000
v -3.192913 -0.919985 0.310000
v -3.192913 -0.919985 0.365000
v -3.203363 -0.945553 0.365000
v -3.192913 -0.919985 0.310000
v -3.174559 -0.900618 0.310000
v -3.174559 -0.900618 0.365000
v -3.192913 -0.919985 0.365000
v -3.174559 -0.900618 0.310000
v -3.148402 -0.887652 0.310000
v -3.148402 -0.887652 0.365000
v -3.174559 -0.900618 0.365000
v -3.148402 -0.887652 0.310000
v -3.105205 -0.882127 0.310000
v -3.105205 -0.882127 0.365000
v -3.148402 -0.887652 0.365000
v -3.105205 -0.882127 0.310000
v -3.068328 -0.895678 0.310000
v -3.068328 -0.895678 0.365000
v -3.105205 -0.882127 0.365000
v -3.068328 -0.895678 0.310000
v -3.038124 -0.928123 0.310000
v -3.038124 -0.928123 0.365000
v -3.068328 -0.895678 0.365000
v -3.038124 -0.928123 0.310000
v -3.014947 -0.979283 0.310000
v -3.014947 -0.979283 0.365000
v -3.038124 -0.928123 0.365000
v -3.014947 -0.979283 0.310000
v -3.003561 -1.034496 0.310000
v -3.003561 -1.034496 0.365000
v -3.014947 -0.979283 0.365000
v -3.003561 -1.034496 0.310000
v -3.008861 -1.078699 0.310000
v -3.008861 -1.078699 0.365000
v -3.003561 -1.034496 0.365000
v -3.008861 -1.078699 0.310000
v -3.030681 -1.111488 0.310000
v -3.030681 -1.111488 0.365000
v -3.008861 -1.078699 0.365000
v -3.030681 -1.111488 0.310000
v -3.068859 -1.132459 0.310000
v -3.068859 -1.132459 0.365000
v -3.030681 -1.111488 0.365000
v -3.068859 -1.132459 0.310000
v -3.097642 -1.137343 0.310000
v -3.097642 -1.137343 0.365000
v -3.068859 -1.132459 0.365000
v -3.097642 -1.137343 0.310000
v -3.123875 -1.132463 0.310000
v -3.123875 -1.132463 0.365000
v -3.097642 -1.137343 0.365000
v -3.123875 -1.132463 0.310000
v -3.147357 -1.117920 0.310000
v -3.147357 -1.117920 0.365000
v -3.123875 -1.132463 0.365000
v -3.147357 -1.117920 0.310000
v -3.167891 -1.093816 0.310000
v -3.167891 -1.093816 0.365000
v -3.147357 -1.117920 0.365000
v -3.167891 -1.093816 0.310000
v -3.170689 -1.122252 0.310000
v -3.170689 -1.122252 0.365000
v -3.167891 -1.093816 0.365000
v -3.170689 -1.122252 0.310000
v -3.180297 -1.145184 0.310000
v -3.180297 -1.145184 0.365000
v -3.170689 -1.122252 0.365000
v -3.136874 -1.057227 0.310000
v -3.118965 -1.061433 0.310000
v -3.118965 -1.061433 0.365000
v -3.136874 -1.057227 0.365000
v -3.118965 -1.061433 0.310000
v -3.097677 -1.057858 0.310000
v -3.097677 -1.057858 0.365000
v -3.118965 -1.061433 0.365000
v -3.097677 -1.057858 0.310000
v -3.078370 -1.048243 0.310000
v -3.078370 -1.048243 0.365000
v -3.097677 -1.057858 0.365000
v -3.078370 -1.048243 0.310000
v -3.066404 -1.034330 0.310000
v -3.066404 -1.034330 0.365000
v -3.078370 -1.048243 0.365000
v -3.066404 -1.034330 0.310000
v -3.062078 -1.016622 0.310000
v -3.062078 -1.016622 0.365000
v -3.066404 -1.034330 0.365000
v -3.062078 -1.016622 0.310000
v -3.065511 -0.995713 0.310000
v -3.065511 -0.995713 0.365000
v -3.062078 -1.016622 0.365000
v -3.065511 -0.995713 0.310000
v -3.074969 -0.976945 0.310000
v -3.074969 -0.976945 0.365000
v -3.065511 -0.995713 0.365000
v -3.074969 -0.976945 0.310000
v -3.088802 -0.965396 0.310000
v -3.088802 -0.965396 0.365000
v -3.074969 -0.976945 0.365000
v -3.088802 -0.965396 0.310000
v -3.106612 -0.961324 0.310000
v -3.106612 -0.961324 0.365000
v -3.088802 -0.965396 0.365000
v -3.106612 -0.961324 0.310000
v -3.127867 -0.964944 0.310000
v -3.127867 -0.964944 0.365000
v -3.106612 -0.961324 0.365000
v -3.127867 -0.964944 0.310000
v -3.147340 -0.974558 0.310000
v -3.147340 -0.974558 0.365000
v -3.127867 -0.964944 0.365000
v -3.147340 -0.974558 0.310000
v -3.159405 -0.988337 0.310000
v -3.159405 -0.988337 0.365000
v -3.147340 -0.974558 0.365000
v -3.159405 -0.988337 0.310000
v -3.163858 -1.005827 0.310000
v -3.163858 -1.005827 0.365000
v -3.159405 -0.988337 0.365000
v -3.163858 -1.005827 0.310000
v -3.160495 -1.026575 0.310000
v -3.160495 -1.026575 0.365000
v -3.163858 -1.005827 0.365000
v -3.160495 -1.026575 0.310000
v -3.150933 -1.045493 0.310000
v -3.150933 -1.045493 0.365000
v -3.160495 -1.026575 0.365000
v -3.150933 -1.045493 0.310000
v -3.136874 -1.057227 0.310000
v -3.136874 -1.057227 0.365000
v -3.150933 -1.045493 0.365000
v -3.220853 -1.087412 0.310000
v -3.211219 -1.075697 0.310000
v -3.211219 -1.075697 0.365000
v -3.220853 -1.087412 0.365000
v -3.211219 -1.075697 0.310000
v -3.207785 -1.060697 0.310000
v -3.207785 -1.060697 0.365000
v -3.211219 -1.075697 0.365000
v -3.207785 -1.060697 0.310000
v -3.210793 -1.042917 0.310000
v -3.210793 -1.042917 0.365000
v -3.207785 -1.060697 0.365000
v -3.210793 -1.042917 0.310000
v -3.218702 -1.027099 0.310000
v -3.218702 -1.027099 0.365000
v -3.210793 -1.042917 0.365000
v -3.218702 -1.027099 0.310000
v -3.230231 -1.017183 0.310000
v -3.230231 -1.017183 0.365000
v -3.218702 -1.027099 0.365000
v -3.230231 -1.017183 0.310000
v -3.244895 -1.013419 0.310000
v -3.244895 -1.013419 0.365000
v -3.230231 -1.017183 0.365000
v -3.244895 -1.013419 0.310000
v -3.262162 -1.016186 0.310000
v -3.262162 -1.016186 0.365000
v -3.244895 -1.013419 0.365000
v -3.262162 -1.016186 0.310000
v -3.277725 -1.024086 0.310000
v -3.277725 -1.024086 0.365000
v -3.262162 -1.016186 0.365000
v -3.277725 -1.024086 0.310000
v -3.287275 -1.035718 0.310000
v -3.287275 -1.035718 0.365000
v -3.277725 -1.024086 0.365000
v -3.287275 -1.035718 0.310000
v -3.290724 -1.050501 0.310000
v -3.290724 -1.050501 0.365000
v -3.287275 -1.035718 0.365000
v -3.290724 -1.050501 0.310000
v -3.287808 -1.067941 0.310000
v -3.287808 -1.067941 0.365000
v -3.290724 -1.050501 0.365000
v -3.287808 -1.067941 0.310000
v -3.279791 -1.084094 0.310000
v -3.279791 -1.084094 0.365000
v -3.287808 -1.067941 0.365000
v -3.279791 -1.084094 0.310000
v -3.268196 -1.094210 0.310000
v -3.268196 -1.094210 0.365000
v -3.279791 -1.084094 0.365000
v -3.268196 -1.094210 0.310000
v -3.253566 -1.098041 0.310000
v -3.253566 -1.098041 0.365000
v -3.268196 -1.094210 0.365000
v -3.253566 -1.098041 0.310000
v -3.236444 -1.095339 0.310000
v -3.236444 -1.095339 0.365000
v -3.253566 -1.098041 0.365000
v -3.236444 -1.095339 0.310000
v -3.220853 -1.087412 0.310000
v -3.220853 -1.087412 0.365000
v -3.236444 -1.095339 0.365000
v -3.493605 -0.282148 0.310000
v -3.433926 -0.282148 0.310000
v -3.450321 -0.202649 0.310000
v -3.493605 -0.282148 0.365000
v -3.433926 -0.282148 0.365000
v -3.450321 -0.202649 0.365000
v -3.493605 -0.282148 0.310000
v -3.450321 -0.202649 0.310000
v -3.510000 -0.203159 0.310000
v -3.493605 -0.282148 0.365000
v -3.450321 -0.202649 0.365000
v -3.510000 -0.203159 0.365000
v -3.510000 -0.203159 0.310000
v -3.450321 -0.202649 0.310000
v -3.510000 -0.119799 0.310000
v -3.510000 -0.203159 0.365000
v -3.450321 -0.202649 0.365000
v -3.510000 -0.119799 0.365000
v -3.510000 -0.119799 0.310000
v -3.450321 -0.202649 0.310000
v -3.230553 -0.119799 0.310000
v -3.510000 -0.119799 0.365000
v -3.450321 -0.202649 0.365000
v -3.230553 -0.119799 0.365000
v -3.230553 -0.042341 0.310000
v -3.230553 -0.119799 0.310000
v -3.170000 -0.042341 0.310000
v -3.230553 -0.042341 0.365000
v -3.230553 -0.119799 0.365000
v -3.170000 -0.042341 0.365000
v -3.170000 -0.042341 0.310000
v -3.230553 -0.119799 0.310000
v -3.170000 -0.280107 0.310000
v -3.170000 -0.042341 0.365000
v -3.230553 -0.119799 0.365000
v -3.170000 -0.280107 0.365000
v -3.170000 -0.280107 0.310000
v -3.230553 -0.119799 0.310000
v -3.230553 -0.202649 0.310000
v -3.170000 -0.280107 0.365000
v -3.230553 -0.119799 0.365000
v -3.230553 -0.202649 0.365000
v -3.170000 -0.280107 0.310000
v -3.230553 -0.202649 0.310000
v -3.230553 -0.280107 0.310000
v -3.170000 -0.280107 0.365000
v -3.230553 -0.202649 0.365000
v -3.230553 -0.280107 0.365000
v -3.450321 -0.202649 0.310000
v -3.230553 -0.202649 0.310000
v -3.230553 -0.119799 0.310000
v -3.450321 -0.202649 0.365000
v -3.230553 -0.202649 0.365000
v -3.230553 -0.119799 0.365000
v -3.230553 -0.280107 0.310000
v -3.230553 -0.202649 0.310000
v -3.230553 -0.202649 0.365000
v -3.230553 -0.280107 0.365000
v -3.230553 -0.202649 0.310000
v -3.450321 -0.202649 0.310000
v -3.450321 -0.202649 0.365000
v -3.230553 -0.202649 0.365000
v -3.450321 -0.202649 0.310000
v -3.433926 -0.282148 0.310000
v -3.433926 -0.282148 0.365000
v -3.450321 -0.202649 0.365000
v -3.433926 -0.282148 0.310000
v -3.493605 -0.282148 0.310000
v -3.493605 -0.282148 0.365000
v -3.433926 -0.282148 0.365000
v -3.493605 -0.282148 0.310000
v -3.510000 -0.203159 0.310000
v -3.510000 -0.203159 0.365000
v -3.493605 -0.282148 0.365000
v -3.510000 -0.203159 0.310000
v -3.510000 -0.119799 0.310000
v -3.510000 -0.119799 0.365000
v -3.510000 -0.203159 0.365000
v -3.510000 -0.119799 0.310000
v -3.230553 -0.119799 0.310000
v -3.230553 -0.119799 0.365000
v -3.510000 -0.119799 0.365000
v -3.230553 -0.119799 0.310000
v -3.230553 -0.042341 0.310000
v -3.230553 -0.042341 0.365000
v -3.230553 -0.119799 0.365000
v -3.230553 -0.042341 0.310000
v -3.170000 -0.042341 0.310000
v -3.170000 -0.042341 0.365000
v -3.230553 -0.042341 0.365000
v -3.170000 -0.042341 0.310000
v -3.170000 -0.280107 0.310000
v -3.170000 -0.280107 0.365000
v -3.170000 -0.042341 0.365000
v -3.170000 -0.280107 0.310000
v -3.230553 -0.280107 0.310000
v -3.230553 -0.280107 0.365000
v -3.170000 -0.280107 0.365000
v -3.493605 0.042341 0.310000
v -3.433926 0.042341 0.310000
v -3.450321 0.121839 0.310000
v -3.493605 0.042341 0.365000
v -3.433926 0.042341 0.365000
v -3.450321 0.121839 0.365000
v -3.493605 0.042341 0.310000
v -3.450321 0.121839 0.310000
v -3.510000 0.121329 0.310000
v -3.493605 0.042341 0.365000
v -3.450321 0.121839 0.365000
v -3.510000 0.121329 0.365000
v -3.510000 0.121329 0.310000
v -3.450321 0.121839 0.310000
v -3.510000 0.204690 0.310000
v -3.510000 0.121329 0.365000
v -3.450321 0.121839 0.365000
v -3.510000 0.204690 0.365000
v -3.510000 0.204690 0.310000
v -3.450321 0.121839 0.310000
v -3.230553 0.204690 0.310000
v -3.510000 0.204690 0.365000
v -3.450321 0.121839 0.365000
v -3.230553 0.204690 0.365000
v -3.230553 0.282148 0.310000
v -3.230553 0.204690 0.310000
v -3.170000 0.282148 0.310000
v -3.230553 0.282148 0.365000
v -3.230553 0.204690 0.365000
v -3.170000 0.282148 0.365000
v -3.170000 0.282148 0.310000
v -3.230553 0.204690 0.310000
v -3.230553 0.121839 0.310000
v -3.170000 0.282148 0.365000
v -3.230553 0.204690 0.365000
v -3.230553 0.121839 0.365000
v -3.170000 0.282148 0.310000
v -3.230553 0.121839 0.310000
v -3.170000 0.044381 0.310000
v -3.170000 0.282148 0.365000
v -3.230553 0.121839 0.365000
v -3.170000 0.044381 0.365000
v -3.170000 0.044381 0.310000
v -3.230553 0.121839 0.310000
v -3.230553 0.044381 0.310000
v -3.170000 0.044381 0.365000
v -3.230553 0.121839 0.365000
v -3.230553 0.044381 0.365000
v -3.450321 0.121839 0.310000
v -3.230553 0.121839 0.310000
v -3.230553 0.204690 0.310000
v -3.450321 0.121839 0.365000
v -3.230553 0.121839 0.365000
v -3.230553 0.204690 0.365000
v -3.230553 0.044381 0.310000
v -3.230553 0.121839 0.310000
v -3.230553 0.121839 0.365000
v -3.230553 0.044381 0.365000
v -3.230553 0.121839 0.310000
v -3.450321 0.121839 0.310000
v -3.450321 0.121839 0.365000
v -3.230553 0.121839 0.365000
v -3.450321 0.121839 0.310000
v -3.433926 0.042341 0.310000
v -3.433926 0.042341 0.365000
v -3.450321 0.121839 0.365000
v -3.433926 0.042341 0.310000
v -3.493605 0.042341 0.310000
v -3.493605 0.042341 0.365000
v -3.433926 0.042341 0.365000
v -3.493605 0.042341 0.310000
v -3.510000 0.121329 0.310000
v -3.510000 0.121329 0.365000
v -3.493605 0.042341 0.365000
v -3.510000 0.121329 0.310000
v -3.510000 0.204690 0.310000
v -3.510000 0.204690 0.365000
v -3.510000 0.121329 0.365000
v -3.510000 0.204690 0.310000
v -3.230553 0.204690 0.310000
v -3.230553 0.204690 0.365000
v -3.510000 0.204690 0.365000
v -3.230553 0.204690 0.310000
v -3.230553 0.282148 0.310000
v -3.230553 0.282148 0.365000
v -3.230553 0.204690 0.365000
v -3.230553 0.282148 0.310000
v -3.170000 0.282148 0.310000
v -3.170000 0.282148 0.365000
v -3.230553 0.282148 0.365000
v -3.170000 0.282148 0.310000
v -3.170000 0.044381 0.310000
v -3.170000 0.044381 0.365000
v -3.170000 0.282148 0.365000
v -3.170000 0.044381 0.310000
v -3.230553 0.044381 0.310000
v -3.230553 0.044381 0.365000
v -3.170000 0.044381 0.365000
v -3.411448 0.806186 0.310000
v -3.354690 0.787744 0.310000
v -3.345717 0.868418 0.310000
v -3.411448 0.806186 0.365000
v -3.354690 0.787744 0.365000
v -3.345717 0.868418 0.365000
v -3.411448 0.806186 0.310000
v -3.345717 0.868418 0.310000
v -3.402632 0.886375 0.310000
v -3.411448 0.806186 0.365000
v -3.345717 0.868418 0.365000
v -3.402632 0.886375 0.365000
v -3.402632 0.886375 0.310000
v -3.345717 0.868418 0.310000
v -3.376872 0.965655 0.310000
v -3.402632 0.886375 0.365000
v -3.345717 0.868418 0.365000
v -3.376872 0.965655 0.365000
v -3.376872 0.965655 0.310000
v -3.345717 0.868418 0.310000
v -3.111102 0.879301 0.310000
v -3.376872 0.965655 0.365000
v -3.345717 0.868418 0.365000
v -3.111102 0.879301 0.365000
v -3.087166 0.952968 0.310000
v -3.111102 0.879301 0.310000
v -3.029577 0.934257 0.310000
v -3.087166 0.952968 0.365000
v -3.111102 0.879301 0.365000
v -3.029577 0.934257 0.365000
v -3.029577 0.934257 0.310000
v -3.111102 0.879301 0.310000
v -3.103051 0.708127 0.310000
v -3.029577 0.934257 0.365000
v -3.111102 0.879301 0.365000
v -3.103051 0.708127 0.365000
v -3.103051 0.708127 0.310000
v -3.111102 0.879301 0.310000
v -3.136704 0.800506 0.310000
v -3.103051 0.708127 0.365000
v -3.111102 0.879301 0.365000
v -3.136704 0.800506 0.365000
v -3.103051 0.708127 0.310000
v -3.136704 0.800506 0.310000
v -3.160640 0.726839 0.310000
v -3.103051 0.708127 0.365000
v -3.136704 0.800506 0.365000
v -3.160640 0.726839 0.365000
v -3.345717 0.868418 0.310000
v -3.136704 0.800506 0.310000
v -3.111102 0.879301 0.310000
v -3.345717 0.868418 0.365000
v -3.136704 0.800506 0.365000
v -3.111102 0.879301 0.365000
v -3.136704 0.800506 0.310000
v -3.345717 0.868418 0.310000
v -3.345717 0.868418 0.365000
v -3.136704 0.800506 0.365000
v -3.345717 0.868418 0.310000
v -3.354690 0.787744 0.310000
v -3.354690 0.787744 0.365000
v -3.345717 0.868418 0.365000
v -3.354690 0.787744 0.310000
v -3.411448 0.806186 0.310000
v -3.411448 0.806186 0.365000
v -3.354690 0.787744 0.365000
v -3.411448 0.806186 0.310000
v -3.402632 0.886375 0.310000
v -3.402632 0.886375 0.365000
v -3.411448 0.806186 0.365000
v -3.402632 0.886375 0.310000
v -3.376872 0.965655 0.310000
v -3.376872 0.965655 0.365000
v -3.402632 0.886375 0.365000
v -3.376872 0.965655 0.310000
v -3.111102 0.879301 0.310000
v -3.111102 0.879301 0.365000
v -3.376872 0.965655 0.365000
v -3.111102 0.879301 0.310000
v -3.087166 0.952968 0.310000
v -3.087166 0.952968 0.365000
v -3.111102 0.879301 0.365000
v -3.087166 0.952968 0.310000
v -3.029577 0.934257 0.310000
v -3.029577 0.934257 0.365000
v -3.087166 0.952968 0.365000
v -3.029577 0.934257 0.310000
v -3.103051 0.708127 0.310000
v -3.103051 0.708127 0.365000
v -3.029577 0.934257 0.365000
v -3.103051 0.708127 0.310000
v -3.160640 0.726839 0.310000
v -3.160640 0.726839 0.365000
v -3.103051 0.708127 0.365000
v -3.160640 0.726839 0.310000
v -3.136704 0.800506 0.310000
v -3.136704 0.800506 0.365000
v -3.160640 0.726839 0.365000
v -3.294478 1.219237 0.310000
v -3.143537 1.027072 0.310000
v -3.221297 1.210782 0.310000
v -3.294478 1.219237 0.365000
v -3.143537 1.027072 0.365000
v -3.221297 1.210782 0.365000
v -3.294478 1.219237 0.310000
v -3.221297 1.210782 0.310000
v -3.264350 1.311962 0.310000
v -3.294478 1.219237 0.365000
v -3.221297 1.210782 0.365000
v -3.264350 1.311962 0.365000
v -3.264350 1.311962 0.310000
v -3.221297 1.210782 0.310000
v -3.060328 1.245671 0.310000
v -3.264350 1.311962 0.365000
v -3.221297 1.210782 0.365000
v -3.060328 1.245671 0.365000
v -3.045354 1.291756 0.310000
v -3.060328 1.245671 0.310000
v -2.984923 1.272121 0.310000
v -3.045354 1.291756 0.365000
v -3.060328 1.245671 0.365000
v -2.984923 1.272121 0.365000
v -2.940991 1.206896 0.310000
v -2.999897 1.226036 0.310000
v -2.966616 1.128031 0.310000
v -2.940991 1.206896 0.365000
v -2.999897 1.226036 0.365000
v -2.966616 1.128031 0.365000
v -2.966616 1.128031 0.310000
v -2.999897 1.226036 0.310000
v -3.025522 1.147171 0.310000
v -2.966616 1.128031 0.365000
v -2.999897 1.226036 0.365000
v -3.025522 1.147171 0.365000
v -3.072087 1.003856 0.310000
v -3.025522 1.147171 0.310000
v -3.115630 1.075467 0.310000
v -3.072087 1.003856 0.365000
v -3.025522 1.147171 0.365000
v -3.115630 1.075467 0.365000
v -3.072087 1.003856 0.310000
v -3.115630 1.075467 0.310000
v -3.143537 1.027072 0.310000
v -3.072087 1.003856 0.365000
v -3.115630 1.075467 0.365000
v -3.143537 1.027072 0.365000
v -3.143537 1.027072 0.310000
v -3.115630 1.075467 0.310000
v -3.221297 1.210782 0.310000
v -3.143537 1.027072 0.365000
v -3.115630 1.075467 0.365000
v -3.221297 1.210782 0.365000
v -3.221297 1.210782 0.310000
v -3.085952 1.166806 0.310000
v -3.060328 1.245671 0.310000
v -3.221297 1.210782 0.365000
v -3.085952 1.166806 0.365000
v -3.060328 1.245671 0.365000
v -3.060328 1.245671 0.310000
v -3.085952 1.166806 0.310000
v -2.999897 1.226036 0.310000
v -3.060328 1.245671 0.365000
v -3.085952 1.166806 0.365000
v -2.999897 1.226036 0.365000
v -3.060328 1.245671 0.310000
v -2.999897 1.226036 0.310000
v -2.984923 1.272121 0.310000
v -3.060328 1.245671 0.365000
v -2.999897 1.226036 0.365000
v -2.984923 1.272121 0.365000
v -2.999897 1.226036 0.310000
v -3.085952 1.166806 0.310000
v -3.025522 1.147171 0.310000
v -2.999897 1.226036 0.365000
v -3.085952 1.166806 0.365000
v -3.025522 1.147171 0.365000
v -3.025522 1.147171 0.310000
v -3.085952 1.166806 0.310000
v -3.115630 1.075467 0.310000
v -3.025522 1.147171 0.365000
v -3.085952 1.166806 0.365000
v -3.115630 1.075467 0.365000
v -3.264350 1.311962 0.310000
v -3.060328 1.245671 0.310000
v -3.060328 1.245671 0.365000
v -3.264350 1.311962 0.365000
v -3.060328 1.245671 0.310000
v -3.045354 1.291756 0.310000
v -3.045354 1.291756 0.365000
v -3.060328 1.245671 0.365000
v -3.045354 1.291756 0.310000
v -2.984923 1.272121 0.310000
v -2.984923 1.272121 0.365000
v -3.045354 1.291756 0.365000
v -2.984923 1.272121 0.310000
v -2.999897 1.226036 0.310000
v -2.999897 1.226036 0.365000
v -2.984923 1.272121 0.365000
v -2.999897 1.226036 0.310000
v -2.940991 1.206896 0.310000
v -2.940991 1.206896 0.365000
v -2.999897 1.226036 0.365000
v -2.940991 1.206896 0.310000
v -2.966616 1.128031 0.310000
v -2.966616 1.128031 0.365000
v -2.940991 1.206896 0.365000
v -2.966616 1.128031 0.310000
v -3.025522 1.147171 0.310000
v -3.025522 1.147171 0.365000
v -2.966616 1.128031 0.365000
v -3.025522 1.147171 0.310000
v -3.072087 1.003856 0.310000
v -3.072087 1.003856 0.365000
v -3.025522 1.147171 0.365000
v -3.072087 1.003856 0.310000
v -3.143537 1.027072 0.310000
v -3.143537 1.027072 0.365000
v -3.072087 1.003856 0.365000
v -3.143537 1.027072 0.310000
v -3.294478 1.219237 0.310000
v -3.294478 1.219237 0.365000
v -3.143537 1.027072 0.365000
v -3.294478 1.219237 0.310000
v -3.264350 1.311962 0.310000
v -3.264350 1.311962 0.365000
v -3.294478 1.219237 0.365000
v -3.115630 1.075467 0.310000
v -3.085952 1.166806 0.310000
v -3.085952 1.166806 0.365000
v -3.115630 1.075467 0.365000
v -3.085952 1.166806 0.310000
v -3.221297 1.210782 0.310000
v -3.221297 1.210782 0.365000
v -3.085952 1.166806 0.365000
v -3.221297 1.210782 0.310000
v -3.115630 1.075467 0.310000
v -3.115630 1.075467 0.365000
v -3.221297 1.210782 0.365000
v -2.870402 1.966604 0.310000
v -2.855508 1.923905 0.310000
v -2.797446 1.975378 0.310000
v -2.870402 1.966604 0.365000
v -2.855508 1.923905 0.365000
v -2.797446 1.975378 0.365000
v -2.870402 1.966604 0.310000
v -2.797446 1.975378 0.310000
v -2.807081 1.992744 0.310000
v -2.870402 1.966604 0.365000
v -2.797446 1.975378 0.365000
v -2.807081 1.992744 0.365000
v -2.870402 1.966604 0.310000
v -2.807081 1.992744 0.310000
v -2.866077 2.013203 0.310000
v -2.870402 1.966604 0.365000
v -2.807081 1.992744 0.365000
v -2.866077 2.013203 0.365000
v -2.866077 2.013203 0.310000
v -2.807081 1.992744 0.310000
v -2.807719 2.010439 0.310000
v -2.866077 2.013203 0.365000
v -2.807081 1.992744 0.365000
v -2.807719 2.010439 0.365000
v -2.866077 2.013203 0.310000
v -2.807719 2.010439 0.310000
v -2.841985 2.059912 0.310000
v -2.866077 2.013203 0.365000
v -2.807719 2.010439 0.365000
v -2.841985 2.059912 0.365000
v -2.841985 2.059912 0.310000
v -2.807719 2.010439 0.310000
v -2.799224 2.028323 0.310000
v -2.841985 2.059912 0.365000
v -2.807719 2.010439 0.365000
v -2.799224 2.028323 0.365000
v -2.841985 2.059912 0.310000
v -2.799224 2.028323 0.310000
v -2.784841 2.041928 0.310000
v -2.841985 2.059912 0.365000
v -2.799224 2.028323 0.365000
v -2.784841 2.041928 0.365000
v -2.841985 2.059912 0.310000
v -2.784841 2.041928 0.310000
v -2.799754 2.099614 0.310000
v -2.841985 2.059912 0.365000
v -2.784841 2.041928 0.365000
v -2.799754 2.099614 0.365000
v -2.799754 2.099614 0.310000
v -2.784841 2.041928 0.310000
v -2.767814 2.046790 0.310000
v -2.799754 2.099614 0.365000
v -2.784841 2.041928 0.365000
v -2.767814 2.046790 0.365000
v -2.799754 2.099614 0.310000
v -2.767814 2.046790 0.310000
v -2.748536 2.114837 0.310000
v -2.799754 2.099614 0.365000
v -2.767814 2.046790 0.365000
v -2.748536 2.114837 0.365000
v -2.748536 2.114837 0.310000
v -2.767814 2.046790 0.310000
v -2.748321 2.042992 0.310000
v -2.748536 2.114837 0.365000
v -2.767814 2.046790 0.365000
v -2.748321 2.042992 0.365000
v -2.748536 2.114837 0.310000
v -2.748321 2.042992 0.310000
v -2.690795 2.105481 0.310000
v -2.748536 2.114837 0.365000
v -2.748321 2.042992 0.365000
v -2.690795 2.105481 0.365000
v -2.690795 2.105481 0.310000
v -2.748321 2.042992 0.310000
v -2.726425 2.030539 0.310000
v -2.690795 2.105481 0.365000
v -2.748321 2.042992 0.365000
v -2.726425 2.030539 0.365000
v -2.690795 2.105481 0.310000
v -2.726425 2.030539 0.310000
v -2.707659 2.013449 0.310000
v -2.690795 2.105481 0.365000
v -2.726425 2.030539 0.365000
v -2.707659 2.013449 0.365000
v -2.690795 2.105481 0.310000
v -2.707659 2.013449 0.310000
v -2.628880 2.071362 0.310000
v -2.690795 2.105481 0.365000
v -2.707659 2.013449 0.365000
v -2.628880 2.071362 0.365000
v -2.628880 2.071362 0.310000
v -2.707659 2.013449 0.310000
v -2.647322 1.985323 0.310000
v -2.628880 2.071362 0.365000
v -2.707659 2.013449 0.365000
v -2.647322 1.985323 0.365000
v -2.628880 2.071362 0.310000
v -2.647322 1.985323 0.310000
v -2.576157 2.020344 0.310000
v -2.628880 2.071362 0.365000
v -2.647322 1.985323 0.365000
v -2.576157 2.020344 0.365000
v -2.549633 1.962937 0.310000
v -2.576157 2.020344 0.310000
v -2.622766 1.957508 0.310000
v -2.549633 1.962937 0.365000
v -2.576157 2.020344 0.365000
v -2.622766 1.957508 0.365000
v -2.549633 1.962937 0.310000
v -2.622766 1.957508 0.310000
v -2.611508 1.928619 0.310000
v -2.549633 1.962937 0.365000
v -2.622766 1.957508 0.365000
v -2.611508 1.928619 0.365000
v -2.549633 1.962937 0.310000
v -2.611508 1.928619 0.310000
v -2.550063 1.903035 0.310000
v -2.549633 1.962937 0.365000
v -2.611508 1.928619 0.365000
v -2.550063 1.903035 0.365000
v -2.550063 1.903035 0.310000
v -2.611508 1.928619 0.310000
v -2.613652 1.898929 0.310000
v -2.550063 1.903035 0.365000
v -2.611508 1.928619 0.365000
v -2.613652 1.898929 0.365000
v -2.550063 1.903035 0.310000
v -2.613652 1.898929 0.310000
v -2.578286 1.844420 0.310000
v -2.550063 1.903035 0.365000
v -2.613652 1.898929 0.365000
v -2.578286 1.844420 0.365000
v -2.578286 1.844420 0.310000
v -2.613652 1.898929 0.310000
v -2.629192 1.868628 0.310000
v -2.578286 1.844420 0.365000
v -2.613652 1.898929 0.365000
v -2.629192 1.868628 0.365000
v -2.578286 1.844420 0.310000
v -2.629192 1.868628 0.310000
v -2.592251 1.826665 0.310000
v -2.578286 1.844420 0.365000
v -2.629192 1.868628 0.365000
v -2.592251 1.826665 0.365000
v -2.592251 1.826665 0.310000
v -2.629192 1.868628 0.310000
v -2.640798 1.854657 0.310000
v -2.592251 1.826665 0.365000
v -2.629192 1.868628 0.365000
v -2.640798 1.854657 0.365000
v -2.592251 1.826665 0.310000
v -2.640798 1.854657 0.310000
v -2.607031 1.810718 0.310000
v -2.592251 1.826665 0.365000
v -2.640798 1.854657 0.365000
v -2.607031 1.810718 0.365000
v -2.607031 1.810718 0.310000
v -2.640798 1.854657 0.310000
v -2.654455 1.841871 0.310000
v -2.607031 1.810718 0.365000
v -2.640798 1.854657 0.365000
v -2.654455 1.841871 0.365000
v -2.607031 1.810718 0.310000
v -2.654455 1.841871 0.310000
v -2.622724 1.796326 0.310000
v -2.607031 1.810718 0.365000
v -2.654455 1.841871 0.365000
v -2.622724 1.796326 0.365000
v -2.622724 1.796326 0.310000
v -2.654455 1.841871 0.310000
v -2.670322 1.830082 0.310000
v -2.622724 1.796326 0.365000
v -2.654455 1.841871 0.365000
v -2.670322 1.830082 0.365000
v -2.622724 1.796326 0.310000
v -2.670322 1.830082 0.310000
v -2.639543 1.783317 0.310000
v -2.622724 1.796326 0.365000
v -2.670322 1.830082 0.365000
v -2.639543 1.783317 0.365000
v -2.639543 1.783317 0.310000
v -2.670322 1.830082 0.310000
v -2.688639 1.818987 0.310000
v -2.639543 1.783317 0.365000
v -2.670322 1.830082 0.365000
v -2.688639 1.818987 0.365000
v -2.821947 1.888895 0.310000
v -2.782423 1.869719 0.310000
v -2.756783 1.945835 0.310000
v -2.821947 1.888895 0.365000
v -2.782423 1.869719 0.365000
v -2.756783 1.945835 0.365000
v -2.821947 1.888895 0.310000
v -2.756783 1.945835 0.310000
v -2.778836 1.958402 0.310000
v -2.821947 1.888895 0.365000
v -2.756783 1.945835 0.365000
v -2.778836 1.958402 0.365000
v -2.821947 1.888895 0.310000
v -2.778836 1.958402 0.310000
v -2.855508 1.923905 0.310000
v -2.821947 1.888895 0.365000
v -2.778836 1.958402 0.365000
v -2.855508 1.923905 0.365000
v -2.855508 1.923905 0.310000
v -2.778836 1.958402 0.310000
v -2.797446 1.975378 0.310000
v -2.855508 1.923905 0.365000
v -2.778836 1.958402 0.365000
v -2.797446 1.975378 0.365000
v -2.707659 2.013449 0.310000
v -2.698009 1.996073 0.310000
v -2.647322 1.985323 0.310000
v -2.707659 2.013449 0.365000
v -2.698009 1.996073 0.365000
v -2.647322 1.985323 0.365000
v -2.647322 1.985323 0.310000
v -2.698009 1.996073 0.310000
v -2.697499 1.978471 0.310000
v -2.647322 1.985323 0.365000
v -2.698009 1.996073 0.365000
v -2.697499 1.978471 0.365000
v -2.647322 1.985323 0.310000
v -2.697499 1.978471 0.310000
v -2.648619 1.967208 0.310000
v -2.647322 1.985323 0.365000
v -2.697499 1.978471 0.365000
v -2.648619 1.967208 0.365000
v -2.647322 1.985323 0.310000
v -2.622766 1.957508 0.310000
v -2.576157 2.020344 0.310000
v -2.647322 1.985323 0.365000
v -2.622766 1.957508 0.365000
v -2.576157 2.020344 0.365000
v -2.782423 1.869719 0.310000
v -2.741336 1.868486 0.310000
v -2.756783 1.945835 0.310000
v -2.782423 1.869719 0.365000
v -2.741336 1.868486 0.365000
v -2.756783 1.945835 0.365000
v -2.756783 1.945835 0.310000
v -2.741336 1.868486 0.310000
v -2.737276 1.942027 0.310000
v -2.756783 1.945835 0.365000
v -2.741336 1.868486 0.365000
v -2.737276 1.942027 0.365000
v -2.706037 1.960618 0.310000
v -2.720377 1.946982 0.310000
v -2.669872 1.916959 0.310000
v -2.706037 1.960618 0.365000
v -2.720377 1.946982 0.365000
v -2.669872 1.916959 0.365000
v -2.706037 1.960618 0.310000
v -2.669872 1.916959 0.310000
v -2.659780 1.933182 0.310000
v -2.706037 1.960618 0.365000
v -2.669872 1.916959 0.365000
v -2.659780 1.933182 0.365000
v -2.706037 1.960618 0.310000
v -2.659780 1.933182 0.310000
v -2.652734 1.949880 0.310000
v -2.706037 1.960618 0.365000
v -2.659780 1.933182 0.365000
v -2.652734 1.949880 0.365000
v -2.706037 1.960618 0.310000
v -2.652734 1.949880 0.310000
v -2.697499 1.978471 0.310000
v -2.706037 1.960618 0.365000
v -2.652734 1.949880 0.365000
v -2.697499 1.978471 0.365000
v -2.697499 1.978471 0.310000
v -2.652734 1.949880 0.310000
v -2.648619 1.967208 0.310000
v -2.697499 1.978471 0.365000
v -2.652734 1.949880 0.365000
v -2.648619 1.967208 0.365000
v -2.669872 1.916959 0.310000
v -2.720377 1.946982 0.310000
v -2.702535 1.884474 0.310000
v -2.669872 1.916959 0.365000
v -2.720377 1.946982 0.365000
v -2.702535 1.884474 0.365000
v -2.702535 1.884474 0.310000
v -2.720377 1.946982 0.310000
v -2.737276 1.942027 0.310000
v -2.702535 1.884474 0.365000
v -2.720377 1.946982 0.365000
v -2.737276 1.942027 0.365000
v -2.702535 1.884474 0.310000
v -2.737276 1.942027 0.310000
v -2.741336 1.868486 0.310000
v -2.702535 1.884474 0.365000
v -2.737276 1.942027 0.365000
v -2.741336 1.868486 0.365000
v -2.688639 1.818987 0.310000
v -2.670322 1.830082 0.310000
v -2.670322 1.830082 0.365000
v -2.688639 1.818987 0.365000
v -2.670322 1.830082 0.310000
v -2.654455 1.841871 0.310000
v -2.654455 1.841871 0.365000
v -2.670322 1.830082 0.365000
v -2.654455 1.841871 0.310000
v -2.640798 1.854657 0.310000
v -2.640798 1.854657 0.365000
v -2.654455 1.841871 0.365000
v -2.640798 1.854657 0.310000
v -2.629192 1.868628 0.310000
v -2.629192 1.868628 0.365000
v -2.640798 1.854657 0.365000
v -2.629192 1.868628 0.310000
v -2.613652 1.898929 0.310000
v -2.613652 1.898929 0.365000
v -2.629192 1.868628 0.365000
v -2.613652 1.898929 0.310000
v -2.611508 1.928619 0.310000
v -2.611508 1.928619 0.365000
v -2.613652 1.898929 0.365000
v -2.611508 1.928619 0.310000
v -2.622766 1.957508 0.310000
v -2.622766 1.957508 0.365000
v -2.611508 1.928619 0.365000
v -2.622766 1.957508 0.310000
v -2.647322 1.985323 0.310000
v -2.647322 1.985323 0.365000
v -2.622766 1.957508 0.365000
v -2.647322 1.985323 0.310000
v -2.648619 1.967208 0.310000
v -2.648619 1.967208 0.365000
v -2.647322 1.985323 0.365000
v -2.648619 1.967208 0.310000
v -2.652734 1.949880 0.310000
v -2.652734 1.949880 0.365000
v -2.648619 1.967208 0.365000
v -2.652734 1.949880 0.310000
v -2.659780 1.933182 0.310000
v -2.659780 1.933182 0.365000
v -2.652734 1.949880 0.365000
v -2.659780 1.933182 0.310000
v -2.669872 1.916959 0.310000
v -2.669872 1.916959 0.365000
v -2.659780 1.933182 0.365000
v -2.669872 1.916959 0.310000
v -2.702535 1.884474 0.310000
v -2.702535 1.884474 0.365000
v -2.669872 1.916959 0.365000
v -2.702535 1.884474 0.310000
v -2.741336 1.868486 0.310000
v -2.741336 1.868486 0.365000
v -2.702535 1.884474 0.365000
v -2.741336 1.868486 0.310000
v -2.782423 1.869719 0.310000
v -2.782423 1.869719 0.365000
v -2.741336 1.868486 0.365000
v -2.782423 1.869719 0.310000
v -2.821947 1.888895 0.310000
v -2.821947 1.888895 0.365000
v -2.782423 1.869719 0.365000
v -2.821947 1.888895 0.310000
v -2.855508 1.923905 0.310000
v -2.855508 1.923905 0.365000
v -2.821947 1.888895 0.365000
v -2.855508 1.923905 0.310000
v -2.870402 1.966604 0.310000
v -2.870402 1.966604 0.365000
v -2.855508 1.923905 0.365000
v -2.870402 1.966604 0.310000
v -2.866077 2.013203 0.310000
v -2.866077 2.013203 0.365000
v -2.870402 1.966604 0.365000
v -2.866077 2.013203 0.310000
v -2.841985 2.059912 0.310000
v -2.841985 2.059912 0.365000
v -2.866077 2.013203 0.365000
v -2.841985 2.059912 0.310000
v -2.799754 2.099614 0.310000
v -2.799754 2.099614 0.365000
v -2.841985 2.059912 0.365000
v -2.799754 2.099614 0.310000
v -2.748536 2.114837 0.310000
v -2.748536 2.114837 0.365000
v -2.799754 2.099614 0.365000
v -2.748536 2.114837 0.310000
v -2.690795 2.105481 0.310000
v -2.690795 2.105481 0.365000
v -2.748536 2.114837 0.365000
v -2.690795 2.105481 0.310000
v -2.628880 2.071362 0.310000
v -2.628880 2.071362 0.365000
v -2.690795 2.105481 0.365000
v -2.628880 2.071362 0.310000
v -2.576157 2.020344 0.310000
v -2.576157 2.020344 0.365000
v -2.628880 2.071362 0.365000
v -2.576157 2.020344 0.310000
v -2.549633 1.962937 0.310000
v -2.549633 1.962937 0.365000
v -2.576157 2.020344 0.365000
v -2.549633 1.962937 0.310000
v -2.550063 1.903035 0.310000
v -2.550063 1.903035 0.365000
v -2.549633 1.962937 0.365000
v -2.550063 1.903035 0.310000
v -2.578286 1.844420 0.310000
v -2.578286 1.844420 0.365000
v -2.550063 1.903035 0.365000
v -2.578286 1.844420 0.310000
v -2.592251 1.826665 0.310000
v -2.592251 1.826665 0.365000
v -2.578286 1.844420 0.365000
v -2.592251 1.826665 0.310000
v -2.607031 1.810718 0.310000
v -2.607031 1.810718 0.365000
v -2.592251 1.826665 0.365000
v -2.607031 1.810718 0.310000
v -2.622724 1.796326 0.310000
v -2.622724 1.796326 0.365000
v -2.607031 1.810718 0.365000
v -2.622724 1.796326 0.310000
v -2.639543 1.783317 0.310000
v -2.639543 1.783317 0.365000
v -2.622724 1.796326 0.365000
v -2.639543 1.783317 0.310000
v -2.688639 1.818987 0.310000
v -2.688639 1.818987 0.365000
v -2.639543 1.783317 0.365000
v -2.697499 1.978471 0.310000
v -2.698009 1.996073 0.310000
v -2.698009 1.996073 0.365000
v -2.697499 1.978471 0.365000
v -2.698009 1.996073 0.310000
v -2.707659 2.013449 0.310000
v -2.707659 2.013449 0.365000
v -2.698009 1.996073 0.365000
v -2.707659 2.013449 0.310000
v -2.726425 2.030539 0.310000
v -2.726425 2.030539 0.365000
v -2.707659 2.013449 0.365000
v -2.726425 2.030539 0.310000
v -2.748321 2.042992 0.310000
v -2.748321 2.042992 0.365000
v -2.726425 2.030539 0.365000
v -2.748321 2.042992 0.310000
v -2.767814 2.046790 0.310000
v -2.767814 2.046790 0.365000
v -2.748321 2.042992 0.365000
v -2.767814 2.046790 0.310000
v -2.784841 2.041928 0.310000
v -2.784841 2.041928 0.365000
v -2.767814 2.046790 0.365000
v -2.784841 2.041928 0.310000
v -2.799224 2.028323 0.310000
v -2.799224 2.028323 0.365000
v -2.784841 2.041928 0.365000
v -2.799224 2.028323 0.310000
v -2.807719 2.010439 0.310000
v -2.807719 2.010439 0.365000
v -2.799224 2.028323 0.365000
v -2.807719 2.010439 0.310000
v -2.807081 1.992744 0.310000
v -2.807081 1.992744 0.365000
v -2.807719 2.010439 0.365000
v -2.807081 1.992744 0.310000
v -2.797446 1.975378 0.310000
v -2.797446 1.975378 0.365000
v -2.807081 1.992744 0.365000
v -2.797446 1.975378 0.310000
v -2.778836 1.958402 0.310000
v -2.778836 1.958402 0.365000
v -2.797446 1.975378 0.365000
v -2.778836 1.958402 0.310000
v -2.756783 1.945835 0.310000
v -2.756783 1.945835 0.365000
v -2.778836 1.958402 0.365000
v -2.756783 1.945835 0.310000
v -2.737276 1.942027 0.310000
v -2.737276 1.942027 0.365000
v -2.756783 1.945835 0.365000
v -2.737276 1.942027 0.310000
v -2.720377 1.946982 0.310000
v -2.720377 1.946982 0.365000
v -2.737276 1.942027 0.365000
v -2.720377 1.946982 0.310000
v -2.706037 1.960618 0.310000
v -2.706037 1.960618 0.365000
v -2.720377 1.946982 0.365000
v -2.706037 1.960618 0.310000
v -2.697499 1.978471 0.310000
v -2.697499 1.978471 0.365000
v -2.706037 1.960618 0.365000
v -2.270993 2.661287 0.310000
v -2.236535 2.613860 0.310000
v -2.182823 2.672791 0.310000
v -2.270993 2.661287 0.365000
v -2.236535 2.613860 0.365000
v -2.182823 2.672791 0.365000
v -2.270993 2.661287 0.310000
v -2.182823 2.672791 0.310000
v -2.217686 2.719923 0.310000
v -2.270993 2.661287 0.365000
v -2.182823 2.672791 0.365000
v -2.217686 2.719923 0.365000
v -2.217686 2.719923 0.310000
v -2.182823 2.672791 0.310000
v -2.151439 2.768055 0.310000
v -2.217686 2.719923 0.365000
v -2.182823 2.672791 0.365000
v -2.151439 2.768055 0.365000
v -2.151439 2.768055 0.310000
v -2.182823 2.672791 0.310000
v -1.990089 2.545975 0.310000
v -2.151439 2.768055 0.365000
v -2.182823 2.672791 0.365000
v -1.990089 2.545975 0.365000
v -1.928532 2.590699 0.310000
v -1.990089 2.545975 0.310000
v -1.893569 2.542577 0.310000
v -1.928532 2.590699 0.365000
v -1.990089 2.545975 0.365000
v -1.893569 2.542577 0.365000
v -1.893569 2.542577 0.310000
v -1.990089 2.545975 0.310000
v -2.082525 2.405293 0.310000
v -1.893569 2.542577 0.365000
v -1.990089 2.545975 0.365000
v -2.082525 2.405293 0.365000
v -2.082525 2.405293 0.310000
v -1.990089 2.545975 0.310000
v -2.055931 2.498138 0.310000
v -2.082525 2.405293 0.365000
v -1.990089 2.545975 0.365000
v -2.055931 2.498138 0.365000
v -2.082525 2.405293 0.310000
v -2.055931 2.498138 0.310000
v -2.117487 2.453415 0.310000
v -2.082525 2.405293 0.365000
v -2.055931 2.498138 0.365000
v -2.117487 2.453415 0.365000
v -2.182823 2.672791 0.310000
v -2.055931 2.498138 0.310000
v -1.990089 2.545975 0.310000
v -2.182823 2.672791 0.365000
v -2.055931 2.498138 0.365000
v -1.990089 2.545975 0.365000
v -2.117487 2.453415 0.310000
v -2.055931 2.498138 0.310000
v -2.055931 2.498138 0.365000
v -2.117487 2.453415 0.365000
v -2.055931 2.498138 0.310000
v -2.182823 2.672791 0.310000
v -2.182823 2.672791 0.365000
v -2.055931 2.498138 0.365000
v -2.182823 2.672791 0.310000
v -2.236535 2.613860 0.310000
v -2.236535 2.613860 0.365000
v -2.182823 2.672791 0.365000
v -2.236535 2.613860 0.310000
v -2.270993 2.661287 0.310000
v -2.270993 2.661287 0.365000
v -2.236535 2.613860 0.365000
v -2.270993 2.661287 0.310000
v -2.217686 2.719923 0.310000
v -2.217686 2.719923 0.365000
v -2.270993 2.661287 0.365000
v -2.217686 2.719923 0.310000
v -2.151439 2.768055 0.310000
v -2.151439 2.768055 0.365000
v -2.217686 2.719923 0.365000
v -2.151439 2.768055 0.310000
v -1.990089 2.545975 0.310000
v -1.990089 2.545975 0.365000
v -2.151439 2.768055 0.365000
v -1.990089 2.545975 0.310000
v -1.928532 2.590699 0.310000
v -1.928532 2.590699 0.365000
v -1.990089 2.545975 0.365000
v -1.928532 2.590699 0.310000
v -1.893569 2.542577 0.310000
v -1.893569 2.542577 0.365000
v -1.928532 2.590699 0.365000
v -1.893569 2.542577 0.310000
v -2.082525 2.405293 0.310000
v -2.082525 2.405293 0.365000
v -1.893569 2.542577 0.365000
v -2.082525 2.405293 0.310000
v -2.117487 2.453415 0.310000
v -2.117487 2.453415 0.365000
v -2.082525 2.405293 0.365000
v -2.026304 2.842071 0.310000
v -1.983180 2.782715 0.310000
v -1.970569 2.810324 0.310000
v -2.026304 2.842071 0.365000
v -1.983180 2.782715 0.365000
v -1.970569 2.810324 0.365000
v -2.026304 2.842071 0.310000
v -1.970569 2.810324 0.310000
v -2.007888 2.865891 0.310000
v -2.026304 2.842071 0.365000
v -1.970569 2.810324 0.365000
v -2.007888 2.865891 0.365000
v -2.007888 2.865891 0.310000
v -1.970569 2.810324 0.310000
v -1.956837 2.833528 0.310000
v -2.007888 2.865891 0.365000
v -1.970569 2.810324 0.365000
v -1.956837 2.833528 0.365000
v -2.007888 2.865891 0.310000
v -1.956837 2.833528 0.310000
v -1.988387 2.887669 0.310000
v -2.007888 2.865891 0.365000
v -1.956837 2.833528 0.365000
v -1.988387 2.887669 0.365000
v -1.988387 2.887669 0.310000
v -1.956837 2.833528 0.310000
v -1.942006 2.852267 0.310000
v -1.988387 2.887669 0.365000
v -1.956837 2.833528 0.365000
v -1.942006 2.852267 0.365000
v -1.988387 2.887669 0.310000
v -1.942006 2.852267 0.310000
v -1.967869 2.907288 0.310000
v -1.988387 2.887669 0.365000
v -1.942006 2.852267 0.365000
v -1.967869 2.907288 0.365000
v -1.967869 2.907288 0.310000
v -1.942006 2.852267 0.310000
v -1.926214 2.866395 0.310000
v -1.967869 2.907288 0.365000
v -1.942006 2.852267 0.365000
v -1.926214 2.866395 0.365000
v -1.967869 2.907288 0.310000
v -1.926214 2.866395 0.310000
v -1.946321 2.924514 0.310000
v -1.967869 2.907288 0.365000
v -1.926214 2.866395 0.365000
v -1.946321 2.924514 0.365000
v -1.946321 2.924514 0.310000
v -1.926214 2.866395 0.310000
v -1.905030 2.877362 0.310000
v -1.946321 2.924514 0.365000
v -1.926214 2.866395 0.365000
v -1.905030 2.877362 0.365000
v -1.946321 2.924514 0.310000
v -1.905030 2.877362 0.310000
v -1.899327 2.950495 0.310000
v -1.946321 2.924514 0.365000
v -1.905030 2.877362 0.365000
v -1.899327 2.950495 0.365000
v -1.899327 2.950495 0.310000
v -1.905030 2.877362 0.310000
v -1.883865 2.879468 0.310000
v -1.899327 2.950495 0.365000
v -1.905030 2.877362 0.365000
v -1.883865 2.879468 0.365000
v -1.899327 2.950495 0.310000
v -1.883865 2.879468 0.310000
v -1.855399 2.957924 0.310000
v -1.899327 2.950495 0.365000
v -1.883865 2.879468 0.365000
v -1.855399 2.957924 0.365000
v -1.855399 2.957924 0.310000
v -1.883865 2.879468 0.310000
v -1.864549 2.872975 0.310000
v -1.855399 2.957924 0.365000
v -1.883865 2.879468 0.365000
v -1.864549 2.872975 0.365000
v -1.855399 2.957924 0.310000
v -1.864549 2.872975 0.310000
v -1.816693 2.947028 0.310000
v -1.855399 2.957924 0.365000
v -1.864549 2.872975 0.365000
v -1.816693 2.947028 0.365000
v -1.816693 2.947028 0.310000
v -1.864549 2.872975 0.310000
v -1.785278 2.917916 0.310000
v -1.816693 2.947028 0.365000
v -1.864549 2.872975 0.365000
v -1.785278 2.917916 0.365000
v -1.785278 2.917916 0.310000
v -1.864549 2.872975 0.310000
v -1.848911 2.858148 0.310000
v -1.785278 2.917916 0.365000
v -1.864549 2.872975 0.365000
v -1.848911 2.858148 0.365000
v -1.785278 2.917916 0.310000
v -1.848911 2.858148 0.310000
v -1.772637 2.894519 0.310000
v -1.785278 2.917916 0.365000
v -1.848911 2.858148 0.365000
v -1.772637 2.894519 0.365000
v -1.642412 2.725053 0.310000
v -1.679605 2.776244 0.310000
v -1.798491 2.689868 0.310000
v -1.642412 2.725053 0.365000
v -1.679605 2.776244 0.365000
v -1.798491 2.689868 0.365000
v -1.642412 2.725053 0.310000
v -1.798491 2.689868 0.310000
v -1.838780 2.582383 0.310000
v -1.642412 2.725053 0.365000
v -1.798491 2.689868 0.365000
v -1.838780 2.582383 0.365000
v -1.838780 2.582383 0.310000
v -1.798491 2.689868 0.310000
v -1.875973 2.633575 0.310000
v -1.838780 2.582383 0.365000
v -1.798491 2.689868 0.365000
v -1.875973 2.633575 0.365000
v -1.875973 2.633575 0.310000
v -1.798491 2.689868 0.310000
v -1.840632 2.792320 0.310000
v -1.875973 2.633575 0.365000
v -1.798491 2.689868 0.365000
v -1.840632 2.792320 0.365000
v -1.848911 2.858148 0.310000
v -1.841727 2.844942 0.310000
v -1.766772 2.868455 0.310000
v -1.848911 2.858148 0.365000
v -1.841727 2.844942 0.365000
v -1.766772 2.868455 0.365000
v -1.848911 2.858148 0.310000
v -1.766772 2.868455 0.310000
v -1.772637 2.894519 0.310000
v -1.848911 2.858148 0.365000
v -1.766772 2.868455 0.365000
v -1.772637 2.894519 0.365000
v -1.798491 2.689868 0.310000
v -1.777570 2.782485 0.310000
v -1.840632 2.792320 0.310000
v -1.798491 2.689868 0.365000
v -1.777570 2.782485 0.365000
v -1.840632 2.792320 0.365000
v -1.840632 2.792320 0.310000
v -1.777570 2.782485 0.310000
v -1.837681 2.812491 0.310000
v -1.840632 2.792320 0.365000
v -1.777570 2.782485 0.365000
v -1.837681 2.812491 0.365000
v -1.837681 2.812491 0.310000
v -1.777570 2.782485 0.310000
v -1.768255 2.833292 0.310000
v -1.837681 2.812491 0.365000
v -1.777570 2.782485 0.365000
v -1.768255 2.833292 0.365000
v -1.837681 2.812491 0.310000
v -1.768255 2.833292 0.310000
v -1.838015 2.829877 0.310000
v -1.837681 2.812491 0.365000
v -1.768255 2.833292 0.365000
v -1.838015 2.829877 0.365000
v -1.838015 2.829877 0.310000
v -1.768255 2.833292 0.310000
v -1.841727 2.844942 0.310000
v -1.838015 2.829877 0.365000
v -1.768255 2.833292 0.365000
v -1.841727 2.844942 0.365000
v -1.841727 2.844942 0.310000
v -1.768255 2.833292 0.310000
v -1.766772 2.868455 0.310000
v -1.841727 2.844942 0.365000
v -1.768255 2.833292 0.365000
v -1.766772 2.868455 0.365000
v -1.798491 2.689868 0.310000
v -1.679605 2.776244 0.310000
v -1.679605 2.776244 0.365000
v -1.798491 2.689868 0.365000
v -1.679605 2.776244 0.310000
v -1.642412 2.725053 0.310000
v -1.642412 2.725053 0.365000
v -1.679605 2.776244 0.365000
v -1.642412 2.725053 0.310000
v -1.838780 2.582383 0.310000
v -1.838780 2.582383 0.365000
v -1.642412 2.725053 0.365000
v -1.838780 2.582383 0.310000
v -1.875973 2.633575 0.310000
v -1.875973 2.633575 0.365000
v -1.838780 2.582383 0.365000
v -1.875973 2.633575 0.310000
v -1.840632 2.792320 0.310000
v -1.840632 2.792320 0.365000
v -1.875973 2.633575 0.365000
v -1.840632 2.792320 0.310000
v -1.837681 2.812491 0.310000
v -1.837681 2.812491 0.365000
v -1.840632 2.792320 0.365000
v -1.837681 2.812491 0.310000
v -1.838015 2.829877 0.310000
v -1.838015 2.829877 0.365000
v -1.837681 2.812491 0.365000
v -1.838015 2.829877 0.310000
v -1.841727 2.844942 0.310000
v -1.841727 2.844942 0.365000
v -1.838015 2.829877 0.365000
v -1.841727 2.844942 0.310000
v -1.848911 2.858148 0.310000
v -1.848911 2.858148 0.365000
v -1.841727 2.844942 0.365000
v -1.848911 2.858148 0.310000
v -1.864549 2.872975 0.310000
v -1.864549 2.872975 0.365000
v -1.848911 2.858148 0.365000
v -1.864549 2.872975 0.310000
v -1.883865 2.879468 0.310000
v -1.883865 2.879468 0.365000
v -1.864549 2.872975 0.365000
v -1.883865 2.879468 0.310000
v -1.905030 2.877362 0.310000
v -1.905030 2.877362 0.365000
v -1.883865 2.879468 0.365000
v -1.905030 2.877362 0.310000
v -1.926214 2.866395 0.310000
v -1.926214 2.866395 0.365000
v -1.905030 2.877362 0.365000
v -1.926214 2.866395 0.310000
v -1.942006 2.852267 0.310000
v -1.942006 2.852267 0.365000
v -1.926214 2.866395 0.365000
v -1.942006 2.852267 0.310000
v -1.956837 2.833528 0.310000
v -1.956837 2.833528 0.365000
v -1.942006 2.852267 0.365000
v -1.956837 2.833528 0.310000
v -1.970569 2.810324 0.310000
v -1.970569 2.810324 0.365000
v -1.956837 2.833528 0.365000
v -1.970569 2.810324 0.310000
v -1.983180 2.782715 0.310000
v -1.983180 2.782715 0.365000
v -1.970569 2.810324 0.365000
v -1.983180 2.782715 0.310000
v -2.026304 2.842071 0.310000
v -2.026304 2.842071 0.365000
v -1.983180 2.782715 0.365000
v -2.026304 2.842071 0.310000
v -2.007888 2.865891 0.310000
v -2.007888 2.865891 0.365000
v -2.026304 2.842071 0.365000
v -2.007888 2.865891 0.310000
v -1.988387 2.887669 0.310000
v -1.988387 2.887669 0.365000
v -2.007888 2.865891 0.365000
v -1.988387 2.887669 0.310000
v -1.967869 2.907288 0.310000
v -1.967869 2.907288 0.365000
v -1.988387 2.887669 0.365000
v -1.967869 2.907288 0.310000
v -1.946321 2.924514 0.310000
v -1.946321 2.924514 0.365000
v -1.967869 2.907288 0.365000
v -1.946321 2.924514 0.310000
v -1.899327 2.950495 0.310000
v -1.899327 2.950495 0.365000
v -1.946321 2.924514 0.365000
v -1.899327 2.950495 0.310000
v -1.855399 2.957924 0.310000
v -1.855399 2.957924 0.365000
v -1.899327 2.950495 0.365000
v -1.855399 2.957924 0.310000
v -1.816693 2.947028 0.310000
v -1.816693 2.947028 0.365000
v -1.855399 2.957924 0.365000
v -1.816693 2.947028 0.310000
v -1.785278 2.917916 0.310000
v -1.785278 2.917916 0.365000
v -1.816693 2.947028 0.365000
v -1.785278 2.917916 0.310000
v -1.772637 2.894519 0.310000
v -1.772637 2.894519 0.365000
v -1.785278 2.917916 0.365000
v -1.772637 2.894519 0.310000
v -1.766772 2.868455 0.310000
v -1.766772 2.868455 0.365000
v -1.772637 2.894519 0.365000
v -1.766772 2.868455 0.310000
v -1.768255 2.833292 0.310000
v -1.768255 2.833292 0.365000
v -1.766772 2.868455 0.365000
v -1.768255 2.833292 0.310000
v -1.777570 2.782485 0.310000
v -1.777570 2.782485 0.365000
v -1.768255 2.833292 0.365000
v -1.777570 2.782485 0.310000
v -1.798491 2.689868 0.310000
v -1.798491 2.689868 0.365000
v -1.777570 2.782485 0.365000
v -1.191507 3.303488 0.310000
v -1.133530 3.125053 0.310000
v -1.090758 3.215455 0.310000
v -1.191507 3.303488 0.365000
v -1.133530 3.125053 0.365000
v -1.090758 3.215455 0.365000
v -1.191507 3.303488 0.310000
v -1.090758 3.215455 0.310000
v -1.106704 3.264533 0.310000
v -1.191507 3.303488 0.365000
v -1.090758 3.215455 0.365000
v -1.106704 3.264533 0.365000
v -1.191507 3.303488 0.310000
v -1.106704 3.264533 0.310000
v -0.988192 3.369549 0.310000
v -1.191507 3.303488 0.365000
v -1.106704 3.264533 0.365000
v -0.988192 3.369549 0.365000
v -0.988192 3.369549 0.310000
v -1.106704 3.264533 0.310000
v -0.968646 3.309391 0.310000
v -0.988192 3.369549 0.365000
v -1.106704 3.264533 0.365000
v -0.968646 3.309391 0.365000
v -0.895845 3.163278 0.310000
v -0.918897 3.206759 0.310000
v -0.977619 3.136707 0.310000
v -0.895845 3.163278 0.365000
v -0.918897 3.206759 0.365000
v -0.977619 3.136707 0.365000
v -0.895845 3.163278 0.310000
v -0.977619 3.136707 0.310000
v -0.889739 3.114590 0.310000
v -0.895845 3.163278 0.365000
v -0.977619 3.136707 0.365000
v -0.889739 3.114590 0.365000
v -0.904815 3.071308 0.310000
v -0.889739 3.114590 0.310000
v -0.974657 3.113020 0.310000
v -0.904815 3.071308 0.365000
v -0.889739 3.114590 0.365000
v -0.974657 3.113020 0.365000
v -0.904815 3.071308 0.310000
v -0.974657 3.113020 0.310000
v -0.981939 3.091716 0.310000
v -0.904815 3.071308 0.365000
v -0.974657 3.113020 0.365000
v -0.981939 3.091716 0.365000
v -0.904815 3.071308 0.310000
v -0.981939 3.091716 0.310000
v -0.939700 3.035849 0.310000
v -0.904815 3.071308 0.365000
v -0.981939 3.091716 0.365000
v -0.939700 3.035849 0.365000
v -0.939700 3.035849 0.310000
v -0.981939 3.091716 0.310000
v -0.998616 3.074235 0.310000
v -0.939700 3.035849 0.365000
v -0.981939 3.091716 0.365000
v -0.998616 3.074235 0.365000
v -0.939700 3.035849 0.310000
v -0.998616 3.074235 0.310000
v -0.992975 3.010498 0.310000
v -0.939700 3.035849 0.365000
v -0.998616 3.074235 0.365000
v -0.992975 3.010498 0.365000
v -0.992975 3.010498 0.310000
v -0.998616 3.074235 0.310000
v -1.023979 3.061974 0.310000
v -0.992975 3.010498 0.365000
v -0.998616 3.074235 0.365000
v -1.023979 3.061974 0.365000
v -0.992975 3.010498 0.310000
v -1.023979 3.061974 0.310000
v -1.020251 3.003082 0.310000
v -0.992975 3.010498 0.365000
v -1.023979 3.061974 0.365000
v -1.020251 3.003082 0.365000
v -1.020251 3.003082 0.310000
v -1.023979 3.061974 0.310000
v -1.045891 3.056902 0.310000
v -1.020251 3.003082 0.365000
v -1.023979 3.061974 0.365000
v -1.045891 3.056902 0.365000
v -1.020251 3.003082 0.310000
v -1.045891 3.056902 0.310000
v -1.048104 2.998372 0.310000
v -1.020251 3.003082 0.365000
v -1.045891 3.056902 0.365000
v -1.048104 2.998372 0.365000
v -1.048104 2.998372 0.310000
v -1.045891 3.056902 0.310000
v -1.070299 3.055115 0.310000
v -1.048104 2.998372 0.365000
v -1.045891 3.056902 0.365000
v -1.070299 3.055115 0.365000
v -1.048104 2.998372 0.310000
v -1.070299 3.055115 0.310000
v -1.076599 2.996385 0.310000
v -1.048104 2.998372 0.365000
v -1.070299 3.055115 0.365000
v -1.076599 2.996385 0.365000
v -1.076599 2.996385 0.310000
v -1.070299 3.055115 0.310000
v -1.097241 3.056676 0.310000
v -1.076599 2.996385 0.365000
v -1.070299 3.055115 0.365000
v -1.097241 3.056676 0.365000
v -1.076599 2.996385 0.310000
v -1.097241 3.056676 0.310000
v -1.105796 2.997138 0.310000
v -1.076599 2.996385 0.365000
v -1.097241 3.056676 0.365000
v -1.105796 2.997138 0.365000
v -1.105796 2.997138 0.310000
v -1.097241 3.056676 0.310000
v -1.126712 3.061510 0.310000
v -1.105796 2.997138 0.365000
v -1.097241 3.056676 0.365000
v -1.126712 3.061510 0.365000
v -1.133530 3.125053 0.310000
v -1.114008 3.140546 0.310000
v -1.090758 3.215455 0.310000
v -1.133530 3.125053 0.365000
v -1.114008 3.140546 0.365000
v -1.090758 3.215455 0.365000
v -1.090758 3.215455 0.310000
v -1.114008 3.140546 0.310000
v -1.095209 3.153060 0.310000
v -1.090758 3.215455 0.365000
v -1.114008 3.140546 0.365000
v -1.095209 3.153060 0.365000
v -1.090758 3.215455 0.310000
v -1.095209 3.153060 0.310000
v -1.076929 3.162833 0.310000
v -1.090758 3.215455 0.365000
v -1.095209 3.153060 0.365000
v -1.076929 3.162833 0.365000
v -1.090758 3.215455 0.310000
v -1.076929 3.162833 0.310000
v -1.059053 3.169919 0.310000
v -1.090758 3.215455 0.365000
v -1.076929 3.162833 0.365000
v -1.059053 3.169919 0.365000
v -1.090758 3.215455 0.310000
v -1.059053 3.169919 0.310000
v -1.082151 3.220769 0.310000
v -1.090758 3.215455 0.365000
v -1.059053 3.169919 0.365000
v -1.082151 3.220769 0.365000
v -0.918897 3.206759 0.310000
v -0.954394 3.233609 0.310000
v -0.989185 3.157731 0.310000
v -0.918897 3.206759 0.365000
v -0.954394 3.233609 0.365000
v -0.989185 3.157731 0.365000
v -0.918897 3.206759 0.310000
v -0.989185 3.157731 0.310000
v -0.977619 3.136707 0.310000
v -0.918897 3.206759 0.365000
v -0.989185 3.157731 0.365000
v -0.977619 3.136707 0.365000
v -0.977619 3.136707 0.310000
v -0.974657 3.113020 0.310000
v -0.889739 3.114590 0.310000
v -0.977619 3.136707 0.365000
v -0.974657 3.113020 0.365000
v -0.889739 3.114590 0.365000
v -1.059053 3.169919 0.310000
v -1.031332 3.174924 0.310000
v -1.063990 3.229695 0.310000
v -1.059053 3.169919 0.365000
v -1.031332 3.174924 0.365000
v -1.063990 3.229695 0.365000
v -1.059053 3.169919 0.310000
v -1.063990 3.229695 0.310000
v -1.073277 3.225493 0.310000
v -1.059053 3.169919 0.365000
v -1.063990 3.229695 0.365000
v -1.073277 3.225493 0.365000
v -1.059053 3.169919 0.310000
v -1.073277 3.225493 0.310000
v -1.082151 3.220769 0.310000
v -1.059053 3.169919 0.365000
v -1.073277 3.225493 0.365000
v -1.082151 3.220769 0.365000
v -1.063990 3.229695 0.310000
v -1.031332 3.174924 0.310000
v -1.054096 3.233304 0.310000
v -1.063990 3.229695 0.365000
v -1.031332 3.174924 0.365000
v -1.054096 3.233304 0.365000
v -1.054096 3.233304 0.310000
v -1.031332 3.174924 0.310000
v -1.000179 3.242800 0.310000
v -1.054096 3.233304 0.365000
v -1.031332 3.174924 0.365000
v -1.000179 3.242800 0.365000
v -1.000179 3.242800 0.310000
v -1.031332 3.174924 0.310000
v -1.007581 3.170635 0.310000
v -1.000179 3.242800 0.365000
v -1.031332 3.174924 0.365000
v -1.007581 3.170635 0.365000
v -1.000179 3.242800 0.310000
v -1.007581 3.170635 0.310000
v -0.954394 3.233609 0.310000
v -1.000179 3.242800 0.365000
v -1.007581 3.170635 0.365000
v -0.954394 3.233609 0.365000
v -0.954394 3.233609 0.310000
v -1.007581 3.170635 0.310000
v -0.989185 3.157731 0.310000
v -0.954394 3.233609 0.365000
v -1.007581 3.170635 0.365000
v -0.989185 3.157731 0.365000
v -1.191507 3.303488 0.310000
v -0.988192 3.369549 0.310000
v -0.988192 3.369549 0.365000
v -1.191507 3.303488 0.365000
v -0.988192 3.369549 0.310000
v -0.968646 3.309391 0.310000
v -0.968646 3.309391 0.365000
v -0.988192 3.369549 0.365000
v -0.968646 3.309391 0.310000
v -1.106704 3.264533 0.310000
v -1.106704 3.264533 0.365000
v -0.968646 3.309391 0.365000
v -1.106704 3.264533 0.310000
v -1.090758 3.215455 0.310000
v -1.090758 3.215455 0.365000
v -1.106704 3.264533 0.365000
v -1.090758 3.215455 0.310000
v -1.082151 3.220769 0.310000
v -1.082151 3.220769 0.365000
v -1.090758 3.215455 0.365000
v -1.082151 3.220769 0.310000
v -1.073277 3.225493 0.310000
v -1.073277 3.225493 0.365000
v -1.082151 3.220769 0.365000
v -1.073277 3.225493 0.310000
v -1.063990 3.229695 0.310000
v -1.063990 3.229695 0.365000
v -1.073277 3.225493 0.365000
v -1.063990 3.229695 0.310000
v -1.054096 3.233304 0.310000
v -1.054096 3.233304 0.365000
v -1.063990 3.229695 0.365000
v -1.054096 3.233304 0.310000
v -1.000179 3.242800 0.310000
v -1.000179 3.242800 0.365000
v -1.054096 3.233304 0.365000
v -1.000179 3.242800 0.310000
v -0.954394 3.233609 0.310000
v -0.954394 3.233609 0.365000
v -1.000179 3.242800 0.365000
v -0.954394 3.233609 0.310000
v -0.918897 3.206759 0.310000
v -0.918897 3.206759 0.365000
v -0.954394 3.233609 0.365000
v -0.918897 3.206759 0.310000
v -0.895845 3.163278 0.310000
v -0.895845 3.163278 0.365000
v -0.918897 3.206759 0.365000
v -0.895845 3.163278 0.310000
v -0.889739 3.114590 0.310000
v -0.889739 3.114590 0.365000
v -0.895845 3.163278 0.365000
v -0.889739 3.114590 0.310000
v -0.904815 3.071308 0.310000
v -0.904815 3.071308 0.365000
v -0.889739 3.114590 0.365000
v -0.904815 3.071308 0.310000
v -0.939700 3.035849 0.310000
v -0.939700 3.035849 0.365000
v -0.904815 3.071308 0.365000
v -0.939700 3.035849 0.310000
v -0.992975 3.010498 0.310000
v -0.992975 3.010498 0.365000
v -0.939700 3.035849 0.365000
v -0.992975 3.010498 0.310000
v -1.020251 3.003082 0.310000
v -1.020251 3.003082 0.365000
v -0.992975 3.010498 0.365000
v -1.020251 3.003082 0.310000
v -1.048104 2.998372 0.310000
v -1.048104 2.998372 0.365000
v -1.020251 3.003082 0.365000
v -1.048104 2.998372 0.310000
v -1.076599 2.996385 0.310000
v -1.076599 2.996385 0.365000
v -1.048104 2.998372 0.365000
v -1.076599 2.996385 0.310000
v -1.105796 2.997138 0.310000
v -1.105796 2.997138 0.365000
v -1.076599 2.996385 0.365000
v -1.105796 2.997138 0.310000
v -1.126712 3.061510 0.310000
v -1.126712 3.061510 0.365000
v -1.105796 2.997138 0.365000
v -1.126712 3.061510 0.310000
v -1.097241 3.056676 0.310000
v -1.097241 3.056676 0.365000
v -1.126712 3.061510 0.365000
v -1.097241 3.056676 0.310000
v -1.070299 3.055115 0.310000
v -1.070299 3.055115 0.365000
v -1.097241 3.056676 0.365000
v -1.070299 3.055115 0.310000
v -1.045891 3.056902 0.310000
v -1.045891 3.056902 0.365000
v -1.070299 3.055115 0.365000
v -1.045891 3.056902 0.310000
v -1.023979 3.061974 0.310000
v -1.023979 3.061974 0.365000
v -1.045891 3.056902 0.365000
v -1.023979 3.061974 0.310000
v -0.998616 3.074235 0.310000
v -0.998616 3.074235 0.365000
v -1.023979 3.061974 0.365000
v -0.998616 3.074235 0.310000
v -0.981939 3.091716 0.310000
v -0.981939 3.091716 0.365000
v -0.998616 3.074235 0.365000
v -0.981939 3.091716 0.310000
v -0.974657 3.113020 0.310000
v -0.974657 3.113020 0.365000
v -0.981939 3.091716 0.365000
v -0.974657 3.113020 0.310000
v -0.977619 3.136707 0.310000
v -0.977619 3.136707 0.365000
v -0.974657 3.113020 0.365000
v -0.977619 3.136707 0.310000
v -0.989185 3.157731 0.310000
v -0.989185 3.157731 0.365000
v -0.977619 3.136707 0.365000
v -0.989185 3.157731 0.310000
v -1.007581 3.170635 0.310000
v -1.007581 3.170635 0.365000
v -0.989185 3.157731 0.365000
v -1.007581 3.170635 0.310000
v -1.031332 3.174924 0.310000
v -1.031332 3.174924 0.365000
v -1.007581 3.170635 0.365000
v -1.031332 3.174924 0.310000
v -1.059053 3.169919 0.310000
v -1.059053 3.169919 0.365000
v -1.031332 3.174924 0.365000
v -1.059053 3.169919 0.310000
v -1.076929 3.162833 0.310000
v -1.076929 3.162833 0.365000
v -1.059053 3.169919 0.365000
v -1.076929 3.162833 0.310000
v -1.095209 3.153060 0.310000
v -1.095209 3.153060 0.365000
v -1.076929 3.162833 0.365000
v -1.095209 3.153060 0.310000
v -1.114008 3.140546 0.310000
v -1.114008 3.140546 0.365000
v -1.095209 3.153060 0.365000
v -1.114008 3.140546 0.310000
v -1.133530 3.125053 0.310000
v -1.133530 3.125053 0.365000
v -1.114008 3.140546 0.365000
v -1.133530 3.125053 0.310000
v -1.191507 3.303488 0.310000
v -1.191507 3.303488 0.365000
v -1.133530 3.125053 0.365000
usemtl Number
f 1094 1095 1096
f 1093 1092 1091
f 1100 1101 1102
f 1099 1098 1097
f 1106 1107 1108
f 1105 1104 1103
f 1112 1113 1114
f 1111 1110 1109
f 1118 1119 1120
f 1117 1116 1115
f 1124 1125 1126
f 1123 1122 1121
f 1130 1131 1132
f 1129 1128 1127
f 1136 1137 1138
f 1135 1134 1133
f 1142 1143 1144
f 1141 1140 1139
f 1148 1149 1150
f 1147 1146 1145
f 1154 1155 1156
f 1153 1152 1151
f 1160 1161 1162
f 1159 1158 1157
f 1166 1167 1168
f 1165 1164 1163
f 1172 1173 1174
f 1171 1170 1169
f 1178 1179 1180
f 1177 1176 1175
f 1184 1185 1186
f 1183 1182 1181
f 1190 1191 1192
f 1189 1188 1187
f 1196 1197 1198
f 1195 1194 1193
f 1202 1203 1204
f 1201 1200 1199
f 1208 1209 1210
f 1207 1206 1205
f 1214 1215 1216
f 1213 1212 1211
f 1220 1221 1222
f 1219 1218 1217
f 1226 1227 1228
f 1225 1224 1223
f 1232 1233 1234
f 1231 1230 1229
f 1238 1239 1240
f 1237 1236 1235
f 1244 1245 1246
f 1243 1242 1241
f 1250 1251 1252
f 1249 1248 1247
f 1256 1257 1258
f 1255 1254 1253
f 1262 1263 1264
f 1261 1260 1259
f 1265 1266 1267 1268
f 1269 1270 1271 1272
f 1273 1274 1275 1276
f 1277 1278 1279 1280
f 1281 1282 1283 1284
f 1285 1286 1287 1288
f 1289 1290 1291 1292
f 1293 1294 1295 1296
f 1297 1298 1299 1300
f 1301 1302 1303 1304
f 1305 1306 1307 1308
f 1309 1310 1311 1312
f 1313 1314 1315 1316
f 1317 1318 1319 1320
f 1321 1322 1323 1324
f 1325 1326 1327 1328
f 1329 1330 1331 1332
f 1333 1334 1335 1336
f 1337 1338 1339 1340
f 1341 1342 1343 1344
f 1345 1346 1347 1348
f 1349 1350 1351 1352
f 1353 1354 1355 1356
f 1357 1358 1359 1360
f 1361 1362 1363 1364
f 1365 1366 1367 1368
f 1369 1370 1371 1372
f 1373 1374 1375 1376
f 1377 1378 1379 1380
f 1381 1382 1383 1384
f 1385 1386 1387 1388
f 1392 1393 1394
f 1391 1390 1389
f 1398 1399 1400
f 1397 1396 1395
f 1404 1405 1406
f 1403 1402 1401
f 1410 1411 1412
f 1409 1408 1407
f 1416 1417 1418
f 1415 1414 1413
f 1422 1423 1424
f 1421 1420 1419
f 1428 1429 1430
f 1427 1426 1425
f 1434 1435 1436
f 1433 1432 1431
f 1440 1441 1442
f 1439 1438 1437
f 1446 1447 1448
f 1445 1444 1443
f 1452 1453 1454
f 1451 1450 1449
f 1458 1459 1460
f 1457 1456 1455
f 1464 1465 1466
f 1463 1462 1461
f 1470 1471 1472
f 1469 1468 1467
f 1476 1477 1478
f 1475 1474 1473
f 1482 1483 1484
f 1481 1480 1479
f 1488 1489 1490
f 1487 1486 1485
f 1494 1495 1496
f 1493 1492 1491
f 1500 1501 1502
f 1499 1498 1497
f 1506 1507 1508
f 1505 1504 1503
f 1512 1513 1514
f 1511 1510 1509
f 1518 1519 1520
f 1517 1516 1515
f 1524 1525 1526
f 1523 1522 1521
f 1530 1531 1532
f 1529 1528 1527
f 1536 1537 1538
f 1535 1534 1533
f 1542 1543 1544
f 1541 1540 1539
f 1548 1549 1550
f 1547 1546 1545
f 1554 1555 1556
f 1553 1552 1551
f 1560 1561 1562
f 1559 1558 1557
f 1566 1567 1568
f 1565 1564 1563
f 1572 1573 1574
f 1571 1570 1569
f 1578 1579 1580
f 1577 1576 1575
f 1581 1582 1583 1584
f 1585 1586 1587 1588
f 1589 1590 1591 1592
f 1593 1594 1595 1596
f 1597 1598 1599 1600
f 1601 1602 1603 1604
f 1605 1606 1607 1608
f 1609 1610 1611 1612
f 1613 1614 1615 1616
f 1617 1618 1619 1620
f 1621 1622 1623 1624
f 1625 1626 1627 1628
f 1629 1630 1631 1632
f 1633 1634 1635 1636
f 1637 1638 1639 1640
f 1641 1642 1643 1644
f 1645 1646 1647 1648
f 1649 1650 1651 1652
f 1653 1654 1655 1656
f 1657 1658 1659 1660
f 1661 1662 1663 1664
f 1665 1666 1667 1668
f 1669 1670 1671 1672
f 1673 1674 1675 1676
f 1677 1678 1679 1680
f 1681 1682 1683 1684
f 1685 1686 1687 1688
f 1689 1690 1691 1692
f 1693 1694 1695 1696
f 1697 1698 1699 1700
f 1701 1702 1703 1704
f 1705 1706 1707 1708
f 1712 1713 1714
f 1711 1710 1709
f 1718 1719 1720
f 1717 1716 1715
f 1724 1725 1726
f 1723 1722 1721
f 1730 1731 1732
f 1729 1728 1727
f 1736 1737 1738
f 1735 1734 1733
f 1742 1743 1744
f 1741 1740 1739
f 1748 1749 1750
f 1747 1746 1745
f 1754 1755 1756
f 1753 1752 1751
f 1760 1761 1762
f 1759 1758 1757
f 1763 1764 1765 1766
f 1767 1768 1769 1770
f 1771 1772 1773 1774
f 1775 1776 1777 1778
f 1779 1780 1781 1782
f 1783 1784 1785 1786
f 1787 1788 1789 1790
f 1791 1792 1793 1794
f 1795 1796 1797 1798
f 1799 1800 1801 1802
f 1803 1804 1805 1806
f 1810 1811 1812
f 1809 1808 1807
f 1816 1817 1818
f 1815 1814 1813
f 1822 1823 1824
f 1821 1820 1819
f 1828 1829 1830
f 1827 1826 1825
f 1834 1835 1836
f 1833 1832 1831
f 1840 1841 1842
f 1839 1838 1837
f 1846 1847 1848
f 1845 1844 1843
f 1852 1853 1854
f 1851 1850 1849
f 1858 1859 1860
f 1857 1856 1855
f 1861 1862 1863 1864
f 1865 1866 1867 1868
f 1869 1870 1871 1872
f 1873 1874 1875 1876
f 1877 1878 1879 1880
f 1881 1882 1883 1884
f 1885 1886 1887 1888
f 1889 1890 1891 1892
f 1893 1894 1895 1896
f 1897 1898 1899 1900
f 1901 1902 1903 1904
f 1908 1909 1910
f 1907 1906 1905
f 1914 1915 1916
f 1913 1912 1911
f 1920 1921 1922
f 1919 1918 1917
f 1926 1927 1928
f 1925 1924 1923
f 1932 1933 1934
f 1931 1930 1929
f 1938 1939 1940
f 1937 1936 1935
f 1944 1945 1946
f 1943 1942 1941
f 1950 1951 1952
f 1949 1948 1947
f 1956 1957 1958
f 1955 1954 1953
f 1962 1963 1964
f 1961 1960 1959
f 1968 1969 1970
f 1967 1966 1965
f 1974 1975 1976
f 1973 1972 1971
f 1980 1981 1982
f 1979 1978 1977
f 1986 1987 1988
f 1985 1984 1983
f 1992 1993 1994
f 1991 1990 1989
f 1998 1999 2000
f 1997 1996 1995
f 2004 2005 2006
f 2003 2002 2001
f 2010 2011 2012
f 2009 2008 2007
f 2016 2017 2018
f 2015 2014 2013
f 2022 2023 2024
f 2021 2020 2019
f 2028 2029 2030
f 2027 2026 2025
f 2034 2035 2036
f 2033 2032 2031
f 2040 2041 2042
f 2039 2038 2037
f 2046 2047 2048
f 2045 2044 2043
f 2052 2053 2054
f 2051 2050 2049
f 2058 2059 2060
f 2057 2056 2055
f 2064 2065 2066
f 2063 2062 2061
f 2070 2071 2072
f 2069 2068 2067
f 2076 2077 2078
f 2075 2074 2073
f 2082 2083 2084
f 2081 2080 2079
f 2088 2089 2090
f 2087 2086 2085
f 2094 2095 2096
f 2093 2092 2091
f 2100 2101 2102
f 2099 2098 2097
f 2106 2107 2108
f 2105 2104 2103
f 2112 2113 2114
f 2111 2110 2109
f 2118 2119 2120
f 2117 2116 2115
f 2124 2125 2126
f 2123 2122 2121
f 2130 2131 2132
f 2129 2128 2127
f 2136 2137 2138
f 2135 2134 2133
f 2142 2143 2144
f 2141 2140 2139
f 2148 2149 2150
f 2147 2146 2145
f 2154 2155 2156
f 2153 2152 2151
f 2160 2161 2162
f 2159 2158 2157
f 2166 2167 2168
f 2165 2164 2163
f 2172 2173 2174
f 2171 2170 2169
f 2178 2179 2180
f 2177 2176 2175
f 2184 2185 2186
f 2183 2182 2181
f 2190 2191 2192
f 2189 2188 2187
f 2196 2197 2198
f 2195 2194 2193
f 2202 2203 2204
f 2201 2200 2199
f 2208 2209 2210
f 2207 2206 2205
f 2214 2215 2216
f 2213 2212 2211
f 2220 2221 2222
f 2219 2218 2217
f 2226 2227 2228
f 2225 2224 2223
f 2232 2233 2234
f 2231 2230 2229
f 2238 2239 2240
f 2237 2236 2235
f 2244 2245 2246
f 2243 2242 2241
f 2250 2251 2252
f 2249 2248 2247
f 2256 2257 2258
f 2255 2254 2253
f 2262 2263 2264
f 2261 2260 2259
f 2268 2269 2270
f 2267 2266 2265
f 2274 2275 2276
f 2273 2272 2271
f 2280 2281 2282
f 2279 2278 2277
f 2286 2287 2288
f 2285 2284 2283
f 2292 2293 2294
f 2291 2290 2289
f 2298 2299 2300
f 2297 2296 2295
f 2301 2302 2303 2304
f 2305 2306 2307 2308
f 2309 2310 2311 2312
f 2313 2314 2315 2316
f 2317 2318 2319 2320
f 2321 2322 2323 2324
f 2325 2326 2327 2328
f 2329 2330 2331 2332
f 2333 2334 2335 2336
f 2337 2338 2339 2340
f 2341 2342 2343 2344
f 2345 2346 2347 2348
f 2349 2350 2351 2352
f 2353 2354 2355 2356
f 2357 2358 2359 2360
f 2361 2362 2363 2364
f 2365 2366 2367 2368
f 2369 2370 2371 2372
f 2373 2374 2375 2376
f 2377 2378 2379 2380
f 2381 2382 2383 2384
f 2385 2386 2387 2388
f 2389 2390 2391 2392
f 2393 2394 2395 2396
f 2397 2398 2399 2400
f 2401 2402 2403 2404
f 2405 2406 2407 2408
f 2409 2410 2411 2412
f 2413 2414 2415 2416
f 2417 2418 2419 2420
f 2421 2422 2423 2424
f 2425 2426 2427 2428
f 2429 2430 2431 2432
f 2433 2434 2435 2436
f 2437 2438 2439 2440
f 2441 2442 2443 2444
f 2445 2446 2447 2448
f 2449 2450 2451 2452
f 2453 2454 2455 2456
f 2457 2458 2459 2460
f 2461 2462 2463 2464
f 2465 2466 2467 2468
f 2469 2470 2471 2472
f 2473 2474 2475 2476
f 2477 2478 2479 2480
f 2481 2482 2483 2484
f 2485 2486 2487 2488
f 2489 2490 2491 2492
f 2493 2494 2495 2496
f 2497 2498 2499 2500
f 2501 2502 2503 2504
f 2505 2506 2507 2508
f 2509 2510 2511 2512
f 2513 2514 2515 2516
f 2517 2518 2519 2520
f 2521 2522 2523 2524
f 2525 2526 2527 2528
f 2529 2530 2531 2532
f 2533 2534 2535 2536
f 2537 2538 2539 2540
f 2541 2542 2543 2544
f 2545 2546 2547 2548
f 2549 2550 2551 2552
f 2553 2554 2555 2556
f 2560 2561 2562
f 2559 2558 2557
f 2566 2567 2568
f 2565 2564 2563
f 2572 2573 2574
f 2571 2570 2569
f 2578 2579 2580
f 2577 2576 2575
f 2584 2585 2586
f 2583 2582 2581
f 2590 2591 2592
f 2589 2588 2587
f 2596 2597 2598
f 2595 2594 2593
f 2602 2603 2604
f 2601 2600 2599
f 2608 2609 2610
f 2607 2606 2605
f 2614 2615 2616
f 2613 2612 2611
f 2620 2621 2622
f 2619 2618 2617
f 2626 2627 2628
f 2625 2624 2623
f 2632 2633 2634
f 2631 2630 2629
f 2638 2639 2640
f 2637 2636 2635
f 2641 2642 2643 2644
f 2645 2646 2647 2648
f 2649 2650 2651 2652
f 2653 2654 2655 2656
f 2657 2658 2659 2660
f 2661 2662 2663 2664
f 2665 2666 2667 2668
f 2669 2670 2671 2672
f 2673 2674 2675 2676
f 2677 2678 2679 2680
f 2681 2682 2683 2684
f 2685 2686 2687 2688
f 2689 2690 2691 2692
f 2693 2694 2695 2696
f 2700 2701 2702
f 2699 2698 2697
f 2706 2707 2708
f 2705 2704 2703
f 2712 2713 2714
f 2711 2710 2709
f 2718 2719 2720
f 2717 2716 2715
f 2724 2725 2726
f 2723 2722 2721
f 2730 2731 2732
f 2729 2728 2727
f 2736 2737 2738
f 2735 2734 2733
f 2742 2743 2744
f 2741 2740 2739
f 2748 2749 2750
f 2747 2746 2745
f 2751 2752 2753 2754
f 2755 2756 2757 2758
f 2759 2760 2761 2762
f 2763 2764 2765 2766
f 2767 2768 2769 2770
f 2771 2772 2773 2774
f 2775 2776 2777 2778
f 2779 2780 2781 2782
f 2783 2784 2785 2786
f 2787 2788 2789 2790
f 2791 2792 2793 2794
f 2798 2799 2800
f 2797 2796 2795
f 2804 2805 2806
f 2803 2802 2801
f 2810 2811 2812
f 2809 2808 2807
f 2816 2817 2818
f 2815 2814 2813
f 2822 2823 2824
f 2821 2820 2819
f 2828 2829 2830
f 2827 2826 2825
f 2834 2835 2836
f 2833 2832 2831
f 2840 2841 2842
f 2839 2838 2837
f 2846 2847 2848
f 2845 2844 2843
f 2852 2853 2854
f 2851 2850 2849
f 2858 2859 2860
f 2857 2856 2855
f 2864 2865 2866
f 2863 2862 2861
f 2870 2871 2872
f 2869 2868 2867
f 2876 2877 2878
f 2875 2874 2873
f 2882 2883 2884
f 2881 2880 2879
f 2888 2889 2890
f 2887 2886 2885
f 2894 2895 2896
f 2893 2892 2891
f 2900 2901 2902
f 2899 2898 2897
f 2906 2907 2908
f 2905 2904 2903
f 2912 2913 2914
f 2911 2910 2909
f 2918 2919 2920
f 2917 2916 2915
f 2924 2925 2926
f 2923 2922 2921
f 2930 2931 2932
f 2929 2928 2927
f 2936 2937 2938
f 2935 2934 2933
f 2942 2943 2944
f 2941 2940 2939
f 2948 2949 2950
f 2947 2946 2945
f 2954 2955 2956
f 2953 2952 2951
f 2960 2961 2962
f 2959 2958 2957
f 2966 2967 2968
f 2965 2964 2963
f 2972 2973 2974
f 2971 2970 2969
f 2978 2979 2980
f 2977 2976 2975
f 2984 2985 2986
f 2983 2982 2981
f 2990 2991 2992
f 2989 2988 2987
f 2996 2997 2998
f 2995 2994 2993
f 3002 3003 3004
f 3001 3000 2999
f 3008 3009 3010
f 3007 3006 3005
f 3014 3015 3016
f 3013 3012 3011
f 3020 3021 3022
f 3019 3018 3017
f 3026 3027 3028
f 3025 3024 3023
f 3032 3033 3034
f 3031 3030 3029
f 3038 3039 3040
f 3037 3036 3035
f 3044 3045 3046
f 3043 3042 3041
f 3050 3051 3052
f 3049 3048 3047
f 3056 3057 3058
f 3055 3054 3053
f 3062 3063 3064
f 3061 3060 3059
f 3068 3069 3070
f 3067 3066 3065
f 3074 3075 3076
f 3073 3072 3071
f 3080 3081 3082
f 3079 3078 3077
f 3086 3087 3088
f 3085 3084 3083
f 3092 3093 3094
f 3091 3090 3089
f 3098 3099 3100
f 3097 3096 3095
f 3101 3102 3103 3104
f 3105 3106 3107 3108
f 3109 3110 3111 3112
f 3113 3114 3115 3116
f 3117 3118 3119 3120
f 3121 3122 3123 3124
f 3125 3126 3127 3128
f 3129 3130 3131 3132
f 3133 3134 3135 3136
f 3137 3138 3139 3140
f 3141 3142 3143 3144
f 3145 3146 3147 3148
f 3149 3150 3151 3152
f 3153 3154 3155 3156
f 3157 3158 3159 3160
f 3161 3162 3163 3164
f 3165 3166 3167 3168
f 3169 3170 3171 3172
f 3173 3174 3175 3176
f 3177 3178 3179 3180
f 3181 3182 3183 3184
f 3185 3186 3187 3188
f 3189 3190 3191 3192
f 3193 3194 3195 3196
f 3197 3198 3199 3200
f 3201 3202 3203 3204
f 3205 3206 3207 3208
f 3209 3210 3211 3212
f 3213 3214 3215 3216
f 3217 3218 3219 3220
f 3221 3222 3223 3224
f 3225 3226 3227 3228
f 3229 3230 3231 3232
f 3233 3234 3235 3236
f 3237 3238 3239 3240
f 3241 3242 3243 3244
f 3245 3246 3247 3248
f 3249 3250 3251 3252
f 3253 3254 3255 3256
f 3257 3258 3259 3260
f 3261 3262 3263 3264
f 3265 3266 3267 3268
f 3269 3270 3271 3272
f 3273 3274 3275 3276
f 3277 3278 3279 3280
f 3281 3282 3283 3284
f 3285 3286 3287 3288
f 3289 3290 3291 3292
f 3293 3294 3295 3296
f 3297 3298 3299 3300
f 3301 3302 3303 3304
f 3305 3306 3307 3308
f 3309 3310 3311 3312
f 3316 3317 3318
f 3315 3314 3313
f 3322 3323 3324
f 3321 3320 3319
f 3328 3329 3330
f 3327 3326 3325
f 3334 3335 3336
f 3333 3332 3331
f 3340 3341 3342
f 3339 3338 3337
f 3346 3347 3348
f 3345 3344 3343
f 3352 3353 3354
f 3351 3350 3349
f 3358 3359 3360
f 3357 3356 3355
f 3364 3365 3366
f 3363 3362 3361
f 3370 3371 3372
f 3369 3368 3367
f 3376 3377 3378
f 3375 3374 3373
f 3382 3383 3384
f 3381 3380 3379
f 3388 3389 3390
f 3387 3386 3385
f 3394 3395 3396
f 3393 3392 3391
f 3400 3401 3402
f 3399 3398 3397
f 3406 3407 3408
f 3405 3404 3403
f 3412 3413 3414
f 3411 3410 3409
f 3418 3419 3420
f 3417 3416 3415
f 3424 3425 3426
f 3423 3422 3421
f 3430 3431 3432
f 3429 3428 3427
f 3436 3437 3438
f 3435 3434 3433
f 3442 3443 3444
f 3441 3440 3439
f 3448 3449 3450
f 3447 3446 3445
f 3454 3455 3456
f 3453 3452 3451
f 3460 3461 3462
f 3459 3458 3457
f 3466 3467 3468
f 3465 3464 3463
f 3472 3473 3474
f 3471 3470 3469
f 3478 3479 3480
f 3477 3476 3475
f 3484 3485 3486
f 3483 3482 3481
f 3490 3491 3492
f 3489 3488 3487
f 3496 3497 3498
f 3495 3494 3493
f 3502 3503 3504
f 3501 3500 3499
f 3508 3509 3510
f 3507 3506 3505
f 3514 3515 3516
f 3513 3512 3511
f 3520 3521 3522
f 3519 3518 3517
f 3526 3527 3528
f 3525 3524 3523
f 3532 3533 3534
f 3531 3530 3529
f 3538 3539 3540
f 3537 3536 3535
f 3544 3545 3546
f 3543 3542 3541
f 3550 3551 3552
f 3549 3548 3547
f 3556 3557 3558
f 3555 3554 3553
f 3562 3563 3564
f 3561 3560 3559
f 3568 3569 3570
f 3567 3566 3565
f 3574 3575 3576
f 3573 3572 3571
f 3580 3581 3582
f 3579 3578 3577
f 3586 3587 3588
f 3585 3584 3583
f 3592 3593 3594
f 3591 3590 3589
f 3598 3599 3600
f 3597 3596 3595
f 3604 3605 3606
f 3603 3602 3601
f 3607 3608 3609 3610
f 3611 3612 3613 3614
f 3615 3616 3617 3618
f 3619 3620 3621 3622
f 3623 3624 3625 3626
f 3627 3628 3629 3630
f 3631 3632 3633 3634
f 3635 3636 3637 3638
f 3639 3640 3641 3642
f 3643 3644 3645 3646
f 3647 3648 3649 3650
f 3651 3652 3653 3654
f 3655 3656 3657 3658
f 3659 3660 3661 3662
f 3663 3664 3665 3666
f 3667 3668 3669 3670
f 3671 3672 3673 3674
f 3675 3676 3677 3678
f 3679 3680 3681 3682
f 3683 3684 3685 3686
f 3687 3688 3689 3690
f 3691 3692 3693 3694
f 3695 3696 3697 3698
f 3699 3700 3701 3702
f 3703 3704 3705 3706
f 3707 3708 3709 3710
f 3711 3712 3713 3714
f 3715 3716 3717 3718
f 3719 3720 3721 3722
f 3723 3724 3725 3726
f 3727 3728 3729 3730
f 3731 3732 3733 3734
f 3735 3736 3737 3738
f 3739 3740 3741 3742
f 3743 3744 3745 3746
f 3747 3748 3749 3750
f 3751 3752 3753 3754
f 3755 3756 3757 3758
f 3759 3760 3761 3762
f 3763 3764 3765 3766
f 3767 3768 3769 3770
f 3771 3772 3773 3774
f 3775 3776 3777 3778
f 3779 3780 3781 3782
f 3783 3784 3785 3786
f 3787 3788 3789 3790
f 3791 3792 3793 3794
f 3795 3796 3797 3798
f 3799 3800 3801 3802
f 3806 3807 3808
f 3805 3804 3803
f 3812 3813 3814
f 3811 3810 3809
f 3818 3819 3820
f 3817 3816 3815
f 3824 3825 3826
f 3823 3822 3821
f 3830 3831 3832
f 3829 3828 3827
f 3836 3837 3838
f 3835 3834 3833
f 3842 3843 3844
f 3841 3840 3839
f 3848 3849 3850
f 3847 3846 3845
f 3854 3855 3856
f 3853 3852 3851
f 3857 3858 3859 3860
f 3861 3862 3863 3864
f 3865 3866 3867 3868
f 3869 3870 3871 3872
f 3873 3874 3875 3876
f 3877 3878 3879 3880
f 3881 3882 3883 3884
f 3885 3886 3887 3888
f 3889 3890 3891 3892
f 3893 3894 3895 3896
f 3897 3898 3899 3900
f 3904 3905 3906
f 3903 3902 3901
f 3910 3911 3912
f 3909 3908 3907
f 3916 3917 3918
f 3915 3914 3913
f 3922 3923 3924
f 3921 3920 3919
f 3928 3929 3930
f 3927 3926 3925
f 3934 3935 3936
f 3933 3932 3931
f 3940 3941 3942
f 3939 3938 3937
f 3946 3947 3948
f 3945 3944 3943
f 3952 3953 3954
f 3951 3950 3949
f 3958 3959 3960
f 3957 3956 3955
f 3964 3965 3966
f 3963 3962 3961
f 3970 3971 3972
f 3969 3968 3967
f 3976 3977 3978
f 3975 3974 3973
f 3982 3983 3984
f 3981 3980 3979
f 3988 3989 3990
f 3987 3986 3985
f 3994 3995 3996
f 3993 3992 3991
f 4000 4001 4002
f 3999 3998 3997
f 4006 4007 4008
f 4005 4004 4003
f 4012 4013 4014
f 4011 4010 4009
f 4018 4019 4020
f 4017 4016 4015
f 4024 4025 4026
f 4023 4022 4021
f 4030 4031 4032
f 4029 4028 4027
f 4036 4037 4038
f 4035 4034 4033
f 4042 4043 4044
f 4041 4040 4039
f 4048 4049 4050
f 4047 4046 4045
f 4054 4055 4056
f 4053 4052 4051
f 4060 4061 4062
f 4059 4058 4057
f 4066 4067 4068
f 4065 4064 4063
f 4072 4073 4074
f 4071 4070 4069
f 4078 4079 4080
f 4077 4076 4075
f 4084 4085 4086
f 4083 4082 4081
f 4090 4091 4092
f 4089 4088 4087
f 4093 4094 4095 4096
f 4097 4098 4099 4100
f 4101 4102 4103 4104
f 4105 4106 4107 4108
f 4109 4110 4111 4112
f 4113 4114 4115 4116
f 4117 4118 4119 4120
f 4121 4122 4123 4124
f 4125 4126 4127 4128
f 4129 4130 4131 4132
f 4133 4134 4135 4136
f 4137 4138 4139 4140
f 4141 4142 4143 4144
f 4145 4146 4147 4148
f 4149 4150 4151 4152
f 4153 4154 4155 4156
f 4157 4158 4159 4160
f 4161 4162 4163 4164
f 4165 4166 4167 4168
f 4169 4170 4171 4172
f 4173 4174 4175 4176
f 4177 4178 4179 4180
f 4181 4182 4183 4184
f 4185 4186 4187 4188
f 4189 4190 4191 4192
f 4193 4194 4195 4196
f 4197 4198 4199 4200
f 4201 4202 4203 4204
f 4205 4206 4207 4208
f 4209 4210 4211 4212
f 4213 4214 4215 4216
f 4217 4218 4219 4220
f 4224 4225 4226
f 4223 4222 4221
f 4230 4231 4232
f 4229 4228 4227
f 4236 4237 4238
f 4235 4234 4233
f 4242 4243 4244
f 4241 4240 4239
f 4248 4249 4250
f 4247 4246 4245
f 4254 4255 4256
f 4253 4252 4251
f 4260 4261 4262
f 4259 4258 4257
f 4266 4267 4268
f 4265 4264 4263
f 4272 4273 4274
f 4271 4270 4269
f 4275 4276 4277 4278
f 4279 4280 4281 4282
f 4283 4284 4285 4286
f 4287 4288 4289 4290
f 4291 4292 4293 4294
f 4295 4296 4297 4298
f 4299 4300 4301 4302
f 4303 4304 4305 4306
f 4307 4308 4309 4310
f 4311 4312 4313 4314
f 4315 4316 4317 4318
f 4322 4323 4324
f 4321 4320 4319
f 4328 4329 4330
f 4327 4326 4325
f 4334 4335 4336
f 4333 4332 4331
f 4340 4341 4342
f 4339 4338 4337
f 4346 4347 4348
f 4345 4344 4343
f 4352 4353 4354
f 4351 4350 4349
f 4358 4359 4360
f 4357 4356 4355
f 4364 4365 4366
f 4363 4362 4361
f 4370 4371 4372
f 4369 4368 4367
f 4376 4377 4378
f 4375 4374 4373
f 4382 4383 4384
f 4381 4380 4379
f 4388 4389 4390
f 4387 4386 4385
f 4394 4395 4396
f 4393 4392 4391
f 4400 4401 4402
f 4399 4398 4397
f 4406 4407 4408
f 4405 4404 4403
f 4412 4413 4414
f 4411 4410 4409
f 4418 4419 4420
f 4417 4416 4415
f 4424 4425 4426
f 4423 4422 4421
f 4430 4431 4432
f 4429 4428 4427
f 4436 4437 4438
f 4435 4434 4433
f 4442 4443 4444
f 4441 4440 4439
f 4448 4449 4450
f 4447 4446 4445
f 4454 4455 4456
f 4453 4452 4451
f 4460 4461 4462
f 4459 4458 4457
f 4466 4467 4468
f 4465 4464 4463
f 4472 4473 4474
f 4471 4470 4469
f 4478 4479 4480
f 4477 4476 4475
f 4484 4485 4486
f 4483 4482 4481
f 4490 4491 4492
f 4489 4488 4487
f 4496 4497 4498
f 4495 4494 4493
f 4502 4503 4504
f 4501 4500 4499
f 4508 4509 4510
f 4507 4506 4505
f 4514 4515 4516
f 4513 4512 4511
f 4520 4521 4522
f 4519 4518 4517
f 4526 4527 4528
f 4525 4524 4523
f 4532 4533 4534
f 4531 4530 4529
f 4535 4536 4537 4538
f 4539 4540 4541 4542
f 4543 4544 4545 4546
f 4547 4548 4549 4550
f 4551 4552 4553 4554
f 4555 4556 4557 4558
f 4559 4560 4561 4562
f 4563 4564 4565 4566
f 4567 4568 4569 4570
f 4571 4572 4573 4574
f 4575 4576 4577 4578
f 4579 4580 4581 4582
f 4583 4584 4585 4586
f 4587 4588 4589 4590
f 4591 4592 4593 4594
f 4595 4596 4597 4598
f 4599 4600 4601 4602
f 4603 4604 4605 4606
f 4607 4608 4609 4610
f 4611 4612 4613 4614
f 4615 4616 4617 4618
f 4619 4620 4621 4622
f 4623 4624 4625 4626
f 4627 4628 4629 4630
f 4631 4632 4633 4634
f 4635 4636 4637 4638
f 4639 4640 4641 4642
f 4643 4644 4645 4646
f 4647 4648 4649 4650
f 4651 4652 4653 4654
f 4655 4656 4657 4658
f 4659 4660 4661 4662
f 4663 4664 4665 4666
f 4667 4668 4669 4670
f 4671 4672 4673 4674
f 4675 4676 4677 4678
f 4679 4680 4681 4682
f 4683 4684 4685 4686
f 4690 4691 4692
f 4689 4688 4687
f 4696 4697 4698
f 4695 4694 4693
f 4702 4703 4704
f 4701 4700 4699
f 4708 4709 4710
f 4707 4706 4705
f 4714 4715 4716
f 4713 4712 4711
f 4720 4721 4722
f 4719 4718 4717
f 4726 4727 4728
f 4725 4724 4723
f 4732 4733 4734
f 4731 4730 4729
f 4738 4739 4740
f 4737 4736 4735
f 4744 4745 4746
f 4743 4742 4741
f 4750 4751 4752
f 4749 4748 4747
f 4756 4757 4758
f 4755 4754 4753
f 4762 4763 4764
f 4761 4760 4759
f 4768 4769 4770
f 4767 4766 4765
f 4774 4775 4776
f 4773 4772 4771
f 4780 4781 4782
f 4779 4778 4777
f 4786 4787 4788
f 4785 4784 4783
f 4792 4793 4794
f 4791 4790 4789
f 4798 4799 4800
f 4797 4796 4795
f 4804 4805 4806
f 4803 4802 4801
f 4810 4811 4812
f 4809 4808 4807
f 4816 4817 4818
f 4815 4814 4813
f 4822 4823 4824
f 4821 4820 4819
f 4828 4829 4830
f 4827 4826 4825
f 4834 4835 4836
f 4833 4832 4831
f 4840 4841 4842
f 4839 4838 4837
f 4846 4847 4848
f 4845 4844 4843
f 4852 4853 4854
f 4851 4850 4849
f 4858 4859 4860
f 4857 4856 4855
f 4861 4862 4863 4864
f 4865 4866 4867 4868
f 4869 4870 4871 4872
f 4873 4874 4875 4876
f 4877 4878 4879 4880
f 4881 4882 4883 4884
f 4885 4886 4887 4888
f 4889 4890 4891 4892
f 4893 4894 4895 4896
f 4897 4898 4899 4900
f 4901 4902 4903 4904
f 4905 4906 4907 4908
f 4909 4910 4911 4912
f 4913 4914 4915 4916
f 4917 4918 4919 4920
f 4921 4922 4923 4924
f 4925 4926 4927 4928
f 4929 4930 4931 4932
f 4933 4934 4935 4936
f 4937 4938 4939 4940
f 4941 4942 4943 4944
f 4945 4946 4947 4948
f 4949 4950 4951 4952
f 4953 4954 4955 4956
f 4957 4958 4959 4960
f 4961 4962 4963 4964
f 4965 4966 4967 4968
f 4969 4970 4971 4972
f 4973 4974 4975 4976
f 4977 4978 4979 4980
f 4981 4982 4983 4984
f 4988 4989 4990
f 4987 4986 4985
f 4994 4995 4996
f 4993 4992 4991
f 5000 5001 5002
f 4999 4998 4997
f 5006 5007 5008
f 5005 5004 5003
f 5012 5013 5014
f 5011 5010 5009
f 5018 5019 5020
f 5017 5016 5015
f 5024 5025 5026
f 5023 5022 5021
f 5030 5031 5032
f 5029 5028 5027
f 5036 5037 5038
f 5035 5034 5033
f 5039 5040 5041 5042
f 5043 5044 5045 5046
f 5047 5048 5049 5050
f 5051 5052 5053 5054
f 5055 5056 5057 5058
f 5059 5060 5061 5062
f 5063 5064 5065 5066
f 5067 5068 5069 5070
f 5071 5072 5073 5074
f 5075 5076 5077 5078
f 5079 5080 5081 5082
f 5086 5087 5088
f 5085 5084 5083
f 5092 5093 5094
f 5091 5090 5089
f 5098 5099 5100
f 5097 5096 5095
f 5104 5105 5106
f 5103 5102 5101
f 5110 5111 5112
f 5109 5108 5107
f 5113 5114 5115 5116
f 5117 5118 5119 5120
f 5121 5122 5123 5124
f 5125 5126 5127 5128
f 5129 5130 5131 5132
f 5133 5134 5135 5136
f 5137 5138 5139 5140
f 5144 5145 5146
f 5143 5142 5141
f 5150 5151 5152
f 5149 5148 5147
f 5156 5157 5158
f 5155 5154 5153
f 5162 5163 5164
f 5161 5160 5159
f 5168 5169 5170
f 5167 5166 5165
f 5174 5175 5176
f 5173 5172 5171
f 5180 5181 5182
f 5179 5178 5177
f 5186 5187 5188
f 5185 5184 5183
f 5192 5193 5194
f 5191 5190 5189
f 5198 5199 5200
f 5197 5196 5195
f 5204 5205 5206
f 5203 5202 5201
f 5210 5211 5212
f 5209 5208 5207
f 5216 5217 5218
f 5215 5214 5213
f 5222 5223 5224
f 5221 5220 5219
f 5228 5229 5230
f 5227 5226 5225
f 5234 5235 5236
f 5233 5232 5231
f 5240 5241 5242
f 5239 5238 5237
f 5246 5247 5248
f 5245 5244 5243
f 5252 5253 5254
f 5251 5250 5249
f 5258 5259 5260
f 5257 5256 5255
f 5264 5265 5266
f 5263 5262 5261
f 5270 5271 5272
f 5269 5268 5267
f 5276 5277 5278
f 5275 5274 5273
f 5282 5283 5284
f 5281 5280 5279
f 5288 5289 5290
f 5287 5286 5285
f 5294 5295 5296
f 5293 5292 5291
f 5300 5301 5302
f 5299 5298 5297
f 5306 5307 5308
f 5305 5304 5303
f 5312 5313 5314
f 5311 5310 5309
f 5318 5319 5320
f 5317 5316 5315
f 5324 5325 5326
f 5323 5322 5321
f 5330 5331 5332
f 5329 5328 5327
f 5336 5337 5338
f 5335 5334 5333
f 5342 5343 5344
f 5341 5340 5339
f 5348 5349 5350
f 5347 5346 5345
f 5354 5355 5356
f 5353 5352 5351
f 5360 5361 5362
f 5359 5358 5357
f 5366 5367 5368
f 5365 5364 5363
f 5372 5373 5374
f 5371 5370 5369
f 5378 5379 5380
f 5377 5376 5375
f 5384 5385 5386
f 5383 5382 5381
f 5390 5391 5392
f 5389 5388 5387
f 5396 5397 5398
f 5395 5394 5393
f 5402 5403 5404
f 5401 5400 5399
f 5408 5409 5410
f 5407 5406 5405
f 5414 5415 5416
f 5413 5412 5411
f 5420 5421 5422
f 5419 5418 5417
f 5426 5427 5428
f 5425 5424 5423
f 5432 5433 5434
f 5431 5430 5429
f 5438 5439 5440
f 5437 5436 5435
f 5444 5445 5446
f 5443 5442 5441
f 5447 5448 5449 5450
f 5451 5452 5453 5454
f 5455 5456 5457 5458
f 5459 5460 5461 5462
f 5463 5464 5465 5466
f 5467 5468 5469 5470
f 5471 5472 5473 5474
f 5475 5476 5477 5478
f 5479 5480 5481 5482
f 5483 5484 5485 5486
f 5487 5488 5489 5490
f 5491 5492 5493 5494
f 5495 5496 5497 5498
f 5499 5500 5501 5502
f 5503 5504 5505 5506
f 5507 5508 5509 5510
f 5511 5512 5513 5514
f 5515 5516 5517 5518
f 5519 5520 5521 5522
f 5523 5524 5525 5526
f 5527 5528 5529 5530
f 5531 5532 5533 5534
f 5535 5536 5537 5538
f 5539 5540 5541 5542
f 5543 5544 5545 5546
f 5547 5548 5549 5550
f 5551 5552 5553 5554
f 5555 5556 5557 5558
f 5559 5560 5561 5562
f 5563 5564 5565 5566
f 5567 5568 5569 5570
f 5571 5572 5573 5574
f 5575 5576 5577 5578
f 5579 5580 5581 5582
f 5583 5584 5585 5586
f 5587 5588 5589 5590
f 5591 5592 5593 5594
f 5595 5596 5597 5598
f 5599 5600 5601 5602
f 5603 5604 5605 5606
f 5607 5608 5609 5610
f 5611 5612 5613 5614
f 5615 5616 5617 5618
f 5619 5620 5621 5622
f 5623 5624 5625 5626
f 5627 5628 5629 5630
f 5631 5632 5633 5634
f 5635 5636 5637 5638
f 5639 5640 5641 5642
f 5643 5644 5645 5646
f 5647 5648 5649 5650
f 5651 5652 5653 5654
f 5655 5656 5657 5658
f 5662 5663 5664
f 5661 5660 5659
f 5668 5669 5670
f 5667 5666 5665
f 5674 5675 5676
f 5673 5672 5671
f 5680 5681 5682
f 5679 5678 5677
f 5686 5687 5688
f 5685 5684 5683
f 5692 5693 5694
f 5691 5690 5689
f 5698 5699 5700
f 5697 5696 5695
f 5704 5705 5706
f 5703 5702 5701
f 5710 5711 5712
f 5709 5708 5707
f 5713 5714 5715 5716
f 5717 5718 5719 5720
f 5721 5722 5723 5724
f 5725 5726 5727 5728
f 5729 5730 5731 5732
f 5733 5734 5735 5736
f 5737 5738 5739 5740
f 5741 5742 5743 5744
f 5745 5746 5747 5748
f 5749 5750 5751 5752
f 5753 5754 5755 5756
f 5760 5761 5762
f 5759 5758 5757
f 5766 5767 5768
f 5765 5764 5763
f 5772 5773 5774
f 5771 5770 5769
f 5778 5779 5780
f 5777 5776 5775
f 5784 5785 5786
f 5783 5782 5781
f 5790 5791 5792
f 5789 5788 5787
f 5796 5797 5798
f 5795 5794 5793
f 5802 5803 5804
f 5801 5800 5799
f 5808 5809 5810
f 5807 5806 5805
f 5814 5815 5816
f 5813 5812 5811
f 5820 5821 5822
f 5819 5818 5817
f 5826 5827 5828
f 5825 5824 5823
f 5832 5833 5834
f 5831 5830 5829
f 5838 5839 5840
f 5837 5836 5835
f 5844 5845 5846
f 5843 5842 5841
f 5850 5851 5852
f 5849 5848 5847
f 5856 5857 5858
f 5855 5854 5853
f 5862 5863 5864
f 5861 5860 5859
f 5868 5869 5870
f 5867 5866 5865
f 5874 5875 5876
f 5873 5872 5871
f 5880 5881 5882
f 5879 5878 5877
f 5886 5887 5888
f 5885 5884 5883
f 5892 5893 5894
f 5891 5890 5889
f 5898 5899 5900
f 5897 5896 5895
f 5904 5905 5906
f 5903 5902 5901
f 5910 5911 5912
f 5909 5908 5907
f 5916 5917 5918
f 5915 5914 5913
f 5922 5923 5924
f 5921 5920 5919
f 5928 5929 5930
f 5927 5926 5925
f 5934 5935 5936
f 5933 5932 5931
f 5940 5941 5942
f 5939 5938 5937
f 5946 5947 5948
f 5945 5944 5943
f 5952 5953 5954
f 5951 5950 5949
f 5958 5959 5960
f 5957 5956 5955
f 5964 5965 5966
f 5963 5962 5961
f 5970 5971 5972
f 5969 5968 5967
f 5976 5977 5978
f 5975 5974 5973
f 5982 5983 5984
f 5981 5980 5979
f 5988 5989 5990
f 5987 5986 5985
f 5994 5995 5996
f 5993 5992 5991
f 6000 6001 6002
f 5999 5998 5997
f 6006 6007 6008
f 6005 6004 6003
f 6012 6013 6014
f 6011 6010 6009
f 6018 6019 6020
f 6017 6016 6015
f 6024 6025 6026
f 6023 6022 6021
f 6030 6031 6032
f 6029 6028 6027
f 6036 6037 6038
f 6035 6034 6033
f 6042 6043 6044
f 6041 6040 6039
f 6048 6049 6050
f 6047 6046 6045
f 6051 6052 6053 6054
f 6055 6056 6057 6058
f 6059 6060 6061 6062
f 6063 6064 6065 6066
f 6067 6068 6069 6070
f 6071 6072 6073 6074
f 6075 6076 6077 6078
f 6079 6080 6081 6082
f 6083 6084 6085 6086
f 6087 6088 6089 6090
f 6091 6092 6093 6094
f 6095 6096 6097 6098
f 6099 6100 6101 6102
f 6103 6104 6105 6106
f 6107 6108 6109 6110
f 6111 6112 6113 6114
f 6115 6116 6117 6118
f 6119 6120 6121 6122
f 6123 6124 6125 6126
f 6127 6128 6129 6130
f 6131 6132 6133 6134
f 6135 6136 6137 6138
f 6139 6140 6141 6142
f 6143 6144 6145 6146
f 6147 6148 6149 6150
f 6151 6152 6153 6154
f 6155 6156 6157 6158
f 6159 6160 6161 6162
f 6163 6164 6165 6166
f 6167 6168 6169 6170
f 6171 6172 6173 6174
f 6175 6176 6177 6178
f 6179 6180 6181 6182
f 6183 6184 6185 6186
f 6187 6188 6189 6190
f 6191 6192 6193 6194
f 6195 6196 6197 6198
f 6199 6200 6201 6202
f 6203 6204 6205 6206
f 6207 6208 6209 6210
f 6211 6212 6213 6214
f 6215 6216 6217 6218
f 6219 6220 6221 6222
f 6223 6224 6225 6226
f 6227 6228 6229 6230
f 6231 6232 6233 6234
f 6235 6236 6237 6238
f 6239 6240 6241 6242
f 6243 6244 6245 6246
f 6250 6251 6252
f 6249 6248 6247
f 6256 6257 6258
f 6255 6254 6253
f 6262 6263 6264
f 6261 6260 6259
f 6268 6269 6270
f 6267 6266 6265
f 6274 6275 6276
f 6273 6272 6271
f 6277 6278 6279 6280
f 6281 6282 6283 6284
f 6285 6286 6287 6288
f 6289 6290 6291 6292
f 6293 6294 6295 6296
f 6297 6298 6299 6300
f 6301 6302 6303 6304
f 6308 6309 6310
f 6307 6306 6305
f 6314 6315 6316
f 6313 6312 6311
f 6320 6321 6322
f 6319 6318 6317
f 6326 6327 6328
f 6325 6324 6323
f 6332 6333 6334
f 6331 6330 6329
f 6338 6339 6340
f 6337 6336 6335
f 6344 6345 6346
f 6343 6342 6341
f 6350 6351 6352
f 6349 6348 6347
f 6356 6357 6358
f 6355 6354 6353
f 6359 6360 6361 6362
f 6363 6364 6365 6366
f 6367 6368 6369 6370
f 6371 6372 6373 6374
f 6375 6376 6377 6378
f 6379 6380 6381 6382
f 6383 6384 6385 6386
f 6387 6388 6389 6390
f 6391 6392 6393 6394
f 6395 6396 6397 6398
f 6399 6400 6401 6402
f 6406 6407 6408
f 6405 6404 6403
f 6412 6413 6414
f 6411 6410 6409
f 6418 6419 6420
f 6417 6416 6415
f 6424 6425 6426
f 6423 6422 6421
f 6430 6431 6432
f 6429 6428 6427
f 6436 6437 6438
f 6435 6434 6433
f 6442 6443 6444
f 6441 6440 6439
f 6448 6449 6450
f 6447 6446 6445
f 6454 6455 6456
f 6453 6452 6451
f 6460 6461 6462
f 6459 6458 6457
f 6466 6467 6468
f 6465 6464 6463
f 6472 6473 6474
f 6471 6470 6469
f 6478 6479 6480
f 6477 6476 6475
f 6484 6485 6486
f 6483 6482 6481
f 6490 6491 6492
f 6489 6488 6487
f 6496 6497 6498
f 6495 6494 6493
f 6502 6503 6504
f 6501 6500 6499
f 6508 6509 6510
f 6507 6506 6505
f 6514 6515 6516
f 6513 6512 6511
f 6520 6521 6522
f 6519 6518 6517
f 6526 6527 6528
f 6525 6524 6523
f 6532 6533 6534
f 6531 6530 6529
f 6538 6539 6540
f 6537 6536 6535
f 6544 6545 6546
f 6543 6542 6541
f 6550 6551 6552
f 6549 6548 6547
f 6556 6557 6558
f 6555 6554 6553
f 6562 6563 6564
f 6561 6560 6559
f 6568 6569 6570
f 6567 6566 6565
f 6574 6575 6576
f 6573 6572 6571
f 6580 6581 6582
f 6579 6578 6577
f 6586 6587 6588
f 6585 6584 6583
f 6592 6593 6594
f 6591 6590 6589
f 6598 6599 6600
f 6597 6596 6595
f 6604 6605 6606
f 6603 6602 6601
f 6610 6611 6612
f 6609 6608 6607
f 6616 6617 6618
f 6615 6614 6613
f 6622 6623 6624
f 6621 6620 6619
f 6628 6629 6630
f 6627 6626 6625
f 6634 6635 6636
f 6633 6632 6631
f 6640 6641 6642
f 6639 6638 6637
f 6646 6647 6648
f 6645 6644 6643
f 6652 6653 6654
f 6651 6650 6649
f 6658 6659 6660
f 6657 6656 6655
f 6664 6665 6666
f 6663 6662 6661
f 6670 6671 6672
f 6669 6668 6667
f 6676 6677 6678
f 6675 6674 6673
f 6682 6683 6684
f 6681 6680 6679
f 6688 6689 6690
f 6687 6686 6685
f 6694 6695 6696
f 6693 6692 6691
f 6697 6698 6699 6700
f 6701 6702 6703 6704
f 6705 6706 6707 6708
f 6709 6710 6711 6712
f 6713 6714 6715 6716
f 6717 6718 6719 6720
f 6721 6722 6723 6724
f 6725 6726 6727 6728
f 6729 6730 6731 6732
f 6733 6734 6735 6736
f 6737 6738 6739 6740
f 6741 6742 6743 6744
f 6745 6746 6747 6748
f 6749 6750 6751 6752
f 6753 6754 6755 6756
f 6757 6758 6759 6760
f 6761 6762 6763 6764
f 6765 6766 6767 6768
f 6769 6770 6771 6772
f 6773 6774 6775 6776
f 6777 6778 6779 6780
f 6781 6782 6783 6784
f 6785 6786 6787 6788
f 6789 6790 6791 6792
f 6793 6794 6795 6796
f 6797 6798 6799 6800
f 6801 6802 6803 6804
f 6805 6806 6807 6808
f 6809 6810 6811 6812
f 6813 6814 6815 6816
f 6817 6818 6819 6820
f 6821 6822 6823 6824
f 6825 6826 6827 6828
f 6829 6830 6831 6832
f 6833 6834 6835 6836
f 6837 6838 6839 6840
f 6841 6842 6843 6844
f 6845 6846 6847 6848
f 6849 6850 6851 6852
f 6853 6854 6855 6856
f 6857 6858 6859 6860
f 6861 6862 6863 6864
f 6865 6866 6867 6868
f 6869 6870 6871 6872
f 6873 6874 6875 6876
f 6877 6878 6879 6880
f 6881 6882 6883 6884
f 6885 6886 6887 6888
f 6889 6890 6891 6892
f 6896 6897 6898
f 6895 6894 6893
f 6902 6903 6904
f 6901 6900 6899
f 6908 6909 6910
f 6907 6906 6905
f 6914 6915 6916
f 6913 6912 6911
f 6920 6921 6922
f 6919 6918 6917
f 6926 6927 6928
f 6925 6924 6923
f 6932 6933 6934
f 6931 6930 6929
f 6938 6939 6940
f 6937 6936 6935
f 6944 6945 6946
f 6943 6942 6941
f 6950 6951 6952
f 6949 6948 6947
f 6956 6957 6958
f 6955 6954 6953
f 6962 6963 6964
f 6961 6960 6959
f 6968 6969 6970
f 6967 6966 6965
f 6974 6975 6976
f 6973 6972 6971
f 6980 6981 6982
f 6979 6978 6977
f 6986 6987 6988
f 6985 6984 6983
f 6992 6993 6994
f 6991 6990 6989
f 6998 6999 7000
f 6997 6996 6995
f 7004 7005 7006
f 7003 7002 7001
f 7010 7011 7012
f 7009 7008 7007
f 7016 7017 7018
f 7015 7014 7013
f 7022 7023 7024
f 7021 7020 7019
f 7028 7029 7030
f 7027 7026 7025
f 7034 7035 7036
f 7033 7032 7031
f 7040 7041 7042
f 7039 7038 7037
f 7046 7047 7048
f 7045 7044 7043
f 7052 7053 7054
f 7051 7050 7049
f 7058 7059 7060
f 7057 7056 7055
f 7064 7065 7066
f 7063 7062 7061
f 7070 7071 7072
f 7069 7068 7067
f 7076 7077 7078
f 7075 7074 7073
f 7082 7083 7084
f 7081 7080 7079
f 7088 7089 7090
f 7087 7086 7085
f 7094 7095 7096
f 7093 7092 7091
f 7100 7101 7102
f 7099 7098 7097
f 7106 7107 7108
f 7105 7104 7103
f 7112 7113 7114
f 7111 7110 7109
f 7118 7119 7120
f 7117 7116 7115
f 7124 7125 7126
f 7123 7122 7121
f 7130 7131 7132
f 7129 7128 7127
f 7136 7137 7138
f 7135 7134 7133
f 7142 7143 7144
f 7141 7140 7139
f 7148 7149 7150
f 7147 7146 7145
f 7154 7155 7156
f 7153 7152 7151
f 7160 7161 7162
f 7159 7158 7157
f 7166 7167 7168
f 7165 7164 7163
f 7172 7173 7174
f 7171 7170 7169
f 7178 7179 7180
f 7177 7176 7175
f 7184 7185 7186
f 7183 7182 7181
f 7190 7191 7192
f 7189 7188 7187
f 7196 7197 7198
f 7195 7194 7193
f 7202 7203 7204
f 7201 7200 7199
f 7208 7209 7210
f 7207 7206 7205
f 7214 7215 7216
f 7213 7212 7211
f 7220 7221 7222
f 7219 7218 7217
f 7226 7227 7228
f 7225 7224 7223
f 7232 7233 7234
f 7231 7230 7229
f 7238 7239 7240
f 7237 7236 7235
f 7244 7245 7246
f 7243 7242 7241
f 7250 7251 7252
f 7249 7248 7247
f 7256 7257 7258
f 7255 7254 7253
f 7262 7263 7264
f 7261 7260 7259
f 7268 7269 7270
f 7267 7266 7265
f 7274 7275 7276
f 7273 7272 7271
f 7280 7281 7282
f 7279 7278 7277
f 7286 7287 7288
f 7285 7284 7283
f 7289 7290 7291 7292
f 7293 7294 7295 7296
f 7297 7298 7299 7300
f 7301 7302 7303 7304
f 7305 7306 7307 7308
f 7309 7310 7311 7312
f 7313 7314 7315 7316
f 7317 7318 7319 7320
f 7321 7322 7323 7324
f 7325 7326 7327 7328
f 7329 7330 7331 7332
f 7333 7334 7335 7336
f 7337 7338 7339 7340
f 7341 7342 7343 7344
f 7345 7346 7347 7348
f 7349 7350 7351 7352
f 7353 7354 7355 7356
f 7357 7358 7359 7360
f 7361 7362 7363 7364
f 7365 7366 7367 7368
f 7369 7370 7371 7372
f 7373 7374 7375 7376
f 7377 7378 7379 7380
f 7381 7382 7383 7384
f 7385 7386 7387 7388
f 7389 7390 7391 7392
f 7393 7394 7395 7396
f 7397 7398 7399 7400
f 7401 7402 7403 7404
f 7405 7406 7407 7408
f 7409 7410 7411 7412
f 7413 7414 7415 7416
f 7417 7418 7419 7420
f 7421 7422 7423 7424
f 7425 7426 7427 7428
f 7429 7430 7431 7432
f 7433 7434 7435 7436
f 7437 7438 7439 7440
f 7441 7442 7443 7444
f 7445 7446 7447 7448
f 7449 7450 7451 7452
f 7453 7454 7455 7456
f 7457 7458 7459 7460
f 7461 7462 7463 7464
f 7465 7466 7467 7468
f 7469 7470 7471 7472
f 7473 7474 7475 7476
f 7477 7478 7479 7480
f 7481 7482 7483 7484
f 7485 7486 7487 7488
f 7489 7490 7491 7492
f 7493 7494 7495 7496
f 7497 7498 7499 7500
f 7501 7502 7503 7504
f 7505 7506 7507 7508
f 7509 7510 7511 7512
f 7513 7514 7515 7516
f 7517 7518 7519 7520
f 7521 7522 7523 7524
f 7525 7526 7527 7528
f 7529 7530 7531 7532
f 7533 7534 7535 7536
f 7537 7538 7539 7540
f 7541 7542 7543 7544
f 7548 7549 7550
f 7547 7546 7545
f 7554 7555 7556
f 7553 7552 7551
f 7560 7561 7562
f 7559 7558 7557
f 7566 7567 7568
f 7565 7564 7563
f 7572 7573 7574
f 7571 7570 7569
f 7578 7579 7580
f 7577 7576 7575
f 7584 7585 7586
f 7583 7582 7581
f 7590 7591 7592
f 7589 7588 7587
f 7596 7597 7598
f 7595 7594 7593
f 7599 7600 7601 7602
f 7603 7604 7605 7606
f 7607 7608 7609 7610
f 7611 7612 7613 7614
f 7615 7616 7617 7618
f 7619 7620 7621 7622
f 7623 7624 7625 7626
f 7627 7628 7629 7630
f 7631 7632 7633 7634
f 7635 7636 7637 7638
f 7639 7640 7641 7642
f 7646 7647 7648
f 7645 7644 7643
f 7652 7653 7654
f 7651 7650 7649
f 7658 7659 7660
f 7657 7656 7655
f 7664 7665 7666
f 7663 7662 7661
f 7670 7671 7672
f 7669 7668 7667
f 7676 7677 7678
f 7675 7674 7673
f 7682 7683 7684
f 7681 7680 7679
f 7688 7689 7690
f 7687 7686 7685
f 7694 7695 7696
f 7693 7692 7691
f 7697 7698 7699 7700
f 7701 7702 7703 7704
f 7705 7706 7707 7708
f 7709 7710 7711 7712
f 7713 7714 7715 7716
f 7717 7718 7719 7720
f 7721 7722 7723 7724
f 7725 7726 7727 7728
f 7729 7730 7731 7732
f 7733 7734 7735 7736
f 7737 7738 7739 7740
f 7744 7745 7746
f 7743 7742 7741
f 7750 7751 7752
f 7749 7748 7747
f 7756 7757 7758
f 7755 7754 7753
f 7762 7763 7764
f 7761 7760 7759
f 7768 7769 7770
f 7767 7766 7765
f 7774 7775 7776
f 7773 7772 7771
f 7780 7781 7782
f 7779 7778 7777
f 7786 7787 7788
f 7785 7784 7783
f 7792 7793 7794
f 7791 7790 7789
f 7795 7796 7797 7798
f 7799 7800 7801 7802
f 7803 7804 7805 7806
f 7807 7808 7809 7810
f 7811 7812 7813 7814
f 7815 7816 7817 7818
f 7819 7820 7821 7822
f 7823 7824 7825 7826
f 7827 7828 7829 7830
f 7831 7832 7833 7834
f 7835 7836 7837 7838
f 7842 7843 7844
f 7841 7840 7839
f 7848 7849 7850
f 7847 7846 7845
f 7854 7855 7856
f 7853 7852 7851
f 7860 7861 7862
f 7859 7858 7857
f 7866 7867 7868
f 7865 7864 7863
f 7872 7873 7874
f 7871 7870 7869
f 7878 7879 7880
f 7877 7876 7875
f 7884 7885 7886
f 7883 7882 7881
f 7890 7891 7892
f 7889 7888 7887
f 7896 7897 7898
f 7895 7894 7893
f 7902 7903 7904
f 7901 7900 7899
f 7908 7909 7910
f 7907 7906 7905
f 7914 7915 7916
f 7913 7912 7911
f 7920 7921 7922
f 7919 7918 7917
f 7923 7924 7925 7926
f 7927 7928 7929 7930
f 7931 7932 7933 7934
f 7935 7936 7937 7938
f 7939 7940 7941 7942
f 7943 7944 7945 7946
f 7947 7948 7949 7950
f 7951 7952 7953 7954
f 7955 7956 7957 7958
f 7959 7960 7961 7962
f 7963 7964 7965 7966
f 7967 7968 7969 7970
f 7971 7972 7973 7974
f 7975 7976 7977 7978
f 7982 7983 7984
f 7981 7980 7979
f 7988 7989 7990
f 7987 7986 7985
f 7994 7995 7996
f 7993 7992 7991
f 8000 8001 8002
f 7999 7998 7997
f 8006 8007 8008
f 8005 8004 8003
f 8012 8013 8014
f 8011 8010 8009
f 8018 8019 8020
f 8017 8016 8015
f 8024 8025 8026
f 8023 8022 8021
f 8030 8031 8032
f 8029 8028 8027
f 8036 8037 8038
f 8035 8034 8033
f 8042 8043 8044
f 8041 8040 8039
f 8048 8049 8050
f 8047 8046 8045
f 8054 8055 8056
f 8053 8052 8051
f 8060 8061 8062
f 8059 8058 8057
f 8066 8067 8068
f 8065 8064 8063
f 8072 8073 8074
f 8071 8070 8069
f 8078 8079 8080
f 8077 8076 8075
f 8084 8085 8086
f 8083 8082 8081
f 8090 8091 8092
f 8089 8088 8087
f 8096 8097 8098
f 8095 8094 8093
f 8102 8103 8104
f 8101 8100 8099
f 8108 8109 8110
f 8107 8106 8105
f 8114 8115 8116
f 8113 8112 8111
f 8120 8121 8122
f 8119 8118 8117
f 8126 8127 8128
f 8125 8124 8123
f 8132 8133 8134
f 8131 8130 8129
f 8138 8139 8140
f 8137 8136 8135
f 8144 8145 8146
f 8143 8142 8141
f 8150 8151 8152
f 8149 8148 8147
f 8156 8157 8158
f 8155 8154 8153
f 8162 8163 8164
f 8161 8160 8159
f 8168 8169 8170
f 8167 8166 8165
f 8174 8175 8176
f 8173 8172 8171
f 8180 8181 8182
f 8179 8178 8177
f 8186 8187 8188
f 8185 8184 8183
f 8192 8193 8194
f 8191 8190 8189
f 8198 8199 8200
f 8197 8196 8195
f 8204 8205 8206
f 8203 8202 8201
f 8210 8211 8212
f 8209 8208 8207
f 8216 8217 8218
f 8215 8214 8213
f 8222 8223 8224
f 8221 8220 8219
f 8228 8229 8230
f 8227 8226 8225
f 8234 8235 8236
f 8233 8232 8231
f 8240 8241 8242
f 8239 8238 8237
f 8246 8247 8248
f 8245 8244 8243
f 8252 8253 8254
f 8251 8250 8249
f 8258 8259 8260
f 8257 8256 8255
f 8264 8265 8266
f 8263 8262 8261
f 8270 8271 8272
f 8269 8268 8267
f 8273 8274 8275 8276
f 8277 8278 8279 8280
f 8281 8282 8283 8284
f 8285 8286 8287 8288
f 8289 8290 8291 8292
f 8293 8294 8295 8296
f 8297 8298 8299 8300
f 8301 8302 8303 8304
f 8305 8306 8307 8308
f 8309 8310 8311 8312
f 8313 8314 8315 8316
f 8317 8318 8319 8320
f 8321 8322 8323 8324
f 8325 8326 8327 8328
f 8329 8330 8331 8332
f 8333 8334 8335 8336
f 8337 8338 8339 8340
f 8341 8342 8343 8344
f 8345 8346 8347 8348
f 8349 8350 8351 8352
f 8353 8354 8355 8356
f 8357 8358 8359 8360
f 8361 8362 8363 8364
f 8365 8366 8367 8368
f 8369 8370 8371 8372
f 8373 8374 8375 8376
f 8377 8378 8379 8380
f 8381 8382 8383 8384
f 8385 8386 8387 8388
f 8389 8390 8391 8392
f 8393 8394 8395 8396
f 8397 8398 8399 8400
f 8401 8402 8403 8404
f 8405 8406 8407 8408
f 8409 8410 8411 8412
f 8413 8414 8415 8416
f 8417 8418 8419 8420
f 8421 8422 8423 8424
f 8425 8426 8427 8428
f 8429 8430 8431 8432
f 8433 8434 8435 8436
f 8437 8438 8439 8440
f 8441 8442 8443 8444
f 8445 8446 8447 8448
f 8449 8450 8451 8452
f 8453 8454 8455 8456
f 8457 8458 8459 8460
f 8461 8462 8463 8464
f 8465 8466 8467 8468
f 8472 8473 8474
f 8471 8470 8469
f 8478 8479 8480
f 8477 8476 8475
f 8484 8485 8486
f 8483 8482 8481
f 8490 8491 8492
f 8489 8488 8487
f 8496 8497 8498
f 8495 8494 8493
f 8502 8503 8504
f 8501 8500 8499
f 8508 8509 8510
f 8507 8506 8505
f 8514 8515 8516
f 8513 8512 8511
f 8520 8521 8522
f 8519 8518 8517
f 8523 8524 8525 8526
f 8527 8528 8529 8530
f 8531 8532 8533 8534
f 8535 8536 8537 8538
f 8539 8540 8541 8542
f 8543 8544 8545 8546
f 8547 8548 8549 8550
f 8551 8552 8553 8554
f 8555 8556 8557 8558
f 8559 8560 8561 8562
f 8563 8564 8565 8566
f 8570 8571 8572
f 8569 8568 8567
f 8576 8577 8578
f 8575 8574 8573
f 8582 8583 8584
f 8581 8580 8579
f 8588 8589 8590
f 8587 8586 8585
f 8594 8595 8596
f 8593 8592 8591
f 8600 8601 8602
f 8599 8598 8597
f 8606 8607 8608
f 8605 8604 8603
f 8612 8613 8614
f 8611 8610 8609
f 8618 8619 8620
f 8617 8616 8615
f 8624 8625 8626
f 8623 8622 8621
f 8630 8631 8632
f 8629 8628 8627
f 8636 8637 8638
f 8635 8634 8633
f 8642 8643 8644
f 8641 8640 8639
f 8648 8649 8650
f 8647 8646 8645
f 8654 8655 8656
f 8653 8652 8651
f 8660 8661 8662
f 8659 8658 8657
f 8666 8667 8668
f 8665 8664 8663
f 8672 8673 8674
f 8671 8670 8669
f 8678 8679 8680
f 8677 8676 8675
f 8684 8685 8686
f 8683 8682 8681
f 8690 8691 8692
f 8689 8688 8687
f 8696 8697 8698
f 8695 8694 8693
f 8702 8703 8704
f 8701 8700 8699
f 8708 8709 8710
f 8707 8706 8705
f 8714 8715 8716
f 8713 8712 8711
f 8720 8721 8722
f 8719 8718 8717
f 8726 8727 8728
f 8725 8724 8723
f 8732 8733 8734
f 8731 8730 8729
f 8738 8739 8740
f 8737 8736 8735
f 8741 8742 8743 8744
f 8745 8746 8747 8748
f 8749 8750 8751 8752
f 8753 8754 8755 8756
f 8757 8758 8759 8760
f 8761 8762 8763 8764
f 8765 8766 8767 8768
f 8769 8770 8771 8772
f 8773 8774 8775 8776
f 8777 8778 8779 8780
f 8781 8782 8783 8784
f 8785 8786 8787 8788
f 8789 8790 8791 8792
f 8793 8794 8795 8796
f 8797 8798 8799 8800
f 8801 8802 8803 8804
f 8805 8806 8807 8808
f 8809 8810 8811 8812
f 8813 8814 8815 8816
f 8817 8818 8819 8820
f 8821 8822 8823 8824
f 8825 8826 8827 8828
f 8829 8830 8831 8832
f 8833 8834 8835 8836
f 8837 8838 8839 8840
f 8841 8842 8843 8844
f 8845 8846 8847 8848
f 8849 8850 8851 8852
f 8853 8854 8855 8856
f 8857 8858 8859 8860
f 8861 8862 8863 8864
f 8868 8869 8870
f 8867 8866 8865
f 8874 8875 8876
f 8873 8872 8871
f 8880 8881 8882
f 8879 8878 8877
f 8886 8887 8888
f 8885 8884 8883
f 8892 8893 8894
f 8891 8890 8889
f 8898 8899 8900
f 8897 8896 8895
f 8904 8905 8906
f 8903 8902 8901
f 8910 8911 8912
f 8909 8908 8907
f 8916 8917 8918
f 8915 8914 8913
f 8922 8923 8924
f 8921 8920 8919
f 8928 8929 8930
f 8927 8926 8925
f 8934 8935 8936
f 8933 8932 8931
f 8940 8941 8942
f 8939 8938 8937
f 8946 8947 8948
f 8945 8944 8943
f 8952 8953 8954
f 8951 8950 8949
f 8958 8959 8960
f 8957 8956 8955
f 8964 8965 8966
f 8963 8962 8961
f 8970 8971 8972
f 8969 8968 8967
f 8976 8977 8978
f 8975 8974 8973
f 8982 8983 8984
f 8981 8980 8979
f 8988 8989 8990
f 8987 8986 8985
f 8994 8995 8996
f 8993 8992 8991
f 9000 9001 9002
f 8999 8998 8997
f 9006 9007 9008
f 9005 9004 9003
f 9012 9013 9014
f 9011 9010 9009
f 9018 9019 9020
f 9017 9016 9015
f 9024 9025 9026
f 9023 9022 9021
f 9030 9031 9032
f 9029 9028 9027
f 9036 9037 9038
f 9035 9034 9033
f 9042 9043 9044
f 9041 9040 9039
f 9048 9049 9050
f 9047 9046 9045
f 9054 9055 9056
f 9053 9052 9051
f 9060 9061 9062
f 9059 9058 9057
f 9066 9067 9068
f 9065 9064 9063
f 9072 9073 9074
f 9071 9070 9069
f 9078 9079 9080
f 9077 9076 9075
f 9081 9082 9083 9084
f 9085 9086 9087 9088
f 9089 9090 9091 9092
f 9093 9094 9095 9096
f 9097 9098 9099 9100
f 9101 9102 9103 9104
f 9105 9106 9107 9108
f 9109 9110 9111 9112
f 9113 9114 9115 9116
f 9117 9118 9119 9120
f 9121 9122 9123 9124
f 9125 9126 9127 9128
f 9129 9130 9131 9132
f 9133 9134 9135 9136
f 9137 9138 9139 9140
f 9141 9142 9143 9144
f 9145 9146 9147 9148
f 9149 9150 9151 9152
f 9153 9154 9155 9156
f 9157 9158 9159 9160
f 9161 9162 9163 9164
f 9165 9166 9167 9168
f 9169 9170 9171 9172
f 9173 9174 9175 9176
f 9177 9178 9179 9180
f 9181 9182 9183 9184
f 9185 9186 9187 9188
f 9189 9190 9191 9192
f 9193 9194 9195 9196
f 9197 9198 9199 9200
f 9201 9202 9203 9204
f 9205 9206 9207 9208
f 9209 9210 9211 9212
f 9213 9214 9215 9216
f 9217 9218 9219 9220
f 9221 9222 9223 9224
f 9225 9226 9227 9228
f 9229 9230 9231 9232
