# Blender 5.2.0 LTS
# www.blender.org
mtllib Dart.mtl
o green_barrel
v 1.988553 -0.005002 -0.149151
v 1.988595 0.033821 -0.144040
v 1.988634 0.069998 -0.129055
v 1.988666 0.101064 -0.105217
v 1.988692 0.124902 -0.074151
v 1.988708 0.139886 -0.037974
v 1.988714 0.144998 0.000849
v 1.988708 0.139886 0.039672
v 1.988692 0.124902 0.075849
v 1.988666 0.101064 0.106915
v 1.988634 0.069998 0.130753
v 1.988595 0.033821 0.145738
v 1.988553 -0.005002 0.150849
v 1.988511 -0.043825 0.145738
v 1.988473 -0.080002 0.130753
v 1.988440 -0.111069 0.106915
v 1.988414 -0.134906 0.075849
v 1.988398 -0.149890 0.039672
v 1.988392 -0.155002 0.000849
v 1.988398 -0.149890 -0.037974
v 1.988414 -0.134906 -0.074151
v 1.988440 -0.111069 -0.105217
v 1.988473 -0.080002 -0.129055
v 1.988511 -0.043825 -0.144040
v 1.988553 -0.005002 -0.149151
v 0.488554 -0.003397 -0.149151
v 0.488595 0.035426 -0.144040
v 0.488634 0.071603 -0.129055
v 0.488668 0.102669 -0.105217
v 0.488693 0.126506 -0.074151
v 0.488709 0.141492 -0.037974
v 0.488714 0.146602 0.000849
v 0.488709 0.141492 0.039672
v 0.488693 0.126506 0.075849
v 0.488668 0.102669 0.106915
v 0.488634 0.071603 0.130753
v 0.488595 0.035426 0.145738
v 0.488554 -0.003397 0.150849
v 0.488513 -0.042220 0.145738
v 0.488474 -0.078397 0.130753
v 0.488440 -0.109463 0.106915
v 0.488415 -0.133301 0.075849
v 0.488400 -0.148286 0.039672
v 0.488394 -0.153397 0.000849
v 0.488400 -0.148286 -0.037974
v 0.488415 -0.133301 -0.074151
v 0.488440 -0.109463 -0.105217
v 0.488474 -0.078397 -0.129055
v 0.488513 -0.042220 -0.144040
v 0.488554 -0.003397 -0.149151
v 1.988553 -0.005002 0.000849
v 1.988553 -0.005002 0.000849
v 1.988553 -0.005002 0.000849
v 1.988553 -0.005002 0.000849
v 1.988553 -0.005002 0.000849
v 1.988553 -0.005002 0.000849
v 1.988553 -0.005002 0.000849
v 1.988553 -0.005002 0.000849
v 1.988553 -0.005002 0.000849
v 1.988553 -0.005002 0.000849
v 1.988553 -0.005002 0.000849
v 1.988553 -0.005002 0.000849
v 1.988553 -0.005002 0.000849
v 1.988553 -0.005002 0.000849
v 1.988553 -0.005002 0.000849
v 1.988553 -0.005002 0.000849
v 1.988553 -0.005002 0.000849
v 1.988553 -0.005002 0.000849
v 1.988553 -0.005002 0.000849
v 1.988553 -0.005002 0.000849
v 1.988553 -0.005002 0.000849
v 1.988553 -0.005002 0.000849
v 1.988553 -0.005002 0.000849
v 1.988553 -0.005002 0.000849
v 1.988553 -0.005002 -0.149151
v 1.988595 0.033821 -0.144040
v 1.988634 0.069998 -0.129055
v 1.988666 0.101064 -0.105217
v 1.988692 0.124902 -0.074151
v 1.988708 0.139886 -0.037974
v 1.988714 0.144998 0.000849
v 1.988708 0.139886 0.039672
v 1.988692 0.124902 0.075849
v 1.988666 0.101064 0.106915
v 1.988634 0.069998 0.130753
v 1.988595 0.033821 0.145738
v 1.988553 -0.005002 0.150849
v 1.988511 -0.043825 0.145738
v 1.988473 -0.080002 0.130753
v 1.988440 -0.111069 0.106915
v 1.988414 -0.134906 0.075849
v 1.988398 -0.149890 0.039672
v 1.988392 -0.155002 0.000849
v 1.988398 -0.149890 -0.037974
v 1.988414 -0.134906 -0.074151
v 1.988440 -0.111069 -0.105217
v 1.988473 -0.080002 -0.129055
v 1.988511 -0.043825 -0.144040
v 1.988553 -0.005002 -0.149151
v 0.488554 -0.003397 0.000849
v 0.488554 -0.003397 0.000849
v 0.488554 -0.003397 0.000849
v 0.488554 -0.003397 0.000849
v 0.488554 -0.003397 0.000849
v 0.488554 -0.003397 0.000849
v 0.488554 -0.003397 0.000849
v 0.488554 -0.003397 0.000849
v 0.488554 -0.003397 0.000849
v 0.488554 -0.003397 0.000849
v 0.488554 -0.003397 0.000849
v 0.488554 -0.003397 0.000849
v 0.488554 -0.003397 0.000849
v 0.488554 -0.003397 0.000849
v 0.488554 -0.003397 0.000849
v 0.488554 -0.003397 0.000849
v 0.488554 -0.003397 0.000849
v 0.488554 -0.003397 0.000849
v 0.488554 -0.003397 0.000849
v 0.488554 -0.003397 0.000849
v 0.488554 -0.003397 0.000849
v 0.488554 -0.003397 0.000849
v 0.488554 -0.003397 0.000849
v 0.488554 -0.003397 0.000849
v 0.488554 -0.003397 -0.149151
v 0.488595 0.035426 -0.144040
v 0.488634 0.071603 -0.129055
v 0.488668 0.102669 -0.105217
v 0.488693 0.126506 -0.074151
v 0.488709 0.141492 -0.037974
v 0.488714 0.146602 0.000849
v 0.488709 0.141492 0.039672
v 0.488693 0.126506 0.075849
v 0.488668 0.102669 0.106915
v 0.488634 0.071603 0.130753
v 0.488595 0.035426 0.145738
v 0.488554 -0.003397 0.150849
v 0.488513 -0.042220 0.145738
v 0.488474 -0.078397 0.130753
v 0.488440 -0.109463 0.106915
v 0.488415 -0.133301 0.075849
v 0.488400 -0.148286 0.039672
v 0.488394 -0.153397 0.000849
v 0.488400 -0.148286 -0.037974
v 0.488415 -0.133301 -0.074151
v 0.488440 -0.109463 -0.105217
v 0.488474 -0.078397 -0.129055
v 0.488513 -0.042220 -0.144040
v 0.488554 -0.003397 -0.149151
vn -0.0000 -0.0000 -1.0000
vn 0.0003 0.2588 -0.9659
vn 0.0005 0.5000 -0.8660
vn 0.0008 0.7071 -0.7071
vn 0.0009 0.8660 -0.5000
vn 0.0010 0.9659 -0.2588
vn 0.0011 1.0000 -0.0000
vn 0.0010 0.9659 0.2588
vn 0.0009 0.8660 0.5000
vn 0.0008 0.7071 0.7071
vn 0.0005 0.5000 0.8660
vn 0.0003 0.2588 0.9659
vn -0.0000 -0.0000 1.0000
vn -0.0003 -0.2588 0.9659
vn -0.0005 -0.5000 0.8660
vn -0.0008 -0.7071 0.7071
vn -0.0009 -0.8660 0.5000
vn -0.0010 -0.9659 0.2588
vn -0.0011 -1.0000 -0.0000
vn -0.0010 -0.9659 -0.2588
vn -0.0009 -0.8660 -0.5000
vn -0.0008 -0.7071 -0.7071
vn -0.0005 -0.5000 -0.8660
vn -0.0003 -0.2588 -0.9659
vn 1.0000 -0.0011 -0.0000
vn -1.0000 0.0011 -0.0000
vt 0.000000 1.000000
vt 0.000000 0.000000
vt 0.041667 1.000000
vt 0.041667 0.000000
vt 0.083333 1.000000
vt 0.083333 0.000000
vt 0.125000 1.000000
vt 0.125000 0.000000
vt 0.166667 1.000000
vt 0.166667 0.000000
vt 0.208333 1.000000
vt 0.208333 0.000000
vt 0.250000 1.000000
vt 0.250000 0.000000
vt 0.291667 1.000000
vt 0.291667 0.000000
vt 0.333333 1.000000
vt 0.333333 0.000000
vt 0.375000 1.000000
vt 0.375000 0.000000
vt 0.416667 1.000000
vt 0.416667 0.000000
vt 0.458333 1.000000
vt 0.458333 0.000000
vt 0.500000 1.000000
vt 0.500000 0.000000
vt 0.541667 1.000000
vt 0.541667 0.000000
vt 0.583333 1.000000
vt 0.583333 0.000000
vt 0.625000 1.000000
vt 0.625000 0.000000
vt 0.666667 1.000000
vt 0.666667 0.000000
vt 0.708333 1.000000
vt 0.708333 0.000000
vt 0.750000 1.000000
vt 0.750000 0.000000
vt 0.791667 1.000000
vt 0.791667 0.000000
vt 0.833333 1.000000
vt 0.833333 0.000000
vt 0.875000 1.000000
vt 0.875000 0.000000
vt 0.916667 1.000000
vt 0.916667 0.000000
vt 0.958333 1.000000
vt 0.958333 0.000000
vt 1.000000 1.000000
vt 1.000000 0.000000
vt 1.000000 0.500000
vt 0.982963 0.629410
vt 0.500000 0.500000
vt 0.933013 0.750000
vt 0.853553 0.853553
vt 0.750000 0.933013
vt 0.629410 0.982963
vt 0.370590 0.982963
vt 0.250000 0.933013
vt 0.146447 0.853553
vt 0.066987 0.750000
vt 0.017037 0.629410
vt 0.000000 0.500000
vt 0.017037 0.370590
vt 0.066987 0.250000
vt 0.146447 0.146447
vt 0.250000 0.066987
vt 0.370590 0.017037
vt 0.629410 0.017037
vt 0.750000 0.066987
vt 0.853553 0.146447
vt 0.933013 0.250000
vt 0.982963 0.370590
s 1
usemtl brass
f 1/1/1 26/2/1 2/3/2
f 26/2/1 27/4/2 2/3/2
f 2/3/2 27/4/2 3/5/3
f 27/4/2 28/6/3 3/5/3
f 3/5/3 28/6/3 4/7/4
f 28/6/3 29/8/4 4/7/4
f 4/7/4 29/8/4 5/9/5
f 29/8/4 30/10/5 5/9/5
f 5/9/5 30/10/5 6/11/6
f 30/10/5 31/12/6 6/11/6
f 6/11/6 31/12/6 7/13/7
f 31/12/6 32/14/7 7/13/7
f 7/13/7 32/14/7 8/15/8
f 32/14/7 33/16/8 8/15/8
f 8/15/8 33/16/8 9/17/9
f 33/16/8 34/18/9 9/17/9
f 9/17/9 34/18/9 10/19/10
f 34/18/9 35/20/10 10/19/10
f 10/19/10 35/20/10 11/21/11
f 35/20/10 36/22/11 11/21/11
f 11/21/11 36/22/11 12/23/12
f 36/22/11 37/24/12 12/23/12
f 12/23/12 37/24/12 13/25/13
f 37/24/12 38/26/13 13/25/13
f 13/25/13 38/26/13 14/27/14
f 38/26/13 39/28/14 14/27/14
f 14/27/14 39/28/14 15/29/15
f 39/28/14 40/30/15 15/29/15
f 15/29/15 40/30/15 16/31/16
f 40/30/15 41/32/16 16/31/16
f 16/31/16 41/32/16 17/33/17
f 41/32/16 42/34/17 17/33/17
f 17/33/17 42/34/17 18/35/18
f 42/34/17 43/36/18 18/35/18
f 18/35/18 43/36/18 19/37/19
f 43/36/18 44/38/19 19/37/19
f 19/37/19 44/38/19 20/39/20
f 44/38/19 45/40/20 20/39/20
f 20/39/20 45/40/20 21/41/21
f 45/40/20 46/42/21 21/41/21
f 21/41/21 46/42/21 22/43/22
f 46/42/21 47/44/22 22/43/22
f 22/43/22 47/44/22 23/45/23
f 47/44/22 48/46/23 23/45/23
f 23/45/23 48/46/23 24/47/24
f 48/46/23 49/48/24 24/47/24
f 24/47/24 49/48/24 25/49/1
f 49/48/24 50/50/1 25/49/1
f 75/51/25 76/52/25 51/53/25
f 76/52/25 77/54/25 52/53/25
f 77/54/25 78/55/25 53/53/25
f 78/55/25 79/56/25 54/53/25
f 79/56/25 80/57/25 55/53/25
f 80/57/25 81/25/25 56/53/25
f 81/25/25 82/58/25 57/53/25
f 82/58/25 83/59/25 58/53/25
f 83/59/25 84/60/25 59/53/25
f 84/60/25 85/61/25 60/53/25
f 85/61/25 86/62/25 61/53/25
f 86/62/25 87/63/25 62/53/25
f 87/63/25 88/64/25 63/53/25
f 88/64/25 89/65/25 64/53/25
f 89/65/25 90/66/25 65/53/25
f 90/66/25 91/67/25 66/53/25
f 91/67/25 92/68/25 67/53/25
f 92/68/25 93/26/25 68/53/25
f 93/26/25 94/69/25 69/53/25
f 94/69/25 95/70/25 70/53/25
f 95/70/25 96/71/25 71/53/25
f 96/71/25 97/72/25 72/53/25
f 97/72/25 98/73/25 73/53/25
f 98/73/25 99/51/25 74/53/25
f 125/73/26 124/51/26 100/53/26
f 126/72/26 125/73/26 101/53/26
f 127/71/26 126/72/26 102/53/26
f 128/70/26 127/71/26 103/53/26
f 129/69/26 128/70/26 104/53/26
f 130/26/26 129/69/26 105/53/26
f 131/68/26 130/26/26 106/53/26
f 132/67/26 131/68/26 107/53/26
f 133/66/26 132/67/26 108/53/26
f 134/65/26 133/66/26 109/53/26
f 135/64/26 134/65/26 110/53/26
f 136/63/26 135/64/26 111/53/26
f 137/62/26 136/63/26 112/53/26
f 138/61/26 137/62/26 113/53/26
f 139/60/26 138/61/26 114/53/26
f 140/59/26 139/60/26 115/53/26
f 141/58/26 140/59/26 116/53/26
f 142/25/26 141/58/26 117/53/26
f 143/57/26 142/25/26 118/53/26
f 144/56/26 143/57/26 119/53/26
f 145/55/26 144/56/26 120/53/26
f 146/54/26 145/55/26 121/53/26
f 147/52/26 146/54/26 122/53/26
f 148/51/26 147/52/26 123/53/26
o green_collar
v -1.111445 -0.001685 -0.139151
v -1.111398 0.041576 -0.132299
v -1.111357 0.080605 -0.112413
v -1.111324 0.111576 -0.081441
v -1.111303 0.131463 -0.042413
v -1.111295 0.138314 0.000849
v -1.111303 0.131463 0.044111
v -1.111324 0.111576 0.083139
v -1.111357 0.080605 0.114111
v -1.111398 0.041576 0.133997
v -1.111445 -0.001685 0.140849
v -1.111491 -0.044948 0.133997
v -1.111533 -0.083975 0.114111
v -1.111566 -0.114948 0.083139
v -1.111588 -0.134834 0.044111
v -1.111595 -0.141686 0.000849
v -1.111588 -0.134834 -0.042413
v -1.111566 -0.114948 -0.081441
v -1.111533 -0.083975 -0.112413
v -1.111491 -0.044948 -0.132299
v -1.111445 -0.001685 -0.139151
v -1.611445 -0.001151 -0.099151
v -1.611412 0.029751 -0.094257
v -1.611382 0.057627 -0.080053
v -1.611358 0.079751 -0.057930
v -1.611343 0.093955 -0.030053
v -1.611338 0.098849 0.000849
v -1.611343 0.093955 0.031751
v -1.611358 0.079751 0.059628
v -1.611382 0.057627 0.081751
v -1.611412 0.029751 0.095955
v -1.611445 -0.001151 0.100849
v -1.611478 -0.032053 0.095955
v -1.611508 -0.059930 0.081751
v -1.611532 -0.082052 0.059628
v -1.611546 -0.096256 0.031751
v -1.611552 -0.101151 0.000849
v -1.611546 -0.096256 -0.030053
v -1.611532 -0.082052 -0.057930
v -1.611508 -0.059930 -0.080053
v -1.611478 -0.032053 -0.094257
v -1.611445 -0.001151 -0.099151
v -1.111445 -0.001685 0.000849
v -1.111445 -0.001685 0.000849
v -1.111445 -0.001685 0.000849
v -1.111445 -0.001685 0.000849
v -1.111445 -0.001685 0.000849
v -1.111445 -0.001685 0.000849
v -1.111445 -0.001685 0.000849
v -1.111445 -0.001685 0.000849
v -1.111445 -0.001685 0.000849
v -1.111445 -0.001685 0.000849
v -1.111445 -0.001685 0.000849
v -1.111445 -0.001685 0.000849
v -1.111445 -0.001685 0.000849
v -1.111445 -0.001685 0.000849
v -1.111445 -0.001685 0.000849
v -1.111445 -0.001685 0.000849
v -1.111445 -0.001685 0.000849
v -1.111445 -0.001685 0.000849
v -1.111445 -0.001685 0.000849
v -1.111445 -0.001685 0.000849
v -1.111445 -0.001685 -0.139151
v -1.111398 0.041576 -0.132299
v -1.111357 0.080605 -0.112413
v -1.111324 0.111576 -0.081441
v -1.111303 0.131463 -0.042413
v -1.111295 0.138314 0.000849
v -1.111303 0.131463 0.044111
v -1.111324 0.111576 0.083139
v -1.111357 0.080605 0.114111
v -1.111398 0.041576 0.133997
v -1.111445 -0.001685 0.140849
v -1.111491 -0.044948 0.133997
v -1.111533 -0.083975 0.114111
v -1.111566 -0.114948 0.083139
v -1.111588 -0.134834 0.044111
v -1.111595 -0.141686 0.000849
v -1.111588 -0.134834 -0.042413
v -1.111566 -0.114948 -0.081441
v -1.111533 -0.083975 -0.112413
v -1.111491 -0.044948 -0.132299
v -1.111445 -0.001685 -0.139151
v -1.611445 -0.001151 0.000849
v -1.611445 -0.001151 0.000849
v -1.611445 -0.001151 0.000849
v -1.611445 -0.001151 0.000849
v -1.611445 -0.001151 0.000849
v -1.611445 -0.001151 0.000849
v -1.611445 -0.001151 0.000849
v -1.611445 -0.001151 0.000849
v -1.611445 -0.001151 0.000849
v -1.611445 -0.001151 0.000849
v -1.611445 -0.001151 0.000849
v -1.611445 -0.001151 0.000849
v -1.611445 -0.001151 0.000849
v -1.611445 -0.001151 0.000849
v -1.611445 -0.001151 0.000849
v -1.611445 -0.001151 0.000849
v -1.611445 -0.001151 0.000849
v -1.611445 -0.001151 0.000849
v -1.611445 -0.001151 0.000849
v -1.611445 -0.001151 0.000849
v -1.611445 -0.001151 -0.099151
v -1.611412 0.029751 -0.094257
v -1.611382 0.057627 -0.080053
v -1.611358 0.079751 -0.057930
v -1.611343 0.093955 -0.030053
v -1.611338 0.098849 0.000849
v -1.611343 0.093955 0.031751
v -1.611358 0.079751 0.059628
v -1.611382 0.057627 0.081751
v -1.611412 0.029751 0.095955
v -1.611445 -0.001151 0.100849
v -1.611478 -0.032053 0.095955
v -1.611508 -0.059930 0.081751
v -1.611532 -0.082052 0.059628
v -1.611546 -0.096256 0.031751
v -1.611552 -0.101151 0.000849
v -1.611546 -0.096256 -0.030053
v -1.611532 -0.082052 -0.057930
v -1.611508 -0.059930 -0.080053
v -1.611478 -0.032053 -0.094257
v -1.611445 -0.001151 -0.099151
vn -0.0797 0.0001 -0.9968
vn -0.0794 0.3081 -0.9480
vn -0.0791 0.5860 -0.8064
vn -0.0789 0.8065 -0.5859
vn -0.0787 0.9481 -0.3080
vn -0.0787 0.9969 -0.0000
vn -0.0787 0.9481 0.3080
vn -0.0789 0.8065 0.5859
vn -0.0791 0.5860 0.8064
vn -0.0794 0.3081 0.9480
vn -0.0797 0.0001 0.9968
vn -0.0801 -0.3080 0.9480
vn -0.0801 -0.3079 0.9480
vn -0.0804 -0.5858 0.8064
vn -0.0806 -0.8064 0.5859
vn -0.0808 -0.9479 0.3080
vn -0.0808 -0.9967 -0.0000
vn -0.0808 -0.9479 -0.3080
vn -0.0806 -0.8064 -0.5859
vn -0.0804 -0.5858 -0.8064
vn -0.0801 -0.3080 -0.9480
vn -0.0801 -0.3079 -0.9480
vn -0.0798 -0.0000 -0.9968
vn -0.0797 -0.0000 -0.9968
vn 1.0000 -0.0011 -0.0000
vn -1.0000 0.0011 -0.0000
vt 0.000000 1.000000
vt 0.000000 0.000000
vt 0.050000 1.000000
vt 0.050000 0.000000
vt 0.100000 1.000000
vt 0.100000 0.000000
vt 0.150000 1.000000
vt 0.150000 0.000000
vt 0.200000 1.000000
vt 0.200000 0.000000
vt 0.250000 1.000000
vt 0.250000 0.000000
vt 0.300000 1.000000
vt 0.300000 0.000000
vt 0.350000 1.000000
vt 0.350000 0.000000
vt 0.400000 1.000000
vt 0.400000 0.000000
vt 0.450000 1.000000
vt 0.450000 0.000000
vt 0.500000 1.000000
vt 0.500000 0.000000
vt 0.550000 1.000000
vt 0.550000 0.000000
vt 0.600000 1.000000
vt 0.600000 0.000000
vt 0.650000 1.000000
vt 0.650000 0.000000
vt 0.700000 1.000000
vt 0.700000 0.000000
vt 0.750000 1.000000
vt 0.750000 0.000000
vt 0.800000 1.000000
vt 0.800000 0.000000
vt 0.850000 1.000000
vt 0.850000 0.000000
vt 0.900000 1.000000
vt 0.900000 0.000000
vt 0.950000 1.000000
vt 0.950000 0.000000
vt 1.000000 1.000000
vt 1.000000 0.000000
vt 1.000000 0.500000
vt 0.975528 0.654508
vt 0.500000 0.500000
vt 0.904508 0.793893
vt 0.793893 0.904508
vt 0.654508 0.975528
vt 0.345491 0.975528
vt 0.206107 0.904508
vt 0.095492 0.793893
vt 0.024472 0.654508
vt 0.000000 0.500000
vt 0.024472 0.345491
vt 0.095492 0.206107
vt 0.206107 0.095492
vt 0.345491 0.024472
vt 0.654508 0.024472
vt 0.793893 0.095492
vt 0.904508 0.206107
vt 0.975528 0.345491
s 1
usemtl green_plastic
f 149/74/27 170/75/27 150/76/28
f 170/75/27 171/77/28 150/76/28
f 150/76/28 171/77/28 151/78/29
f 171/77/28 172/79/29 151/78/29
f 151/78/29 172/79/29 152/80/30
f 172/79/29 173/81/30 152/80/30
f 152/80/30 173/81/30 153/82/31
f 173/81/30 174/83/31 153/82/31
f 153/82/31 174/83/31 154/84/32
f 174/83/31 175/85/32 154/84/32
f 154/84/32 175/85/32 155/86/33
f 175/85/32 176/87/33 155/86/33
f 155/86/33 176/87/33 156/88/34
f 176/87/33 177/89/34 156/88/34
f 156/88/34 177/89/34 157/90/35
f 177/89/34 178/91/35 157/90/35
f 157/90/35 178/91/35 158/92/36
f 178/91/35 179/93/36 158/92/36
f 158/92/36 179/93/36 159/94/37
f 179/93/36 180/95/37 159/94/37
f 159/94/37 180/95/37 160/96/38
f 180/95/37 181/97/39 160/96/38
f 160/96/38 181/97/39 161/98/40
f 181/97/39 182/99/40 161/98/40
f 161/98/40 182/99/40 162/100/41
f 182/99/40 183/101/41 162/100/41
f 162/100/41 183/101/41 163/102/42
f 183/101/41 184/103/42 163/102/42
f 163/102/42 184/103/42 164/104/43
f 184/103/42 185/105/43 164/104/43
f 164/104/43 185/105/43 165/106/44
f 185/105/43 186/107/44 165/106/44
f 165/106/44 186/107/44 166/108/45
f 186/107/44 187/109/45 166/108/45
f 166/108/45 187/109/45 167/110/46
f 187/109/45 188/111/46 167/110/46
f 167/110/46 188/111/46 168/112/47
f 188/111/46 189/113/48 168/112/47
f 168/112/47 189/113/48 169/114/49
f 189/113/48 190/115/50 169/114/49
f 211/116/51 212/117/51 191/118/51
f 212/117/51 213/119/51 192/118/51
f 213/119/51 214/120/51 193/118/51
f 214/120/51 215/121/51 194/118/51
f 215/121/51 216/94/51 195/118/51
f 216/94/51 217/122/51 196/118/51
f 217/122/51 218/123/51 197/118/51
f 218/123/51 219/124/51 198/118/51
f 219/124/51 220/125/51 199/118/51
f 220/125/51 221/126/51 200/118/51
f 221/126/51 222/127/51 201/118/51
f 222/127/51 223/128/51 202/118/51
f 223/128/51 224/129/51 203/118/51
f 224/129/51 225/130/51 204/118/51
f 225/130/51 226/95/51 205/118/51
f 226/95/51 227/131/51 206/118/51
f 227/131/51 228/132/51 207/118/51
f 228/132/51 229/133/51 208/118/51
f 229/133/51 230/134/51 209/118/51
f 230/134/51 231/116/51 210/118/51
f 253/134/52 252/116/52 232/118/52
f 254/133/52 253/134/52 233/118/52
f 255/132/52 254/133/52 234/118/52
f 256/131/52 255/132/52 235/118/52
f 257/95/52 256/131/52 236/118/52
f 258/130/52 257/95/52 237/118/52
f 259/129/52 258/130/52 238/118/52
f 260/128/52 259/129/52 239/118/52
f 261/127/52 260/128/52 240/118/52
f 262/126/52 261/127/52 241/118/52
f 263/125/52 262/126/52 242/118/52
f 264/124/52 263/125/52 243/118/52
f 265/123/52 264/124/52 244/118/52
f 266/122/52 265/123/52 245/118/52
f 267/94/52 266/122/52 246/118/52
f 268/121/52 267/94/52 247/118/52
f 269/120/52 268/121/52 248/118/52
f 270/119/52 269/120/52 249/118/52
f 271/117/52 270/119/52 250/118/52
f 272/116/52 271/117/52 251/118/52
o green_fin0
v -1.461445 -0.001311 0.030849
v -2.961391 0.050294 0.030849
v -3.030150 0.041426 0.030849
v -1.635181 -0.118255 0.030849
v -1.542580 -0.055970 0.030849
v -1.461445 -0.001311 0.030849
v -1.850605 -0.254599 0.030849
v -1.738205 -0.185391 0.030849
v -1.635181 -0.118255 0.030849
v -2.099359 -0.388129 0.030849
v -1.971339 -0.323104 0.030849
v -1.850605 -0.254599 0.030849
v -2.373086 -0.496633 0.030849
v -2.233623 -0.446898 0.030849
v -2.099359 -0.388129 0.030849
v -2.663430 -0.557896 0.030849
v -2.516704 -0.534558 0.030849
v -2.373086 -0.496633 0.030849
v -2.962033 -0.549706 0.030849
v -2.812222 -0.563871 0.030849
v -2.663430 -0.557896 0.030849
v -3.086929 -0.453045 0.030849
v -3.030736 -0.506316 0.030849
v -2.962033 -0.549706 0.030849
v -3.161795 -0.327270 0.030849
v -3.130615 -0.392494 0.030849
v -3.086929 -0.453045 0.030849
v -3.186651 -0.193216 0.030849
v -3.180473 -0.259975 0.030849
v -3.161795 -0.327270 0.030849
v -3.161521 -0.071714 0.030849
v -3.180334 -0.129594 0.030849
v -3.186651 -0.193216 0.030849
v -3.086427 0.016400 0.030849
v -3.130219 -0.022182 0.030849
v -3.161521 -0.071714 0.030849
v -1.461445 -0.001311 0.030849
v -3.030150 0.041426 0.030849
v -3.086427 0.016400 0.030849
v -1.850605 -0.254599 0.030849
v -1.635181 -0.118255 0.030849
v -1.461445 -0.001311 0.030849
v -2.373086 -0.496633 0.030849
v -2.099359 -0.388129 0.030849
v -1.850605 -0.254599 0.030849
v -2.962033 -0.549706 0.030849
v -2.663430 -0.557896 0.030849
v -2.373086 -0.496633 0.030849
v -3.161795 -0.327270 0.030849
v -3.086929 -0.453045 0.030849
v -2.962033 -0.549706 0.030849
v -3.161521 -0.071714 0.030849
v -3.186651 -0.193216 0.030849
v -3.161795 -0.327270 0.030849
v -1.461445 -0.001311 0.030849
v -3.086427 0.016400 0.030849
v -3.161521 -0.071714 0.030849
v -2.373086 -0.496633 0.030849
v -1.850605 -0.254599 0.030849
v -1.461445 -0.001311 0.030849
v -3.161795 -0.327270 0.030849
v -2.962033 -0.549706 0.030849
v -2.373086 -0.496633 0.030849
v -1.461445 -0.001311 0.030849
v -3.161521 -0.071714 0.030849
v -3.161795 -0.327270 0.030849
v -3.161795 -0.327270 0.030849
v -2.373086 -0.496633 0.030849
v -1.461445 -0.001311 0.030849
v -3.030150 0.041426 -0.029151
v -2.961391 0.050294 -0.029151
v -1.461445 -0.001311 -0.029151
v -1.461445 -0.001311 -0.029151
v -1.542580 -0.055970 -0.029151
v -1.635181 -0.118255 -0.029151
v -1.635181 -0.118255 -0.029151
v -1.738205 -0.185391 -0.029151
v -1.850605 -0.254599 -0.029151
v -1.850605 -0.254599 -0.029151
v -1.971339 -0.323104 -0.029151
v -2.099359 -0.388129 -0.029151
v -2.099359 -0.388129 -0.029151
v -2.233623 -0.446898 -0.029151
v -2.373086 -0.496633 -0.029151
v -2.373086 -0.496633 -0.029151
v -2.516704 -0.534558 -0.029151
v -2.663430 -0.557896 -0.029151
v -2.663430 -0.557896 -0.029151
v -2.812222 -0.563871 -0.029151
v -2.962033 -0.549706 -0.029151
v -2.962033 -0.549706 -0.029151
v -3.030736 -0.506316 -0.029151
v -3.086929 -0.453045 -0.029151
v -3.086929 -0.453045 -0.029151
v -3.130615 -0.392494 -0.029151
v -3.161795 -0.327270 -0.029151
v -3.161795 -0.327270 -0.029151
v -3.180473 -0.259975 -0.029151
v -3.186651 -0.193216 -0.029151
v -3.186651 -0.193216 -0.029151
v -3.180334 -0.129594 -0.029151
v -3.161521 -0.071714 -0.029151
v -3.161521 -0.071714 -0.029151
v -3.130219 -0.022182 -0.029151
v -3.086427 0.016400 -0.029151
v -3.086427 0.016400 -0.029151
v -3.030150 0.041426 -0.029151
v -1.461445 -0.001311 -0.029151
v -1.461445 -0.001311 -0.029151
v -1.635181 -0.118255 -0.029151
v -1.850605 -0.254599 -0.029151
v -1.850605 -0.254599 -0.029151
v -2.099359 -0.388129 -0.029151
v -2.373086 -0.496633 -0.029151
v -2.373086 -0.496633 -0.029151
v -2.663430 -0.557896 -0.029151
v -2.962033 -0.549706 -0.029151
v -2.962033 -0.549706 -0.029151
v -3.086929 -0.453045 -0.029151
v -3.161795 -0.327270 -0.029151
v -3.161795 -0.327270 -0.029151
v -3.186651 -0.193216 -0.029151
v -3.161521 -0.071714 -0.029151
v -3.161521 -0.071714 -0.029151
v -3.086427 0.016400 -0.029151
v -1.461445 -0.001311 -0.029151
v -1.461445 -0.001311 -0.029151
v -1.850605 -0.254599 -0.029151
v -2.373086 -0.496633 -0.029151
v -2.373086 -0.496633 -0.029151
v -2.962033 -0.549706 -0.029151
v -3.161795 -0.327270 -0.029151
v -3.161795 -0.327270 -0.029151
v -3.161521 -0.071714 -0.029151
v -1.461445 -0.001311 -0.029151
v -1.461445 -0.001311 -0.029151
v -2.373086 -0.496633 -0.029151
v -3.161795 -0.327270 -0.029151
v -1.461445 -0.001311 0.030849
v -1.542580 -0.055970 0.030849
v -1.461445 -0.001311 -0.029151
v -1.542580 -0.055970 0.030849
v -1.542580 -0.055970 -0.029151
v -1.461445 -0.001311 -0.029151
v -1.542580 -0.055970 0.030849
v -1.635181 -0.118255 0.030849
v -1.542580 -0.055970 -0.029151
v -1.635181 -0.118255 0.030849
v -1.635181 -0.118255 -0.029151
v -1.542580 -0.055970 -0.029151
v -1.635181 -0.118255 0.030849
v -1.738205 -0.185391 0.030849
v -1.635181 -0.118255 -0.029151
v -1.738205 -0.185391 0.030849
v -1.738205 -0.185391 -0.029151
v -1.635181 -0.118255 -0.029151
v -1.738205 -0.185391 0.030849
v -1.850605 -0.254599 0.030849
v -1.738205 -0.185391 -0.029151
v -1.850605 -0.254599 0.030849
v -1.850605 -0.254599 -0.029151
v -1.738205 -0.185391 -0.029151
v -1.850605 -0.254599 0.030849
v -1.971339 -0.323104 0.030849
v -1.850605 -0.254599 -0.029151
v -1.971339 -0.323104 0.030849
v -1.971339 -0.323104 -0.029151
v -1.850605 -0.254599 -0.029151
v -1.971339 -0.323104 0.030849
v -2.099359 -0.388129 0.030849
v -1.971339 -0.323104 -0.029151
v -2.099359 -0.388129 0.030849
v -2.099359 -0.388129 -0.029151
v -1.971339 -0.323104 -0.029151
v -2.099359 -0.388129 0.030849
v -2.233623 -0.446898 0.030849
v -2.099359 -0.388129 -0.029151
v -2.233623 -0.446898 0.030849
v -2.233623 -0.446898 -0.029151
v -2.099359 -0.388129 -0.029151
v -2.233623 -0.446898 0.030849
v -2.373086 -0.496633 0.030849
v -2.233623 -0.446898 -0.029151
v -2.373086 -0.496633 0.030849
v -2.373086 -0.496633 -0.029151
v -2.233623 -0.446898 -0.029151
v -2.373086 -0.496633 0.030849
v -2.516704 -0.534558 0.030849
v -2.373086 -0.496633 -0.029151
v -2.516704 -0.534558 0.030849
v -2.516704 -0.534558 -0.029151
v -2.373086 -0.496633 -0.029151
v -2.516704 -0.534558 0.030849
v -2.663430 -0.557896 0.030849
v -2.516704 -0.534558 -0.029151
v -2.663430 -0.557896 0.030849
v -2.663430 -0.557896 -0.029151
v -2.516704 -0.534558 -0.029151
v -2.663430 -0.557896 0.030849
v -2.812222 -0.563871 0.030849
v -2.663430 -0.557896 -0.029151
v -2.812222 -0.563871 0.030849
v -2.812222 -0.563871 -0.029151
v -2.663430 -0.557896 -0.029151
v -2.812222 -0.563871 0.030849
v -2.962033 -0.549706 0.030849
v -2.812222 -0.563871 -0.029151
v -2.962033 -0.549706 0.030849
v -2.962033 -0.549706 -0.029151
v -2.812222 -0.563871 -0.029151
v -2.962033 -0.549706 0.030849
v -3.030736 -0.506316 0.030849
v -2.962033 -0.549706 -0.029151
v -3.030736 -0.506316 0.030849
v -3.030736 -0.506316 -0.029151
v -2.962033 -0.549706 -0.029151
v -3.030736 -0.506316 0.030849
v -3.086929 -0.453045 0.030849
v -3.030736 -0.506316 -0.029151
v -3.086929 -0.453045 0.030849
v -3.086929 -0.453045 -0.029151
v -3.030736 -0.506316 -0.029151
v -3.086929 -0.453045 0.030849
v -3.130615 -0.392494 0.030849
v -3.086929 -0.453045 -0.029151
v -3.130615 -0.392494 0.030849
v -3.130615 -0.392494 -0.029151
v -3.086929 -0.453045 -0.029151
v -3.130615 -0.392494 0.030849
v -3.161795 -0.327270 0.030849
v -3.130615 -0.392494 -0.029151
v -3.161795 -0.327270 0.030849
v -3.161795 -0.327270 -0.029151
v -3.130615 -0.392494 -0.029151
v -3.161795 -0.327270 0.030849
v -3.180473 -0.259975 0.030849
v -3.161795 -0.327270 -0.029151
v -3.180473 -0.259975 0.030849
v -3.180473 -0.259975 -0.029151
v -3.161795 -0.327270 -0.029151
v -3.180473 -0.259975 0.030849
v -3.186651 -0.193216 0.030849
v -3.180473 -0.259975 -0.029151
v -3.186651 -0.193216 0.030849
v -3.186651 -0.193216 -0.029151
v -3.180473 -0.259975 -0.029151
v -3.186651 -0.193216 0.030849
v -3.180334 -0.129594 0.030849
v -3.186651 -0.193216 -0.029151
v -3.180334 -0.129594 0.030849
v -3.180334 -0.129594 -0.029151
v -3.186651 -0.193216 -0.029151
v -3.180334 -0.129594 0.030849
v -3.161521 -0.071714 0.030849
v -3.180334 -0.129594 -0.029151
v -3.161521 -0.071714 0.030849
v -3.161521 -0.071714 -0.029151
v -3.180334 -0.129594 -0.029151
v -3.161521 -0.071714 0.030849
v -3.130219 -0.022182 0.030849
v -3.161521 -0.071714 -0.029151
v -3.130219 -0.022182 0.030849
v -3.130219 -0.022182 -0.029151
v -3.161521 -0.071714 -0.029151
v -3.130219 -0.022182 0.030849
v -3.086427 0.016400 0.030849
v -3.130219 -0.022182 -0.029151
v -3.086427 0.016400 0.030849
v -3.086427 0.016400 -0.029151
v -3.130219 -0.022182 -0.029151
v -3.086427 0.016400 0.030849
v -3.030150 0.041426 0.030849
v -3.086427 0.016400 -0.029151
v -3.030150 0.041426 0.030849
v -3.030150 0.041426 -0.029151
v -3.086427 0.016400 -0.029151
v -3.030150 0.041426 0.030849
v -2.961391 0.050294 0.030849
v -3.030150 0.041426 -0.029151
v -2.961391 0.050294 0.030849
v -2.961391 0.050294 -0.029151
v -3.030150 0.041426 -0.029151
v -2.961391 0.050294 0.030849
v -1.461445 -0.001311 0.030849
v -2.961391 0.050294 -0.029151
v -1.461445 -0.001311 0.030849
v -1.461445 -0.001311 -0.029151
v -2.961391 0.050294 -0.029151
vn -0.0000 -0.0000 1.0000
vn -0.0000 -0.0000 -1.0000
vn 0.5587 -0.8294 -0.0000
vn 0.5581 -0.8298 -0.0000
vn 0.5460 -0.8378 -0.0000
vn 0.5243 -0.8515 -0.0000
vn 0.4935 -0.8697 -0.0000
vn 0.4529 -0.8916 -0.0000
vn 0.4010 -0.9161 -0.0000
vn 0.3359 -0.9419 -0.0000
vn 0.2553 -0.9669 -0.0000
vn 0.1571 -0.9876 -0.0000
vn 0.0401 -0.9992 -0.0000
vn -0.0941 -0.9956 -0.0000
vn -0.5340 -0.8455 -0.0000
vn -0.6880 -0.7257 -0.0000
vn -0.8110 -0.5851 -0.0000
vn -0.9022 -0.4313 -0.0000
vn -0.9636 -0.2674 -0.0000
vn -0.9957 -0.0921 -0.0000
vn -0.9951 0.0988 -0.0000
vn -0.9510 0.3091 -0.0000
vn -0.8453 0.5342 -0.0000
vn -0.6611 0.7503 -0.0000
vn -0.4063 0.9137 -0.0000
vn -0.1279 0.9918 -0.0000
vn 0.0344 0.9994 -0.0000
vt 0.000000 0.000000
vt -1.500000 -0.050000
vt -1.568750 -0.041059
vt -0.173611 0.117130
vt -0.081076 0.054745
vt -0.388889 0.253704
vt -0.276563 0.184375
vt -0.637500 0.387500
vt -0.509549 0.322338
vt -0.911111 0.496296
vt -0.771701 0.446412
vt -1.201389 0.557870
vt -1.054688 0.534375
vt -1.500000 0.550000
vt -1.350174 0.564005
vt -1.625000 0.453472
vt -1.568750 0.506684
vt -1.700000 0.327778
vt -1.668750 0.392969
vt -1.725000 0.193750
vt -1.718750 0.260503
vt -1.700000 0.072222
vt -1.718750 0.130122
vt -1.625000 -0.015972
vt -1.668750 0.022656
vt 0.000000 1.000000
vt -0.081076 1.000000
vt 0.000000 0.940000
vt -0.081076 0.940000
vt -0.173611 1.000000
vt -0.173611 0.940000
vt -0.276563 1.000000
vt -0.276563 0.940000
vt -0.388889 1.000000
vt -0.388889 0.940000
vt -0.509549 1.000000
vt -0.509549 0.940000
vt -0.637500 1.000000
vt -0.637500 0.940000
vt -0.771701 1.000000
vt -0.771701 0.940000
vt -0.911111 1.000000
vt -0.911111 0.940000
vt -1.054688 1.000000
vt -1.054688 0.940000
vt -1.201389 1.000000
vt -1.201389 0.940000
vt -1.350174 1.000000
vt -1.350174 0.940000
vt -1.500000 1.000000
vt -1.500000 0.940000
vt -1.568750 1.000000
vt -1.568750 0.940000
vt -1.625000 1.000000
vt -1.625000 0.940000
vt 0.453472 1.000000
vt 0.392969 1.000000
vt 0.453472 0.940000
vt 0.392969 0.940000
vt 0.327778 1.000000
vt 0.327778 0.940000
vt 0.260503 1.000000
vt 0.260503 0.940000
vt 0.193750 1.000000
vt 0.193750 0.940000
vt 0.130122 1.000000
vt 0.130122 0.940000
vt 0.072222 1.000000
vt 0.072222 0.940000
vt 0.022656 1.000000
vt 0.022656 0.940000
vt -1.668750 1.000000
vt -1.668750 0.940000
s 1
usemtl green_plastic
f 273/135/53 274/136/53 275/137/53
f 276/138/53 277/139/53 278/135/53
f 279/140/53 280/141/53 281/138/53
f 282/142/53 283/143/53 284/140/53
f 285/144/53 286/145/53 287/142/53
f 288/146/53 289/147/53 290/144/53
f 291/148/53 292/149/53 293/146/53
f 294/150/53 295/151/53 296/148/53
f 297/152/53 298/153/53 299/150/53
f 300/154/53 301/155/53 302/152/53
f 303/156/53 304/157/53 305/154/53
f 306/158/53 307/159/53 308/156/53
f 309/135/53 310/137/53 311/158/53
f 312/140/53 313/138/53 314/135/53
f 315/144/53 316/142/53 317/140/53
f 318/148/53 319/146/53 320/144/53
f 321/152/53 322/150/53 323/148/53
f 324/156/53 325/154/53 326/152/53
f 327/135/53 328/158/53 329/156/53
f 330/144/53 331/140/53 332/135/53
f 333/152/53 334/148/53 335/144/53
f 336/135/53 337/156/53 338/152/53
f 339/152/53 340/144/53 341/135/53
f 342/137/54 343/136/54 344/135/54
f 345/135/54 346/139/54 347/138/54
f 348/138/54 349/141/54 350/140/54
f 351/140/54 352/143/54 353/142/54
f 354/142/54 355/145/54 356/144/54
f 357/144/54 358/147/54 359/146/54
f 360/146/54 361/149/54 362/148/54
f 363/148/54 364/151/54 365/150/54
f 366/150/54 367/153/54 368/152/54
f 369/152/54 370/155/54 371/154/54
f 372/154/54 373/157/54 374/156/54
f 375/156/54 376/159/54 377/158/54
f 378/158/54 379/137/54 380/135/54
f 381/135/54 382/138/54 383/140/54
f 384/140/54 385/142/54 386/144/54
f 387/144/54 388/146/54 389/148/54
f 390/148/54 391/150/54 392/152/54
f 393/152/54 394/154/54 395/156/54
f 396/156/54 397/158/54 398/135/54
f 399/135/54 400/140/54 401/144/54
f 402/144/54 403/148/54 404/152/54
f 405/152/54 406/156/54 407/135/54
f 408/135/54 409/144/54 410/152/54
f 411/160/55 412/161/55 413/162/55
f 414/161/55 415/163/55 416/162/55
f 417/161/56 418/164/56 419/163/56
f 420/164/56 421/165/56 422/163/56
f 423/164/57 424/166/57 425/165/57
f 426/166/57 427/167/57 428/165/57
f 429/166/58 430/168/58 431/167/58
f 432/168/58 433/169/58 434/167/58
f 435/168/59 436/170/59 437/169/59
f 438/170/59 439/171/59 440/169/59
f 441/170/60 442/172/60 443/171/60
f 444/172/60 445/173/60 446/171/60
f 447/172/61 448/174/61 449/173/61
f 450/174/61 451/175/61 452/173/61
f 453/174/62 454/176/62 455/175/62
f 456/176/62 457/177/62 458/175/62
f 459/176/63 460/178/63 461/177/63
f 462/178/63 463/179/63 464/177/63
f 465/178/64 466/180/64 467/179/64
f 468/180/64 469/181/64 470/179/64
f 471/180/65 472/182/65 473/181/65
f 474/182/65 475/183/65 476/181/65
f 477/182/66 478/184/66 479/183/66
f 480/184/66 481/185/66 482/183/66
f 483/184/67 484/186/67 485/185/67
f 486/186/67 487/187/67 488/185/67
f 489/186/68 490/188/68 491/187/68
f 492/188/68 493/189/68 494/187/68
f 495/190/69 496/191/69 497/192/69
f 498/191/69 499/193/69 500/192/69
f 501/191/70 502/194/70 503/193/70
f 504/194/70 505/195/70 506/193/70
f 507/194/71 508/196/71 509/195/71
f 510/196/71 511/197/71 512/195/71
f 513/196/72 514/198/72 515/197/72
f 516/198/72 517/199/72 518/197/72
f 519/198/73 520/200/73 521/199/73
f 522/200/73 523/201/73 524/199/73
f 525/200/74 526/202/74 527/201/74
f 528/202/74 529/203/74 530/201/74
f 531/202/75 532/204/75 533/203/75
f 534/204/75 535/205/75 536/203/75
f 537/206/76 538/188/76 539/207/76
f 540/188/76 541/189/76 542/207/76
f 543/188/77 544/186/77 545/189/77
f 546/186/77 547/187/77 548/189/77
f 549/186/78 550/184/78 551/187/78
f 552/184/78 553/185/78 554/187/78
f 555/184/79 556/160/79 557/185/79
f 558/160/79 559/162/79 560/185/79
o green_fin1
v -1.461477 -0.031311 0.000849
v -2.961476 -0.029707 0.050849
v -3.030226 -0.029633 0.041908
v -1.635088 -0.031126 -0.116281
v -1.542553 -0.031224 -0.053896
v -1.461477 -0.031311 0.000849
v -1.850365 -0.030895 -0.252855
v -1.738039 -0.031015 -0.183526
v -1.635088 -0.031126 -0.116281
v -2.098977 -0.030629 -0.386651
v -1.971025 -0.030766 -0.321489
v -1.850365 -0.030895 -0.252855
v -2.372588 -0.030336 -0.495447
v -2.233178 -0.030485 -0.445563
v -2.098977 -0.030629 -0.386651
v -2.662865 -0.030026 -0.557021
v -2.516164 -0.030183 -0.533526
v -2.372588 -0.030336 -0.495447
v -2.961476 -0.029707 -0.549151
v -2.811650 -0.029867 -0.563156
v -2.662865 -0.030026 -0.557021
v -3.086476 -0.029573 -0.452623
v -3.030226 -0.029633 -0.505835
v -2.961476 -0.029707 -0.549151
v -3.161476 -0.029492 -0.326929
v -3.130226 -0.029526 -0.392120
v -3.086476 -0.029573 -0.452623
v -3.186476 -0.029465 -0.192901
v -3.180227 -0.029472 -0.259654
v -3.161476 -0.029492 -0.326929
v -3.161476 -0.029492 -0.071373
v -3.180227 -0.029472 -0.129273
v -3.186476 -0.029465 -0.192901
v -3.086476 -0.029573 0.016821
v -3.130226 -0.029526 -0.021807
v -3.161476 -0.029492 -0.071373
v -1.461477 -0.031311 0.000849
v -3.030226 -0.029633 0.041908
v -3.086476 -0.029573 0.016821
v -1.850365 -0.030895 -0.252855
v -1.635088 -0.031126 -0.116281
v -1.461477 -0.031311 0.000849
v -2.372588 -0.030336 -0.495447
v -2.098977 -0.030629 -0.386651
v -1.850365 -0.030895 -0.252855
v -2.961476 -0.029707 -0.549151
v -2.662865 -0.030026 -0.557021
v -2.372588 -0.030336 -0.495447
v -3.161476 -0.029492 -0.326929
v -3.086476 -0.029573 -0.452623
v -2.961476 -0.029707 -0.549151
v -3.161476 -0.029492 -0.071373
v -3.186476 -0.029465 -0.192901
v -3.161476 -0.029492 -0.326929
v -1.461477 -0.031311 0.000849
v -3.086476 -0.029573 0.016821
v -3.161476 -0.029492 -0.071373
v -2.372588 -0.030336 -0.495447
v -1.850365 -0.030895 -0.252855
v -1.461477 -0.031311 0.000849
v -3.161476 -0.029492 -0.326929
v -2.961476 -0.029707 -0.549151
v -2.372588 -0.030336 -0.495447
v -1.461477 -0.031311 0.000849
v -3.161476 -0.029492 -0.071373
v -3.161476 -0.029492 -0.326929
v -3.161476 -0.029492 -0.326929
v -2.372588 -0.030336 -0.495447
v -1.461477 -0.031311 0.000849
v -3.030162 0.030367 0.041908
v -2.961412 0.030293 0.050849
v -1.461413 0.028689 0.000849
v -1.461413 0.028689 0.000849
v -1.542489 0.028775 -0.053896
v -1.635024 0.028874 -0.116281
v -1.635024 0.028874 -0.116281
v -1.737975 0.028984 -0.183526
v -1.850301 0.029105 -0.252855
v -1.850301 0.029105 -0.252855
v -1.970961 0.029234 -0.321489
v -2.098912 0.029371 -0.386651
v -2.098912 0.029371 -0.386651
v -2.233114 0.029514 -0.445563
v -2.372523 0.029664 -0.495447
v -2.372523 0.029664 -0.495447
v -2.516099 0.029817 -0.533526
v -2.662802 0.029974 -0.557021
v -2.662802 0.029974 -0.557021
v -2.811586 0.030133 -0.563156
v -2.961412 0.030293 -0.549151
v -2.961412 0.030293 -0.549151
v -3.030162 0.030367 -0.505835
v -3.086412 0.030427 -0.452623
v -3.086412 0.030427 -0.452623
v -3.130162 0.030474 -0.392120
v -3.161412 0.030507 -0.326929
v -3.161412 0.030507 -0.326929
v -3.180161 0.030528 -0.259654
v -3.186412 0.030534 -0.192901
v -3.186412 0.030534 -0.192901
v -3.180161 0.030528 -0.129273
v -3.161412 0.030507 -0.071373
v -3.161412 0.030507 -0.071373
v -3.130162 0.030474 -0.021807
v -3.086412 0.030427 0.016821
v -3.086412 0.030427 0.016821
v -3.030162 0.030367 0.041908
v -1.461413 0.028689 0.000849
v -1.461413 0.028689 0.000849
v -1.635024 0.028874 -0.116281
v -1.850301 0.029105 -0.252855
v -1.850301 0.029105 -0.252855
v -2.098912 0.029371 -0.386651
v -2.372523 0.029664 -0.495447
v -2.372523 0.029664 -0.495447
v -2.662802 0.029974 -0.557021
v -2.961412 0.030293 -0.549151
v -2.961412 0.030293 -0.549151
v -3.086412 0.030427 -0.452623
v -3.161412 0.030507 -0.326929
v -3.161412 0.030507 -0.326929
v -3.186412 0.030534 -0.192901
v -3.161412 0.030507 -0.071373
v -3.161412 0.030507 -0.071373
v -3.086412 0.030427 0.016821
v -1.461413 0.028689 0.000849
v -1.461413 0.028689 0.000849
v -1.850301 0.029105 -0.252855
v -2.372523 0.029664 -0.495447
v -2.372523 0.029664 -0.495447
v -2.961412 0.030293 -0.549151
v -3.161412 0.030507 -0.326929
v -3.161412 0.030507 -0.326929
v -3.161412 0.030507 -0.071373
v -1.461413 0.028689 0.000849
v -1.461413 0.028689 0.000849
v -2.372523 0.029664 -0.495447
v -3.161412 0.030507 -0.326929
v -1.461477 -0.031311 0.000849
v -1.542553 -0.031224 -0.053896
v -1.461413 0.028689 0.000849
v -1.542553 -0.031224 -0.053896
v -1.542489 0.028775 -0.053896
v -1.461413 0.028689 0.000849
v -1.542553 -0.031224 -0.053896
v -1.635088 -0.031126 -0.116281
v -1.542489 0.028775 -0.053896
v -1.635088 -0.031126 -0.116281
v -1.635024 0.028874 -0.116281
v -1.542489 0.028775 -0.053896
v -1.635088 -0.031126 -0.116281
v -1.738039 -0.031015 -0.183526
v -1.635024 0.028874 -0.116281
v -1.738039 -0.031015 -0.183526
v -1.737975 0.028984 -0.183526
v -1.635024 0.028874 -0.116281
v -1.738039 -0.031015 -0.183526
v -1.850365 -0.030895 -0.252855
v -1.737975 0.028984 -0.183526
v -1.850365 -0.030895 -0.252855
v -1.850301 0.029105 -0.252855
v -1.737975 0.028984 -0.183526
v -1.850365 -0.030895 -0.252855
v -1.971025 -0.030766 -0.321489
v -1.850301 0.029105 -0.252855
v -1.971025 -0.030766 -0.321489
v -1.970961 0.029234 -0.321489
v -1.850301 0.029105 -0.252855
v -1.971025 -0.030766 -0.321489
v -2.098977 -0.030629 -0.386651
v -1.970961 0.029234 -0.321489
v -2.098977 -0.030629 -0.386651
v -2.098912 0.029371 -0.386651
v -1.970961 0.029234 -0.321489
v -2.098977 -0.030629 -0.386651
v -2.233178 -0.030485 -0.445563
v -2.098912 0.029371 -0.386651
v -2.233178 -0.030485 -0.445563
v -2.233114 0.029514 -0.445563
v -2.098912 0.029371 -0.386651
v -2.233178 -0.030485 -0.445563
v -2.372588 -0.030336 -0.495447
v -2.233114 0.029514 -0.445563
v -2.372588 -0.030336 -0.495447
v -2.372523 0.029664 -0.495447
v -2.233114 0.029514 -0.445563
v -2.372588 -0.030336 -0.495447
v -2.516164 -0.030183 -0.533526
v -2.372523 0.029664 -0.495447
v -2.516164 -0.030183 -0.533526
v -2.516099 0.029817 -0.533526
v -2.372523 0.029664 -0.495447
v -2.516164 -0.030183 -0.533526
v -2.662865 -0.030026 -0.557021
v -2.516099 0.029817 -0.533526
v -2.662865 -0.030026 -0.557021
v -2.662802 0.029974 -0.557021
v -2.516099 0.029817 -0.533526
v -2.662865 -0.030026 -0.557021
v -2.811650 -0.029867 -0.563156
v -2.662802 0.029974 -0.557021
v -2.811650 -0.029867 -0.563156
v -2.811586 0.030133 -0.563156
v -2.662802 0.029974 -0.557021
v -2.811650 -0.029867 -0.563156
v -2.961476 -0.029707 -0.549151
v -2.811586 0.030133 -0.563156
v -2.961476 -0.029707 -0.549151
v -2.961412 0.030293 -0.549151
v -2.811586 0.030133 -0.563156
v -2.961476 -0.029707 -0.549151
v -3.030226 -0.029633 -0.505835
v -2.961412 0.030293 -0.549151
v -3.030226 -0.029633 -0.505835
v -3.030162 0.030367 -0.505835
v -2.961412 0.030293 -0.549151
v -3.030226 -0.029633 -0.505835
v -3.086476 -0.029573 -0.452623
v -3.030162 0.030367 -0.505835
v -3.086476 -0.029573 -0.452623
v -3.086412 0.030427 -0.452623
v -3.030162 0.030367 -0.505835
v -3.086476 -0.029573 -0.452623
v -3.130226 -0.029526 -0.392120
v -3.086412 0.030427 -0.452623
v -3.130226 -0.029526 -0.392120
v -3.130162 0.030474 -0.392120
v -3.086412 0.030427 -0.452623
v -3.130226 -0.029526 -0.392120
v -3.161476 -0.029492 -0.326929
v -3.130162 0.030474 -0.392120
v -3.161476 -0.029492 -0.326929
v -3.161412 0.030507 -0.326929
v -3.130162 0.030474 -0.392120
v -3.161476 -0.029492 -0.326929
v -3.180227 -0.029472 -0.259654
v -3.161412 0.030507 -0.326929
v -3.180227 -0.029472 -0.259654
v -3.180161 0.030528 -0.259654
v -3.161412 0.030507 -0.326929
v -3.180227 -0.029472 -0.259654
v -3.186476 -0.029465 -0.192901
v -3.180161 0.030528 -0.259654
v -3.186476 -0.029465 -0.192901
v -3.186412 0.030534 -0.192901
v -3.180161 0.030528 -0.259654
v -3.186476 -0.029465 -0.192901
v -3.180227 -0.029472 -0.129273
v -3.186412 0.030534 -0.192901
v -3.180227 -0.029472 -0.129273
v -3.180161 0.030528 -0.129273
v -3.186412 0.030534 -0.192901
v -3.180227 -0.029472 -0.129273
v -3.161476 -0.029492 -0.071373
v -3.180161 0.030528 -0.129273
v -3.161476 -0.029492 -0.071373
v -3.161412 0.030507 -0.071373
v -3.180161 0.030528 -0.129273
v -3.161476 -0.029492 -0.071373
v -3.130226 -0.029526 -0.021807
v -3.161412 0.030507 -0.071373
v -3.130226 -0.029526 -0.021807
v -3.130162 0.030474 -0.021807
v -3.161412 0.030507 -0.071373
v -3.130226 -0.029526 -0.021807
v -3.086476 -0.029573 0.016821
v -3.130162 0.030474 -0.021807
v -3.086476 -0.029573 0.016821
v -3.086412 0.030427 0.016821
v -3.130162 0.030474 -0.021807
v -3.086476 -0.029573 0.016821
v -3.030226 -0.029633 0.041908
v -3.086412 0.030427 0.016821
v -3.030226 -0.029633 0.041908
v -3.030162 0.030367 0.041908
v -3.086412 0.030427 0.016821
v -3.030226 -0.029633 0.041908
v -2.961476 -0.029707 0.050849
v -3.030162 0.030367 0.041908
v -2.961476 -0.029707 0.050849
v -2.961412 0.030293 0.050849
v -3.030162 0.030367 0.041908
v -2.961476 -0.029707 0.050849
v -1.461477 -0.031311 0.000849
v -2.961412 0.030293 0.050849
v -1.461477 -0.031311 0.000849
v -1.461413 0.028689 0.000849
v -2.961412 0.030293 0.050849
vn -0.0011 -1.0000 -0.0000
vn -0.0021 -1.0000 -0.0000
vn -0.0011 -1.0000 0.0001
vn 0.0011 1.0000 -0.0000
vn 0.0002 1.0000 -0.0002
vn 0.0011 1.0000 -0.0001
vn 0.5596 -0.0006 -0.8288
vn 0.5590 -0.0006 -0.8292
vn 0.5469 -0.0006 -0.8372
vn 0.5252 -0.0006 -0.8510
vn 0.4944 -0.0005 -0.8692
vn 0.4538 -0.0005 -0.8911
vn 0.4020 -0.0004 -0.9157
vn 0.3369 -0.0004 -0.9415
vn 0.2564 -0.0003 -0.9666
vn 0.1581 -0.0002 -0.9874
vn 0.0412 -0.0000 -0.9992
vn -0.0931 0.0001 -0.9957
vn -0.5331 0.0006 -0.8461
vn -0.6872 0.0007 -0.7265
vn -0.8103 0.0009 -0.5860
vn -0.9017 0.0010 -0.4323
vn -0.9633 0.0010 -0.2685
vn -0.9956 0.0011 -0.0932
vn -0.9952 0.0011 0.0977
vn -0.9952 0.0011 0.0978
vn -0.9514 0.0010 0.3081
vn -0.8459 0.0009 0.5333
vn -0.6619 0.0007 0.7496
vn -0.4073 0.0004 0.9133
vn -0.1290 0.0001 0.9916
vn 0.0333 -0.0000 0.9994
vt 0.000000 0.000000
vt -1.500000 -0.050000
vt -1.568750 -0.041059
vt -0.173611 0.117130
vt -0.081076 0.054745
vt -0.388889 0.253704
vt -0.276563 0.184375
vt -0.637500 0.387500
vt -0.509549 0.322338
vt -0.911111 0.496296
vt -0.771701 0.446412
vt -1.201389 0.557870
vt -1.054688 0.534375
vt -1.500000 0.550000
vt -1.350174 0.564005
vt -1.625000 0.453472
vt -1.568750 0.506684
vt -1.700000 0.327778
vt -1.668750 0.392969
vt -1.725000 0.193750
vt -1.718750 0.260503
vt -1.700000 0.072222
vt -1.718750 0.130122
vt -1.625000 -0.015972
vt -1.668750 0.022656
vt 0.000000 1.000000
vt -0.081076 1.000000
vt 0.000000 0.940000
vt -0.081076 0.940000
vt -0.173611 1.000000
vt -0.173611 0.940000
vt -0.276563 1.000000
vt -0.276563 0.940000
vt -0.388889 1.000000
vt -0.388889 0.940000
vt -0.509549 1.000000
vt -0.509549 0.940000
vt -0.637500 1.000000
vt -0.637500 0.940000
vt -0.771701 1.000000
vt -0.771701 0.940000
vt -0.911111 1.000000
vt -0.911111 0.940000
vt -1.054688 1.000000
vt -1.054688 0.940000
vt -1.201389 1.000000
vt -1.201389 0.940000
vt -1.350174 1.000000
vt -1.350174 0.940000
vt -1.500000 1.000000
vt -1.500000 0.940000
vt -1.568750 1.000000
vt -1.568750 0.940000
vt -1.625000 1.000000
vt -1.625000 0.940000
vt 0.453472 1.000000
vt 0.392969 1.000000
vt 0.453472 0.940000
vt 0.392969 0.940000
vt 0.327778 1.000000
vt 0.327778 0.940000
vt 0.260503 1.000000
vt 0.260503 0.940000
vt 0.193750 1.000000
vt 0.193750 0.940000
vt 0.130122 1.000000
vt 0.130122 0.940000
vt 0.072222 1.000000
vt 0.072222 0.940000
vt 0.022656 1.000000
vt 0.022656 0.940000
vt -1.668750 1.000000
vt -1.668750 0.940000
s 1
usemtl green_plastic
f 561/208/80 562/209/80 563/210/80
f 564/211/81 565/212/81 566/208/81
f 567/213/80 568/214/80 569/211/80
f 570/215/80 571/216/80 572/213/80
f 573/217/80 574/218/80 575/215/80
f 576/219/82 577/220/82 578/217/82
f 579/221/80 580/222/80 581/219/80
f 582/223/80 583/224/80 584/221/80
f 585/225/80 586/226/80 587/223/80
f 588/227/80 589/228/80 590/225/80
f 591/229/80 592/230/80 593/227/80
f 594/231/80 595/232/80 596/229/80
f 597/208/80 598/210/80 599/231/80
f 600/213/82 601/211/82 602/208/82
f 603/217/80 604/215/80 605/213/80
f 606/221/80 607/219/80 608/217/80
f 609/225/80 610/223/80 611/221/80
f 612/229/80 613/227/80 614/225/80
f 615/208/80 616/231/80 617/229/80
f 618/217/80 619/213/80 620/208/80
f 621/225/80 622/221/80 623/217/80
f 624/208/80 625/229/80 626/225/80
f 627/225/80 628/217/80 629/208/80
f 630/210/83 631/209/83 632/208/83
f 633/208/84 634/212/84 635/211/84
f 636/211/83 637/214/83 638/213/83
f 639/213/85 640/216/85 641/215/85
f 642/215/83 643/218/83 644/217/83
f 645/217/83 646/220/83 647/219/83
f 648/219/83 649/222/83 650/221/83
f 651/221/83 652/224/83 653/223/83
f 654/223/83 655/226/83 656/225/83
f 657/225/83 658/228/83 659/227/83
f 660/227/83 661/230/83 662/229/83
f 663/229/83 664/232/83 665/231/83
f 666/231/83 667/210/83 668/208/83
f 669/208/85 670/211/85 671/213/85
f 672/213/83 673/215/83 674/217/83
f 675/217/83 676/219/83 677/221/83
f 678/221/83 679/223/83 680/225/83
f 681/225/83 682/227/83 683/229/83
f 684/229/83 685/231/83 686/208/83
f 687/208/83 688/213/83 689/217/83
f 690/217/83 691/221/83 692/225/83
f 693/225/83 694/229/83 695/208/83
f 696/208/83 697/217/83 698/225/83
f 699/233/86 700/234/86 701/235/86
f 702/234/86 703/236/86 704/235/86
f 705/234/87 706/237/87 707/236/87
f 708/237/87 709/238/87 710/236/87
f 711/237/88 712/239/88 713/238/88
f 714/239/88 715/240/88 716/238/88
f 717/239/89 718/241/89 719/240/89
f 720/241/89 721/242/89 722/240/89
f 723/241/90 724/243/90 725/242/90
f 726/243/90 727/244/90 728/242/90
f 729/243/91 730/245/91 731/244/91
f 732/245/91 733/246/91 734/244/91
f 735/245/92 736/247/92 737/246/92
f 738/247/92 739/248/92 740/246/92
f 741/247/93 742/249/93 743/248/93
f 744/249/93 745/250/93 746/248/93
f 747/249/94 748/251/94 749/250/94
f 750/251/94 751/252/94 752/250/94
f 753/251/95 754/253/95 755/252/95
f 756/253/95 757/254/95 758/252/95
f 759/253/96 760/255/96 761/254/96
f 762/255/96 763/256/96 764/254/96
f 765/255/97 766/257/97 767/256/97
f 768/257/97 769/258/97 770/256/97
f 771/257/98 772/259/98 773/258/98
f 774/259/98 775/260/98 776/258/98
f 777/259/99 778/261/99 779/260/99
f 780/261/99 781/262/99 782/260/99
f 783/263/100 784/264/100 785/265/100
f 786/264/100 787/266/100 788/265/100
f 789/264/101 790/267/101 791/266/101
f 792/267/101 793/268/101 794/266/101
f 795/267/102 796/269/102 797/268/102
f 798/269/102 799/270/102 800/268/102
f 801/269/103 802/271/103 803/270/103
f 804/271/103 805/272/103 806/270/103
f 807/271/104 808/273/104 809/272/104
f 810/273/105 811/274/105 812/272/105
f 813/273/106 814/275/106 815/274/106
f 816/275/106 817/276/106 818/274/106
f 819/275/107 820/277/107 821/276/107
f 822/277/107 823/278/107 824/276/107
f 825/279/108 826/261/108 827/280/108
f 828/261/108 829/262/108 830/280/108
f 831/261/109 832/259/109 833/262/109
f 834/259/109 835/260/109 836/262/109
f 837/259/110 838/257/110 839/260/110
f 840/257/110 841/258/110 842/260/110
f 843/257/111 844/233/111 845/258/111
f 846/233/111 847/235/111 848/258/111
o green_fin2
v -1.461444 -0.001311 -0.029151
v -2.961498 -0.049706 -0.029151
v -3.030238 -0.040692 -0.029151
v -1.634930 0.116004 -0.029151
v -1.542462 0.053521 -0.029151
v -1.461444 -0.001311 -0.029151
v -1.850062 0.252809 -0.029151
v -1.737809 0.183360 -0.029151
v -1.634930 0.116004 -0.029151
v -2.098529 0.386871 -0.029151
v -1.970649 0.321572 -0.029151
v -1.850062 0.252809 -0.029151
v -2.372024 0.495959 -0.029151
v -2.232668 0.445926 -0.029151
v -2.098529 0.386871 -0.029151
v -2.662236 0.557844 -0.029151
v -2.515560 0.534191 -0.029151
v -2.372024 0.495959 -0.029151
v -2.960855 0.550293 -0.029151
v -2.811014 0.564137 -0.029151
v -2.662236 0.557844 -0.029151
v -3.085958 0.453899 -0.029151
v -3.029652 0.507051 -0.029151
v -2.960855 0.550293 -0.029151
v -3.161093 0.328285 -0.029151
v -3.129774 0.393442 -0.029151
v -3.085958 0.453899 -0.029151
v -3.186236 0.194284 -0.029151
v -3.179914 0.261031 -0.029151
v -3.161093 0.328285 -0.029151
v -3.161366 0.072729 -0.029151
v -3.180054 0.130649 -0.029151
v -3.186236 0.194284 -0.029151
v -3.086461 -0.015545 -0.029151
v -3.130169 0.023130 -0.029151
v -3.161366 0.072729 -0.029151
v -1.461444 -0.001311 -0.029151
v -3.030238 -0.040692 -0.029151
v -3.086461 -0.015545 -0.029151
v -1.850062 0.252809 -0.029151
v -1.634930 0.116004 -0.029151
v -1.461444 -0.001311 -0.029151
v -2.372024 0.495959 -0.029151
v -2.098529 0.386871 -0.029151
v -1.850062 0.252809 -0.029151
v -2.960855 0.550293 -0.029151
v -2.662236 0.557844 -0.029151
v -2.372024 0.495959 -0.029151
v -3.161093 0.328285 -0.029151
v -3.085958 0.453899 -0.029151
v -2.960855 0.550293 -0.029151
v -3.161366 0.072729 -0.029151
v -3.186236 0.194284 -0.029151
v -3.161093 0.328285 -0.029151
v -1.461444 -0.001311 -0.029151
v -3.086461 -0.015545 -0.029151
v -3.161366 0.072729 -0.029151
v -2.372024 0.495959 -0.029151
v -1.850062 0.252809 -0.029151
v -1.461444 -0.001311 -0.029151
v -3.161093 0.328285 -0.029151
v -2.960855 0.550293 -0.029151
v -2.372024 0.495959 -0.029151
v -1.461444 -0.001311 -0.029151
v -3.161366 0.072729 -0.029151
v -3.161093 0.328285 -0.029151
v -3.161093 0.328285 -0.029151
v -2.372024 0.495959 -0.029151
v -1.461444 -0.001311 -0.029151
v -3.030238 -0.040692 0.030849
v -2.961498 -0.049706 0.030849
v -1.461444 -0.001311 0.030849
v -1.461444 -0.001311 0.030849
v -1.542462 0.053521 0.030849
v -1.634930 0.116004 0.030849
v -1.634930 0.116004 0.030849
v -1.737809 0.183360 0.030849
v -1.850062 0.252809 0.030849
v -1.850062 0.252809 0.030849
v -1.970649 0.321572 0.030849
v -2.098529 0.386871 0.030849
v -2.098529 0.386871 0.030849
v -2.232668 0.445926 0.030849
v -2.372024 0.495959 0.030849
v -2.372024 0.495959 0.030849
v -2.515560 0.534191 0.030849
v -2.662236 0.557844 0.030849
v -2.662236 0.557844 0.030849
v -2.811014 0.564137 0.030849
v -2.960855 0.550293 0.030849
v -2.960855 0.550293 0.030849
v -3.029652 0.507051 0.030849
v -3.085958 0.453899 0.030849
v -3.085958 0.453899 0.030849
v -3.129774 0.393442 0.030849
v -3.161093 0.328285 0.030849
v -3.161093 0.328285 0.030849
v -3.179914 0.261031 0.030849
v -3.186236 0.194284 0.030849
v -3.186236 0.194284 0.030849
v -3.180054 0.130649 0.030849
v -3.161366 0.072729 0.030849
v -3.161366 0.072729 0.030849
v -3.130169 0.023130 0.030849
v -3.086461 -0.015545 0.030849
v -3.086461 -0.015545 0.030849
v -3.030238 -0.040692 0.030849
v -1.461444 -0.001311 0.030849
v -1.461444 -0.001311 0.030849
v -1.634930 0.116004 0.030849
v -1.850062 0.252809 0.030849
v -1.850062 0.252809 0.030849
v -2.098529 0.386871 0.030849
v -2.372024 0.495959 0.030849
v -2.372024 0.495959 0.030849
v -2.662236 0.557844 0.030849
v -2.960855 0.550293 0.030849
v -2.960855 0.550293 0.030849
v -3.085958 0.453899 0.030849
v -3.161093 0.328285 0.030849
v -3.161093 0.328285 0.030849
v -3.186236 0.194284 0.030849
v -3.161366 0.072729 0.030849
v -3.161366 0.072729 0.030849
v -3.086461 -0.015545 0.030849
v -1.461444 -0.001311 0.030849
v -1.461444 -0.001311 0.030849
v -1.850062 0.252809 0.030849
v -2.372024 0.495959 0.030849
v -2.372024 0.495959 0.030849
v -2.960855 0.550293 0.030849
v -3.161093 0.328285 0.030849
v -3.161093 0.328285 0.030849
v -3.161366 0.072729 0.030849
v -1.461444 -0.001311 0.030849
v -1.461444 -0.001311 0.030849
v -2.372024 0.495959 0.030849
v -3.161093 0.328285 0.030849
v -1.461444 -0.001311 -0.029151
v -1.542462 0.053521 -0.029151
v -1.461444 -0.001311 0.030849
v -1.542462 0.053521 -0.029151
v -1.542462 0.053521 0.030849
v -1.461444 -0.001311 0.030849
v -1.542462 0.053521 -0.029151
v -1.634930 0.116004 -0.029151
v -1.542462 0.053521 0.030849
v -1.634930 0.116004 -0.029151
v -1.634930 0.116004 0.030849
v -1.542462 0.053521 0.030849
v -1.634930 0.116004 -0.029151
v -1.737809 0.183360 -0.029151
v -1.634930 0.116004 0.030849
v -1.737809 0.183360 -0.029151
v -1.737809 0.183360 0.030849
v -1.634930 0.116004 0.030849
v -1.737809 0.183360 -0.029151
v -1.850062 0.252809 -0.029151
v -1.737809 0.183360 0.030849
v -1.850062 0.252809 -0.029151
v -1.850062 0.252809 0.030849
v -1.737809 0.183360 0.030849
v -1.850062 0.252809 -0.029151
v -1.970649 0.321572 -0.029151
v -1.850062 0.252809 0.030849
v -1.970649 0.321572 -0.029151
v -1.970649 0.321572 0.030849
v -1.850062 0.252809 0.030849
v -1.970649 0.321572 -0.029151
v -2.098529 0.386871 -0.029151
v -1.970649 0.321572 0.030849
v -2.098529 0.386871 -0.029151
v -2.098529 0.386871 0.030849
v -1.970649 0.321572 0.030849
v -2.098529 0.386871 -0.029151
v -2.232668 0.445926 -0.029151
v -2.098529 0.386871 0.030849
v -2.232668 0.445926 -0.029151
v -2.232668 0.445926 0.030849
v -2.098529 0.386871 0.030849
v -2.232668 0.445926 -0.029151
v -2.372024 0.495959 -0.029151
v -2.232668 0.445926 0.030849
v -2.372024 0.495959 -0.029151
v -2.372024 0.495959 0.030849
v -2.232668 0.445926 0.030849
v -2.372024 0.495959 -0.029151
v -2.515560 0.534191 -0.029151
v -2.372024 0.495959 0.030849
v -2.515560 0.534191 -0.029151
v -2.515560 0.534191 0.030849
v -2.372024 0.495959 0.030849
v -2.515560 0.534191 -0.029151
v -2.662236 0.557844 -0.029151
v -2.515560 0.534191 0.030849
v -2.662236 0.557844 -0.029151
v -2.662236 0.557844 0.030849
v -2.515560 0.534191 0.030849
v -2.662236 0.557844 -0.029151
v -2.811014 0.564137 -0.029151
v -2.662236 0.557844 0.030849
v -2.811014 0.564137 -0.029151
v -2.811014 0.564137 0.030849
v -2.662236 0.557844 0.030849
v -2.811014 0.564137 -0.029151
v -2.960855 0.550293 -0.029151
v -2.811014 0.564137 0.030849
v -2.960855 0.550293 -0.029151
v -2.960855 0.550293 0.030849
v -2.811014 0.564137 0.030849
v -2.960855 0.550293 -0.029151
v -3.029652 0.507051 -0.029151
v -2.960855 0.550293 0.030849
v -3.029652 0.507051 -0.029151
v -3.029652 0.507051 0.030849
v -2.960855 0.550293 0.030849
v -3.029652 0.507051 -0.029151
v -3.085958 0.453899 -0.029151
v -3.029652 0.507051 0.030849
v -3.085958 0.453899 -0.029151
v -3.085958 0.453899 0.030849
v -3.029652 0.507051 0.030849
v -3.085958 0.453899 -0.029151
v -3.129774 0.393442 -0.029151
v -3.085958 0.453899 0.030849
v -3.129774 0.393442 -0.029151
v -3.129774 0.393442 0.030849
v -3.085958 0.453899 0.030849
v -3.129774 0.393442 -0.029151
v -3.161093 0.328285 -0.029151
v -3.129774 0.393442 0.030849
v -3.161093 0.328285 -0.029151
v -3.161093 0.328285 0.030849
v -3.129774 0.393442 0.030849
v -3.161093 0.328285 -0.029151
v -3.179914 0.261031 -0.029151
v -3.161093 0.328285 0.030849
v -3.179914 0.261031 -0.029151
v -3.179914 0.261031 0.030849
v -3.161093 0.328285 0.030849
v -3.179914 0.261031 -0.029151
v -3.186236 0.194284 -0.029151
v -3.179914 0.261031 0.030849
v -3.186236 0.194284 -0.029151
v -3.186236 0.194284 0.030849
v -3.179914 0.261031 0.030849
v -3.186236 0.194284 -0.029151
v -3.180054 0.130649 -0.029151
v -3.186236 0.194284 0.030849
v -3.180054 0.130649 -0.029151
v -3.180054 0.130649 0.030849
v -3.186236 0.194284 0.030849
v -3.180054 0.130649 -0.029151
v -3.161366 0.072729 -0.029151
v -3.180054 0.130649 0.030849
v -3.161366 0.072729 -0.029151
v -3.161366 0.072729 0.030849
v -3.180054 0.130649 0.030849
v -3.161366 0.072729 -0.029151
v -3.130169 0.023130 -0.029151
v -3.161366 0.072729 0.030849
v -3.130169 0.023130 -0.029151
v -3.130169 0.023130 0.030849
v -3.161366 0.072729 0.030849
v -3.130169 0.023130 -0.029151
v -3.086461 -0.015545 -0.029151
v -3.130169 0.023130 0.030849
v -3.086461 -0.015545 -0.029151
v -3.086461 -0.015545 0.030849
v -3.130169 0.023130 0.030849
v -3.086461 -0.015545 -0.029151
v -3.030238 -0.040692 -0.029151
v -3.086461 -0.015545 0.030849
v -3.030238 -0.040692 -0.029151
v -3.030238 -0.040692 0.030849
v -3.086461 -0.015545 0.030849
v -3.030238 -0.040692 -0.029151
v -2.961498 -0.049706 -0.029151
v -3.030238 -0.040692 0.030849
v -2.961498 -0.049706 -0.029151
v -2.961498 -0.049706 0.030849
v -3.030238 -0.040692 0.030849
v -2.961498 -0.049706 -0.029151
v -1.461444 -0.001311 -0.029151
v -2.961498 -0.049706 0.030849
v -1.461444 -0.001311 -0.029151
v -1.461444 -0.001311 0.030849
v -2.961498 -0.049706 0.030849
vn -0.0000 -0.0000 -1.0000
vn -0.0000 -0.0000 1.0000
vn 0.5605 0.8282 -0.0000
vn 0.5599 0.8286 -0.0000
vn 0.5478 0.8366 -0.0000
vn 0.5261 0.8504 -0.0000
vn 0.4954 0.8687 -0.0000
vn 0.4548 0.8906 -0.0000
vn 0.4029 0.9152 -0.0000
vn 0.3379 0.9412 -0.0000
vn 0.2574 0.9663 -0.0000
vn 0.1592 0.9872 -0.0000
vn 0.0423 0.9991 -0.0000
vn -0.0920 0.9958 -0.0000
vn -0.5322 0.8466 -0.0000
vn -0.6864 0.7272 -0.0000
vn -0.8097 0.5868 -0.0000
vn -0.9013 0.4332 -0.0000
vn -0.9630 0.2695 -0.0000
vn -0.9955 0.0943 -0.0000
vn -0.9953 -0.0967 -0.0000
vn -0.9517 -0.3071 -0.0000
vn -0.8465 -0.5324 -0.0000
vn -0.6627 -0.7489 -0.0000
vn -0.4083 -0.9129 -0.0000
vn -0.1300 -0.9915 -0.0000
vn 0.0322 -0.9995 -0.0000
vt 0.000000 0.000000
vt -1.500000 -0.050000
vt -1.568750 -0.041059
vt -0.173611 0.117130
vt -0.081076 0.054745
vt -0.388889 0.253704
vt -0.276563 0.184375
vt -0.637500 0.387500
vt -0.509549 0.322338
vt -0.911111 0.496296
vt -0.771701 0.446412
vt -1.201389 0.557870
vt -1.054688 0.534375
vt -1.500000 0.550000
vt -1.350174 0.564005
vt -1.625000 0.453472
vt -1.568750 0.506684
vt -1.700000 0.327778
vt -1.668750 0.392969
vt -1.725000 0.193750
vt -1.718750 0.260503
vt -1.700000 0.072222
vt -1.718750 0.130122
vt -1.625000 -0.015972
vt -1.668750 0.022656
vt 0.000000 1.000000
vt -0.081076 1.000000
vt 0.000000 0.940000
vt -0.081076 0.940000
vt -0.173611 1.000000
vt -0.173611 0.940000
vt -0.276563 1.000000
vt -0.276563 0.940000
vt -0.388889 1.000000
vt -0.388889 0.940000
vt -0.509549 1.000000
vt -0.509549 0.940000
vt -0.637500 1.000000
vt -0.637500 0.940000
vt -0.771701 1.000000
vt -0.771701 0.940000
vt -0.911111 1.000000
vt -0.911111 0.940000
vt -1.054688 1.000000
vt -1.054688 0.940000
vt -1.201389 1.000000
vt -1.201389 0.940000
vt -1.350174 1.000000
vt -1.350174 0.940000
vt -1.500000 1.000000
vt -1.500000 0.940000
vt -1.568750 1.000000
vt -1.568750 0.940000
vt -1.625000 1.000000
vt -1.625000 0.940000
vt 0.453472 1.000000
vt 0.392969 1.000000
vt 0.453472 0.940000
vt 0.392969 0.940000
vt 0.327778 1.000000
vt 0.327778 0.940000
vt 0.260503 1.000000
vt 0.260503 0.940000
vt 0.193750 1.000000
vt 0.193750 0.940000
vt 0.130122 1.000000
vt 0.130122 0.940000
vt 0.072222 1.000000
vt 0.072222 0.940000
vt 0.022656 1.000000
vt 0.022656 0.940000
vt -1.668750 1.000000
vt -1.668750 0.940000
s 1
usemtl green_plastic
f 849/281/112 850/282/112 851/283/112
f 852/284/112 853/285/112 854/281/112
f 855/286/112 856/287/112 857/284/112
f 858/288/112 859/289/112 860/286/112
f 861/290/112 862/291/112 863/288/112
f 864/292/112 865/293/112 866/290/112
f 867/294/112 868/295/112 869/292/112
f 870/296/112 871/297/112 872/294/112
f 873/298/112 874/299/112 875/296/112
f 876/300/112 877/301/112 878/298/112
f 879/302/112 880/303/112 881/300/112
f 882/304/112 883/305/112 884/302/112
f 885/281/112 886/283/112 887/304/112
f 888/286/112 889/284/112 890/281/112
f 891/290/112 892/288/112 893/286/112
f 894/294/112 895/292/112 896/290/112
f 897/298/112 898/296/112 899/294/112
f 900/302/112 901/300/112 902/298/112
f 903/281/112 904/304/112 905/302/112
f 906/290/112 907/286/112 908/281/112
f 909/298/112 910/294/112 911/290/112
f 912/281/112 913/302/112 914/298/112
f 915/298/112 916/290/112 917/281/112
f 918/283/113 919/282/113 920/281/113
f 921/281/113 922/285/113 923/284/113
f 924/284/113 925/287/113 926/286/113
f 927/286/113 928/289/113 929/288/113
f 930/288/113 931/291/113 932/290/113
f 933/290/113 934/293/113 935/292/113
f 936/292/113 937/295/113 938/294/113
f 939/294/113 940/297/113 941/296/113
f 942/296/113 943/299/113 944/298/113
f 945/298/113 946/301/113 947/300/113
f 948/300/113 949/303/113 950/302/113
f 951/302/113 952/305/113 953/304/113
f 954/304/113 955/283/113 956/281/113
f 957/281/113 958/284/113 959/286/113
f 960/286/113 961/288/113 962/290/113
f 963/290/113 964/292/113 965/294/113
f 966/294/113 967/296/113 968/298/113
f 969/298/113 970/300/113 971/302/113
f 972/302/113 973/304/113 974/281/113
f 975/281/113 976/286/113 977/290/113
f 978/290/113 979/294/113 980/298/113
f 981/298/113 982/302/113 983/281/113
f 984/281/113 985/290/113 986/298/113
f 987/306/114 988/307/114 989/308/114
f 990/307/114 991/309/114 992/308/114
f 993/307/115 994/310/115 995/309/115
f 996/310/115 997/311/115 998/309/115
f 999/310/116 1000/312/116 1001/311/116
f 1002/312/116 1003/313/116 1004/311/116
f 1005/312/117 1006/314/117 1007/313/117
f 1008/314/117 1009/315/117 1010/313/117
f 1011/314/118 1012/316/118 1013/315/118
f 1014/316/118 1015/317/118 1016/315/118
f 1017/316/119 1018/318/119 1019/317/119
f 1020/318/119 1021/319/119 1022/317/119
f 1023/318/120 1024/320/120 1025/319/120
f 1026/320/120 1027/321/120 1028/319/120
f 1029/320/121 1030/322/121 1031/321/121
f 1032/322/121 1033/323/121 1034/321/121
f 1035/322/122 1036/324/122 1037/323/122
f 1038/324/122 1039/325/122 1040/323/122
f 1041/324/123 1042/326/123 1043/325/123
f 1044/326/123 1045/327/123 1046/325/123
f 1047/326/124 1048/328/124 1049/327/124
f 1050/328/124 1051/329/124 1052/327/124
f 1053/328/125 1054/330/125 1055/329/125
f 1056/330/125 1057/331/125 1058/329/125
f 1059/330/126 1060/332/126 1061/331/126
f 1062/332/126 1063/333/126 1064/331/126
f 1065/332/127 1066/334/127 1067/333/127
f 1068/334/127 1069/335/127 1070/333/127
f 1071/336/128 1072/337/128 1073/338/128
f 1074/337/128 1075/339/128 1076/338/128
f 1077/337/129 1078/340/129 1079/339/129
f 1080/340/129 1081/341/129 1082/339/129
f 1083/340/130 1084/342/130 1085/341/130
f 1086/342/130 1087/343/130 1088/341/130
f 1089/342/131 1090/344/131 1091/343/131
f 1092/344/131 1093/345/131 1094/343/131
f 1095/344/132 1096/346/132 1097/345/132
f 1098/346/132 1099/347/132 1100/345/132
f 1101/346/133 1102/348/133 1103/347/133
f 1104/348/133 1105/349/133 1106/347/133
f 1107/348/134 1108/350/134 1109/349/134
f 1110/350/134 1111/351/134 1112/349/134
f 1113/352/135 1114/334/135 1115/353/135
f 1116/334/135 1117/335/135 1118/353/135
f 1119/334/136 1120/332/136 1121/335/136
f 1122/332/136 1123/333/136 1124/335/136
f 1125/332/137 1126/330/137 1127/333/137
f 1128/330/137 1129/331/137 1130/333/137
f 1131/330/138 1132/306/138 1133/331/138
f 1134/306/138 1135/308/138 1136/331/138
o green_fin3
v -1.461413 0.028689 0.000849
v -2.961412 0.030293 -0.049151
v -3.030162 0.030367 -0.040210
v -1.635024 0.028874 0.117979
v -1.542489 0.028775 0.055594
v -1.461413 0.028689 0.000849
v -1.850301 0.029105 0.254553
v -1.737975 0.028984 0.185224
v -1.635024 0.028874 0.117979
v -2.098912 0.029371 0.388349
v -1.970961 0.029234 0.323187
v -1.850301 0.029105 0.254553
v -2.372523 0.029664 0.497145
v -2.233114 0.029514 0.447261
v -2.098912 0.029371 0.388349
v -2.662802 0.029974 0.558719
v -2.516099 0.029817 0.535224
v -2.372523 0.029664 0.497145
v -2.961412 0.030293 0.550849
v -2.811586 0.030133 0.564854
v -2.662802 0.029974 0.558719
v -3.086412 0.030427 0.454321
v -3.030162 0.030367 0.507533
v -2.961412 0.030293 0.550849
v -3.161412 0.030507 0.328627
v -3.130162 0.030474 0.393818
v -3.086412 0.030427 0.454321
v -3.186412 0.030534 0.194599
v -3.180161 0.030528 0.261352
v -3.161412 0.030507 0.328627
v -3.161412 0.030507 0.073071
v -3.180161 0.030528 0.130971
v -3.186412 0.030534 0.194599
v -3.086412 0.030427 -0.015123
v -3.130162 0.030474 0.023505
v -3.161412 0.030507 0.073071
v -1.461413 0.028689 0.000849
v -3.030162 0.030367 -0.040210
v -3.086412 0.030427 -0.015123
v -1.850301 0.029105 0.254553
v -1.635024 0.028874 0.117979
v -1.461413 0.028689 0.000849
v -2.372523 0.029664 0.497145
v -2.098912 0.029371 0.388349
v -1.850301 0.029105 0.254553
v -2.961412 0.030293 0.550849
v -2.662802 0.029974 0.558719
v -2.372523 0.029664 0.497145
v -3.161412 0.030507 0.328627
v -3.086412 0.030427 0.454321
v -2.961412 0.030293 0.550849
v -3.161412 0.030507 0.073071
v -3.186412 0.030534 0.194599
v -3.161412 0.030507 0.328627
v -1.461413 0.028689 0.000849
v -3.086412 0.030427 -0.015123
v -3.161412 0.030507 0.073071
v -2.372523 0.029664 0.497145
v -1.850301 0.029105 0.254553
v -1.461413 0.028689 0.000849
v -3.161412 0.030507 0.328627
v -2.961412 0.030293 0.550849
v -2.372523 0.029664 0.497145
v -1.461413 0.028689 0.000849
v -3.161412 0.030507 0.073071
v -3.161412 0.030507 0.328627
v -3.161412 0.030507 0.328627
v -2.372523 0.029664 0.497145
v -1.461413 0.028689 0.000849
v -3.030226 -0.029633 -0.040210
v -2.961476 -0.029707 -0.049151
v -1.461477 -0.031311 0.000849
v -1.461477 -0.031311 0.000849
v -1.542553 -0.031224 0.055594
v -1.635088 -0.031126 0.117979
v -1.635088 -0.031126 0.117979
v -1.738039 -0.031015 0.185224
v -1.850365 -0.030895 0.254553
v -1.850365 -0.030895 0.254553
v -1.971025 -0.030766 0.323187
v -2.098977 -0.030629 0.388349
v -2.098977 -0.030629 0.388349
v -2.233178 -0.030485 0.447261
v -2.372588 -0.030336 0.497145
v -2.372588 -0.030336 0.497145
v -2.516164 -0.030183 0.535224
v -2.662865 -0.030026 0.558719
v -2.662865 -0.030026 0.558719
v -2.811650 -0.029867 0.564854
v -2.961476 -0.029707 0.550849
v -2.961476 -0.029707 0.550849
v -3.030226 -0.029633 0.507533
v -3.086476 -0.029573 0.454321
v -3.086476 -0.029573 0.454321
v -3.130226 -0.029526 0.393818
v -3.161476 -0.029492 0.328627
v -3.161476 -0.029492 0.328627
v -3.180227 -0.029472 0.261352
v -3.186476 -0.029465 0.194599
v -3.186476 -0.029465 0.194599
v -3.180227 -0.029472 0.130971
v -3.161476 -0.029492 0.073071
v -3.161476 -0.029492 0.073071
v -3.130226 -0.029526 0.023505
v -3.086476 -0.029573 -0.015123
v -3.086476 -0.029573 -0.015123
v -3.030226 -0.029633 -0.040210
v -1.461477 -0.031311 0.000849
v -1.461477 -0.031311 0.000849
v -1.635088 -0.031126 0.117979
v -1.850365 -0.030895 0.254553
v -1.850365 -0.030895 0.254553
v -2.098977 -0.030629 0.388349
v -2.372588 -0.030336 0.497145
v -2.372588 -0.030336 0.497145
v -2.662865 -0.030026 0.558719
v -2.961476 -0.029707 0.550849
v -2.961476 -0.029707 0.550849
v -3.086476 -0.029573 0.454321
v -3.161476 -0.029492 0.328627
v -3.161476 -0.029492 0.328627
v -3.186476 -0.029465 0.194599
v -3.161476 -0.029492 0.073071
v -3.161476 -0.029492 0.073071
v -3.086476 -0.029573 -0.015123
v -1.461477 -0.031311 0.000849
v -1.461477 -0.031311 0.000849
v -1.850365 -0.030895 0.254553
v -2.372588 -0.030336 0.497145
v -2.372588 -0.030336 0.497145
v -2.961476 -0.029707 0.550849
v -3.161476 -0.029492 0.328627
v -3.161476 -0.029492 0.328627
v -3.161476 -0.029492 0.073071
v -1.461477 -0.031311 0.000849
v -1.461477 -0.031311 0.000849
v -2.372588 -0.030336 0.497145
v -3.161476 -0.029492 0.328627
v -1.461413 0.028689 0.000849
v -1.542489 0.028775 0.055594
v -1.461477 -0.031311 0.000849
v -1.542489 0.028775 0.055594
v -1.542553 -0.031224 0.055594
v -1.461477 -0.031311 0.000849
v -1.542489 0.028775 0.055594
v -1.635024 0.028874 0.117979
v -1.542553 -0.031224 0.055594
v -1.635024 0.028874 0.117979
v -1.635088 -0.031126 0.117979
v -1.542553 -0.031224 0.055594
v -1.635024 0.028874 0.117979
v -1.737975 0.028984 0.185224
v -1.635088 -0.031126 0.117979
v -1.737975 0.028984 0.185224
v -1.738039 -0.031015 0.185224
v -1.635088 -0.031126 0.117979
v -1.737975 0.028984 0.185224
v -1.850301 0.029105 0.254553
v -1.738039 -0.031015 0.185224
v -1.850301 0.029105 0.254553
v -1.850365 -0.030895 0.254553
v -1.738039 -0.031015 0.185224
v -1.850301 0.029105 0.254553
v -1.970961 0.029234 0.323187
v -1.850365 -0.030895 0.254553
v -1.970961 0.029234 0.323187
v -1.971025 -0.030766 0.323187
v -1.850365 -0.030895 0.254553
v -1.970961 0.029234 0.323187
v -2.098912 0.029371 0.388349
v -1.971025 -0.030766 0.323187
v -2.098912 0.029371 0.388349
v -2.098977 -0.030629 0.388349
v -1.971025 -0.030766 0.323187
v -2.098912 0.029371 0.388349
v -2.233114 0.029514 0.447261
v -2.098977 -0.030629 0.388349
v -2.233114 0.029514 0.447261
v -2.233178 -0.030485 0.447261
v -2.098977 -0.030629 0.388349
v -2.233114 0.029514 0.447261
v -2.372523 0.029664 0.497145
v -2.233178 -0.030485 0.447261
v -2.372523 0.029664 0.497145
v -2.372588 -0.030336 0.497145
v -2.233178 -0.030485 0.447261
v -2.372523 0.029664 0.497145
v -2.516099 0.029817 0.535224
v -2.372588 -0.030336 0.497145
v -2.516099 0.029817 0.535224
v -2.516164 -0.030183 0.535224
v -2.372588 -0.030336 0.497145
v -2.516099 0.029817 0.535224
v -2.662802 0.029974 0.558719
v -2.516164 -0.030183 0.535224
v -2.662802 0.029974 0.558719
v -2.662865 -0.030026 0.558719
v -2.516164 -0.030183 0.535224
v -2.662802 0.029974 0.558719
v -2.811586 0.030133 0.564854
v -2.662865 -0.030026 0.558719
v -2.811586 0.030133 0.564854
v -2.811650 -0.029867 0.564854
v -2.662865 -0.030026 0.558719
v -2.811586 0.030133 0.564854
v -2.961412 0.030293 0.550849
v -2.811650 -0.029867 0.564854
v -2.961412 0.030293 0.550849
v -2.961476 -0.029707 0.550849
v -2.811650 -0.029867 0.564854
v -2.961412 0.030293 0.550849
v -3.030162 0.030367 0.507533
v -2.961476 -0.029707 0.550849
v -3.030162 0.030367 0.507533
v -3.030226 -0.029633 0.507533
v -2.961476 -0.029707 0.550849
v -3.030162 0.030367 0.507533
v -3.086412 0.030427 0.454321
v -3.030226 -0.029633 0.507533
v -3.086412 0.030427 0.454321
v -3.086476 -0.029573 0.454321
v -3.030226 -0.029633 0.507533
v -3.086412 0.030427 0.454321
v -3.130162 0.030474 0.393818
v -3.086476 -0.029573 0.454321
v -3.130162 0.030474 0.393818
v -3.130226 -0.029526 0.393818
v -3.086476 -0.029573 0.454321
v -3.130162 0.030474 0.393818
v -3.161412 0.030507 0.328627
v -3.130226 -0.029526 0.393818
v -3.161412 0.030507 0.328627
v -3.161476 -0.029492 0.328627
v -3.130226 -0.029526 0.393818
v -3.161412 0.030507 0.328627
v -3.180161 0.030528 0.261352
v -3.161476 -0.029492 0.328627
v -3.180161 0.030528 0.261352
v -3.180227 -0.029472 0.261352
v -3.161476 -0.029492 0.328627
v -3.180161 0.030528 0.261352
v -3.186412 0.030534 0.194599
v -3.180227 -0.029472 0.261352
v -3.186412 0.030534 0.194599
v -3.186476 -0.029465 0.194599
v -3.180227 -0.029472 0.261352
v -3.186412 0.030534 0.194599
v -3.180161 0.030528 0.130971
v -3.186476 -0.029465 0.194599
v -3.180161 0.030528 0.130971
v -3.180227 -0.029472 0.130971
v -3.186476 -0.029465 0.194599
v -3.180161 0.030528 0.130971
v -3.161412 0.030507 0.073071
v -3.180227 -0.029472 0.130971
v -3.161412 0.030507 0.073071
v -3.161476 -0.029492 0.073071
v -3.180227 -0.029472 0.130971
v -3.161412 0.030507 0.073071
v -3.130162 0.030474 0.023505
v -3.161476 -0.029492 0.073071
v -3.130162 0.030474 0.023505
v -3.130226 -0.029526 0.023505
v -3.161476 -0.029492 0.073071
v -3.130162 0.030474 0.023505
v -3.086412 0.030427 -0.015123
v -3.130226 -0.029526 0.023505
v -3.086412 0.030427 -0.015123
v -3.086476 -0.029573 -0.015123
v -3.130226 -0.029526 0.023505
v -3.086412 0.030427 -0.015123
v -3.030162 0.030367 -0.040210
v -3.086476 -0.029573 -0.015123
v -3.030162 0.030367 -0.040210
v -3.030226 -0.029633 -0.040210
v -3.086476 -0.029573 -0.015123
v -3.030162 0.030367 -0.040210
v -2.961412 0.030293 -0.049151
v -3.030226 -0.029633 -0.040210
v -2.961412 0.030293 -0.049151
v -2.961476 -0.029707 -0.049151
v -3.030226 -0.029633 -0.040210
v -2.961412 0.030293 -0.049151
v -1.461413 0.028689 0.000849
v -2.961476 -0.029707 -0.049151
v -1.461413 0.028689 0.000849
v -1.461477 -0.031311 0.000849
v -2.961476 -0.029707 -0.049151
vn 0.0011 1.0000 -0.0000
vn 0.0002 1.0000 0.0005
vn 0.0011 1.0000 0.0001
vn -0.0011 -1.0000 -0.0000
vn -0.0020 -1.0000 -0.0000
vn -0.0021 -1.0000 -0.0000
vn -0.0011 -1.0000 -0.0001
vn 0.5596 -0.0006 0.8288
vn 0.5590 -0.0006 0.8292
vn 0.5469 -0.0006 0.8372
vn 0.5252 -0.0006 0.8510
vn 0.4944 -0.0005 0.8692
vn 0.4538 -0.0005 0.8911
vn 0.4020 -0.0004 0.9157
vn 0.3369 -0.0004 0.9415
vn 0.2564 -0.0003 0.9666
vn 0.1581 -0.0002 0.9874
vn 0.0412 -0.0000 0.9992
vn -0.0931 0.0001 0.9957
vn -0.5331 0.0006 0.8461
vn -0.6872 0.0007 0.7265
vn -0.6872 0.0007 0.7264
vn -0.8103 0.0009 0.5860
vn -0.9017 0.0010 0.4323
vn -0.9633 0.0010 0.2685
vn -0.9956 0.0011 0.0932
vn -0.9952 0.0011 -0.0978
vn -0.9952 0.0011 -0.0977
vn -0.9514 0.0010 -0.3081
vn -0.8459 0.0009 -0.5333
vn -0.6619 0.0007 -0.7496
vn -0.4073 0.0004 -0.9133
vn -0.1290 0.0001 -0.9916
vn 0.0333 -0.0000 -0.9994
vt 0.000000 0.000000
vt -1.500000 -0.050000
vt -1.568750 -0.041059
vt -0.173611 0.117130
vt -0.081076 0.054745
vt -0.388889 0.253704
vt -0.276563 0.184375
vt -0.637500 0.387500
vt -0.509549 0.322338
vt -0.911111 0.496296
vt -0.771701 0.446412
vt -1.201389 0.557870
vt -1.054688 0.534375
vt -1.500000 0.550000
vt -1.350174 0.564005
vt -1.625000 0.453472
vt -1.568750 0.506684
vt -1.700000 0.327778
vt -1.668750 0.392969
vt -1.725000 0.193750
vt -1.718750 0.260503
vt -1.700000 0.072222
vt -1.718750 0.130122
vt -1.625000 -0.015972
vt -1.668750 0.022656
vt 0.000000 1.000000
vt -0.081076 1.000000
vt 0.000000 0.940000
vt -0.081076 0.940000
vt -0.173611 1.000000
vt -0.173611 0.940000
vt -0.276563 1.000000
vt -0.276563 0.940000
vt -0.388889 1.000000
vt -0.388889 0.940000
vt -0.509549 1.000000
vt -0.509549 0.940000
vt -0.637500 1.000000
vt -0.637500 0.940000
vt -0.771701 1.000000
vt -0.771701 0.940000
vt -0.911111 1.000000
vt -0.911111 0.940000
vt -1.054688 1.000000
vt -1.054688 0.940000
vt -1.201389 1.000000
vt -1.201389 0.940000
vt -1.350174 1.000000
vt -1.350174 0.940000
vt -1.500000 1.000000
vt -1.500000 0.940000
vt -1.568750 1.000000
vt -1.568750 0.940000
vt -1.625000 1.000000
vt -1.625000 0.940000
vt 0.453472 1.000000
vt 0.392969 1.000000
vt 0.453472 0.940000
vt 0.392969 0.940000
vt 0.327778 1.000000
vt 0.327778 0.940000
vt 0.260503 1.000000
vt 0.260503 0.940000
vt 0.193750 1.000000
vt 0.193750 0.940000
vt 0.130122 1.000000
vt 0.130122 0.940000
vt 0.072222 1.000000
vt 0.072222 0.940000
vt 0.022656 1.000000
vt 0.022656 0.940000
vt -1.668750 1.000000
vt -1.668750 0.940000
s 1
usemtl green_plastic
f 1137/354/139 1138/355/139 1139/356/139
f 1140/357/140 1141/358/140 1142/354/140
f 1143/359/139 1144/360/139 1145/357/139
f 1146/361/141 1147/362/141 1148/359/141
f 1149/363/139 1150/364/139 1151/361/139
f 1152/365/139 1153/366/139 1154/363/139
f 1155/367/139 1156/368/139 1157/365/139
f 1158/369/139 1159/370/139 1160/367/139
f 1161/371/139 1162/372/139 1163/369/139
f 1164/373/139 1165/374/139 1166/371/139
f 1167/375/139 1168/376/139 1169/373/139
f 1170/377/139 1171/378/139 1172/375/139
f 1173/354/139 1174/356/139 1175/377/139
f 1176/359/141 1177/357/141 1178/354/141
f 1179/363/139 1180/361/139 1181/359/139
f 1182/367/139 1183/365/139 1184/363/139
f 1185/371/139 1186/369/139 1187/367/139
f 1188/375/139 1189/373/139 1190/371/139
f 1191/354/139 1192/377/139 1193/375/139
f 1194/363/139 1195/359/139 1196/354/139
f 1197/371/139 1198/367/139 1199/363/139
f 1200/354/139 1201/375/139 1202/371/139
f 1203/371/139 1204/363/139 1205/354/139
f 1206/356/142 1207/355/142 1208/354/142
f 1209/354/143 1210/358/144 1211/357/144
f 1212/357/142 1213/360/142 1214/359/142
f 1215/359/142 1216/362/142 1217/361/142
f 1218/361/142 1219/364/142 1220/363/142
f 1221/363/145 1222/366/145 1223/365/145
f 1224/365/142 1225/368/142 1226/367/142
f 1227/367/142 1228/370/142 1229/369/142
f 1230/369/142 1231/372/142 1232/371/142
f 1233/371/142 1234/374/142 1235/373/142
f 1236/373/142 1237/376/142 1238/375/142
f 1239/375/142 1240/378/142 1241/377/142
f 1242/377/142 1243/356/142 1244/354/142
f 1245/354/145 1246/357/145 1247/359/145
f 1248/359/142 1249/361/142 1250/363/142
f 1251/363/142 1252/365/142 1253/367/142
f 1254/367/142 1255/369/142 1256/371/142
f 1257/371/142 1258/373/142 1259/375/142
f 1260/375/142 1261/377/142 1262/354/142
f 1263/354/142 1264/359/142 1265/363/142
f 1266/363/142 1267/367/142 1268/371/142
f 1269/371/142 1270/375/142 1271/354/142
f 1272/354/142 1273/363/142 1274/371/142
f 1275/379/146 1276/380/146 1277/381/146
f 1278/380/146 1279/382/146 1280/381/146
f 1281/380/147 1282/383/147 1283/382/147
f 1284/383/147 1285/384/147 1286/382/147
f 1287/383/148 1288/385/148 1289/384/148
f 1290/385/148 1291/386/148 1292/384/148
f 1293/385/149 1294/387/149 1295/386/149
f 1296/387/149 1297/388/149 1298/386/149
f 1299/387/150 1300/389/150 1301/388/150
f 1302/389/150 1303/390/150 1304/388/150
f 1305/389/151 1306/391/151 1307/390/151
f 1308/391/151 1309/392/151 1310/390/151
f 1311/391/152 1312/393/152 1313/392/152
f 1314/393/152 1315/394/152 1316/392/152
f 1317/393/153 1318/395/153 1319/394/153
f 1320/395/153 1321/396/153 1322/394/153
f 1323/395/154 1324/397/154 1325/396/154
f 1326/397/154 1327/398/154 1328/396/154
f 1329/397/155 1330/399/155 1331/398/155
f 1332/399/155 1333/400/155 1334/398/155
f 1335/399/156 1336/401/156 1337/400/156
f 1338/401/156 1339/402/156 1340/400/156
f 1341/401/157 1342/403/157 1343/402/157
f 1344/403/157 1345/404/157 1346/402/157
f 1347/403/158 1348/405/158 1349/404/158
f 1350/405/158 1351/406/158 1352/404/158
f 1353/405/159 1354/407/159 1355/406/159
f 1356/407/160 1357/408/160 1358/406/160
f 1359/409/161 1360/410/161 1361/411/161
f 1362/410/161 1363/412/161 1364/411/161
f 1365/410/162 1366/413/162 1367/412/162
f 1368/413/162 1369/414/162 1370/412/162
f 1371/413/163 1372/415/163 1373/414/163
f 1374/415/163 1375/416/163 1376/414/163
f 1377/415/164 1378/417/164 1379/416/164
f 1380/417/164 1381/418/164 1382/416/164
f 1383/417/165 1384/419/165 1385/418/165
f 1386/419/166 1387/420/166 1388/418/166
f 1389/419/167 1390/421/167 1391/420/167
f 1392/421/167 1393/422/167 1394/420/167
f 1395/421/168 1396/423/168 1397/422/168
f 1398/423/168 1399/424/168 1400/422/168
f 1401/425/169 1402/407/169 1403/426/169
f 1404/407/169 1405/408/169 1406/426/169
f 1407/407/170 1408/405/170 1409/408/170
f 1410/405/170 1411/406/170 1412/408/170
f 1413/405/171 1414/403/171 1415/406/171
f 1416/403/171 1417/404/171 1418/406/171
f 1419/403/172 1420/379/172 1421/404/172
f 1422/379/172 1423/381/172 1424/404/172
o green_ring0
v 0.688736 0.166388 0.000849
v 0.688729 0.160596 0.044848
v 0.688712 0.143613 0.085849
v 0.688682 0.116596 0.121057
v 0.688645 0.081389 0.148073
v 0.688601 0.040388 0.165056
v 0.688554 -0.003611 0.170849
v 0.688507 -0.047610 0.165056
v 0.688463 -0.088611 0.148073
v 0.688425 -0.123819 0.121057
v 0.688397 -0.150836 0.085849
v 0.688378 -0.167818 0.044848
v 0.688372 -0.173611 0.000849
v 0.688378 -0.167818 -0.043150
v 0.688397 -0.150836 -0.084151
v 0.688425 -0.123819 -0.119359
v 0.688463 -0.088611 -0.146375
v 0.688507 -0.047610 -0.163358
v 0.688554 -0.003611 -0.169151
v 0.688601 0.040388 -0.163358
v 0.688645 0.081389 -0.146375
v 0.688682 0.116596 -0.119359
v 0.688712 0.143613 -0.084151
v 0.688729 0.160596 -0.043150
v 0.688736 0.166388 0.000849
v 0.701458 0.161103 0.000849
v 0.701452 0.155490 0.043484
v 0.701434 0.139034 0.083213
v 0.701406 0.112855 0.117329
v 0.701370 0.078739 0.143508
v 0.701328 0.039010 0.159964
v 0.701282 -0.003625 0.165577
v 0.701236 -0.046260 0.159964
v 0.701193 -0.085989 0.143508
v 0.701157 -0.120105 0.117329
v 0.701129 -0.146284 0.083213
v 0.701112 -0.162740 0.043484
v 0.701106 -0.168353 0.000849
v 0.701112 -0.162740 -0.041786
v 0.701129 -0.146284 -0.081515
v 0.701157 -0.120105 -0.115631
v 0.701193 -0.085989 -0.141810
v 0.701236 -0.046260 -0.158266
v 0.701282 -0.003625 -0.163879
v 0.701328 0.039010 -0.158266
v 0.701370 0.078739 -0.141810
v 0.701406 0.112855 -0.115631
v 0.701434 0.139034 -0.081515
v 0.701452 0.155490 -0.041786
v 0.701458 0.161103 0.000849
v 0.706716 0.148369 0.000849
v 0.706711 0.143190 0.040189
v 0.706695 0.128005 0.076849
v 0.706669 0.103850 0.108329
v 0.706635 0.072370 0.132485
v 0.706595 0.035710 0.147670
v 0.706554 -0.003631 0.152849
v 0.706512 -0.042972 0.147670
v 0.706472 -0.079630 0.132485
v 0.706439 -0.111111 0.108329
v 0.706413 -0.135267 0.076849
v 0.706397 -0.150451 0.040189
v 0.706391 -0.155630 0.000849
v 0.706397 -0.150451 -0.038491
v 0.706413 -0.135267 -0.075151
v 0.706439 -0.111111 -0.106631
v 0.706472 -0.079630 -0.130787
v 0.706512 -0.042972 -0.145972
v 0.706554 -0.003631 -0.151151
v 0.706595 0.035710 -0.145972
v 0.706635 0.072370 -0.130787
v 0.706669 0.103850 -0.106631
v 0.706695 0.128005 -0.075151
v 0.706711 0.143190 -0.038491
v 0.706716 0.148369 0.000849
v 0.701431 0.135647 0.000849
v 0.701426 0.130901 0.036895
v 0.701411 0.116988 0.070485
v 0.701387 0.094856 0.099329
v 0.701356 0.066011 0.121462
v 0.701320 0.032422 0.135375
v 0.701282 -0.003625 0.140121
v 0.701243 -0.039671 0.135375
v 0.701207 -0.073261 0.121462
v 0.701176 -0.102105 0.099329
v 0.701152 -0.124238 0.070485
v 0.701138 -0.138152 0.036895
v 0.701133 -0.142897 0.000849
v 0.701138 -0.138152 -0.035197
v 0.701152 -0.124238 -0.068787
v 0.701176 -0.102105 -0.097631
v 0.701207 -0.073261 -0.119764
v 0.701243 -0.039671 -0.133677
v 0.701282 -0.003625 -0.138423
v 0.701320 0.032422 -0.133677
v 0.701356 0.066011 -0.119764
v 0.701387 0.094856 -0.097631
v 0.701411 0.116988 -0.068787
v 0.701426 0.130901 -0.035197
v 0.701431 0.135647 0.000849
v 0.688697 0.130388 0.000849
v 0.688692 0.125823 0.035531
v 0.688679 0.112436 0.067849
v 0.688655 0.091140 0.095601
v 0.688626 0.063389 0.116896
v 0.688591 0.031070 0.130283
v 0.688554 -0.003611 0.134849
v 0.688517 -0.038293 0.130283
v 0.688482 -0.070612 0.116896
v 0.688452 -0.098363 0.095601
v 0.688430 -0.119658 0.067849
v 0.688415 -0.133046 0.035531
v 0.688411 -0.137611 0.000849
v 0.688415 -0.133046 -0.033833
v 0.688430 -0.119658 -0.066151
v 0.688452 -0.098363 -0.093903
v 0.688482 -0.070612 -0.115198
v 0.688517 -0.038293 -0.128585
v 0.688554 -0.003611 -0.133151
v 0.688591 0.031070 -0.128585
v 0.688626 0.063389 -0.115198
v 0.688655 0.091140 -0.093903
v 0.688679 0.112436 -0.066151
v 0.688692 0.125823 -0.033833
v 0.688697 0.130388 0.000849
v 0.675975 0.135674 0.000849
v 0.675970 0.130929 0.036895
v 0.675955 0.117015 0.070485
v 0.675931 0.094883 0.099329
v 0.675901 0.066038 0.121462
v 0.675864 0.032449 0.135375
v 0.675826 -0.003598 0.140121
v 0.675787 -0.039644 0.135375
v 0.675751 -0.073234 0.121462
v 0.675721 -0.102078 0.099329
v 0.675697 -0.124211 0.070485
v 0.675682 -0.138124 0.036895
v 0.675677 -0.142870 0.000849
v 0.675682 -0.138124 -0.035197
v 0.675697 -0.124211 -0.068787
v 0.675721 -0.102078 -0.097631
v 0.675751 -0.073234 -0.119764
v 0.675787 -0.039644 -0.133677
v 0.675826 -0.003598 -0.138423
v 0.675864 0.032449 -0.133677
v 0.675901 0.066038 -0.119764
v 0.675931 0.094883 -0.097631
v 0.675955 0.117015 -0.068787
v 0.675970 0.130929 -0.035197
v 0.675975 0.135674 0.000849
v 0.670716 0.148408 0.000849
v 0.670711 0.143228 0.040189
v 0.670694 0.128044 0.076849
v 0.670668 0.103888 0.108329
v 0.670635 0.072408 0.132485
v 0.670596 0.035749 0.147670
v 0.670554 -0.003592 0.152849
v 0.670512 -0.042933 0.147670
v 0.670472 -0.079592 0.132485
v 0.670439 -0.111072 0.108329
v 0.670413 -0.135228 0.076849
v 0.670397 -0.150413 0.040189
v 0.670391 -0.155592 0.000849
v 0.670397 -0.150413 -0.038491
v 0.670413 -0.135228 -0.075151
v 0.670439 -0.111072 -0.106631
v 0.670472 -0.079592 -0.130787
v 0.670512 -0.042933 -0.145972
v 0.670554 -0.003592 -0.151151
v 0.670596 0.035749 -0.145972
v 0.670635 0.072408 -0.130787
v 0.670668 0.103888 -0.106631
v 0.670694 0.128044 -0.075151
v 0.670711 0.143228 -0.038491
v 0.670716 0.148408 0.000849
v 0.676002 0.161130 0.000849
v 0.675996 0.155517 0.043484
v 0.675978 0.139061 0.083213
v 0.675950 0.112882 0.117329
v 0.675914 0.078766 0.143508
v 0.675872 0.039037 0.159964
v 0.675826 -0.003598 0.165577
v 0.675780 -0.046233 0.159964
v 0.675738 -0.085962 0.143508
v 0.675701 -0.120078 0.117329
v 0.675673 -0.146257 0.083213
v 0.675656 -0.162712 0.043484
v 0.675650 -0.168326 0.000849
v 0.675656 -0.162712 -0.041786
v 0.675673 -0.146257 -0.081515
v 0.675701 -0.120078 -0.115631
v 0.675738 -0.085962 -0.141810
v 0.675780 -0.046233 -0.158266
v 0.675826 -0.003598 -0.163879
v 0.675872 0.039037 -0.158266
v 0.675914 0.078766 -0.141810
v 0.675950 0.112882 -0.115631
v 0.675978 0.139061 -0.081515
v 0.675996 0.155517 -0.041786
v 0.676002 0.161130 0.000849
v 0.688736 0.166388 0.000849
v 0.688729 0.160596 0.044848
v 0.688712 0.143613 0.085849
v 0.688682 0.116596 0.121057
v 0.688645 0.081389 0.148073
v 0.688601 0.040388 0.165056
v 0.688554 -0.003611 0.170849
v 0.688507 -0.047610 0.165056
v 0.688463 -0.088611 0.148073
v 0.688425 -0.123819 0.121057
v 0.688397 -0.150836 0.085849
v 0.688378 -0.167818 0.044848
v 0.688372 -0.173611 0.000849
v 0.688378 -0.167818 -0.043150
v 0.688397 -0.150836 -0.084151
v 0.688425 -0.123819 -0.119359
v 0.688463 -0.088611 -0.146375
v 0.688507 -0.047610 -0.163358
v 0.688554 -0.003611 -0.169151
v 0.688601 0.040388 -0.163358
v 0.688645 0.081389 -0.146375
v 0.688682 0.116596 -0.119359
v 0.688712 0.143613 -0.084151
v 0.688729 0.160596 -0.043150
v 0.688736 0.166388 0.000849
vn 0.7078 0.7064 -0.0000
vn 0.0011 1.0000 -0.0000
vn 0.7078 0.6823 0.1830
vn 0.0011 0.9659 0.2588
vn 0.7078 0.6116 0.3536
vn 0.0009 0.8660 0.5000
vn 0.7076 0.4992 0.5000
vn 0.0008 0.7071 0.7071
vn 0.7075 0.3528 0.6124
vn 0.0005 0.5000 0.8660
vn 0.7073 0.1823 0.6830
vn 0.0003 0.2588 0.9659
vn 0.7071 -0.0008 0.7071
vn -0.0000 -0.0000 1.0000
vn 0.7069 -0.1838 0.6830
vn -0.0003 -0.2588 0.9659
vn 0.7067 -0.3544 0.6124
vn -0.0005 -0.5000 0.8660
vn 0.7065 -0.5008 0.5000
vn -0.0006 -0.7071 0.7071
vn 0.7064 -0.6131 0.3536
vn -0.0009 -0.8660 0.5000
vn 0.7064 -0.6838 0.1830
vn -0.0010 -0.9659 0.2588
vn 0.7063 -0.7079 -0.0000
vn -0.0010 -1.0000 -0.0000
vn 0.7064 -0.6838 -0.1830
vn -0.0010 -0.9659 -0.2588
vn 0.7064 -0.6131 -0.3536
vn -0.0009 -0.8660 -0.5000
vn 0.7065 -0.5008 -0.5000
vn -0.0006 -0.7071 -0.7071
vn 0.7067 -0.3544 -0.6124
vn -0.0005 -0.5000 -0.8660
vn 0.7069 -0.1838 -0.6830
vn -0.0002 -0.2588 -0.9659
vn 0.7071 -0.0008 -0.7071
vn -0.0000 -0.0000 -1.0000
vn 0.7073 0.1823 -0.6830
vn 0.0003 0.2588 -0.9659
vn 0.7075 0.3528 -0.6124
vn 0.0005 0.5000 -0.8660
vn 0.7076 0.4992 -0.5000
vn 0.0008 0.7071 -0.7071
vn 0.7078 0.6116 -0.3536
vn 0.0010 0.8660 -0.5000
vn 0.7078 0.6823 -0.1830
vn 0.0011 0.9659 -0.2588
vn 0.0012 1.0000 -0.0000
vn 1.0000 -0.0010 -0.0000
vn 1.0000 -0.0011 -0.0000
vn 0.7064 -0.7078 -0.0000
vn 0.7065 -0.6131 -0.3536
vn 0.7077 0.4992 -0.5000
vn 0.7079 0.7064 -0.0000
vn 0.7077 0.4992 0.5000
vn 0.7069 -0.1837 0.6830
vn 0.7064 -0.6132 0.3536
vn -0.0010 -1.0000 -0.0001
vn -0.0008 -0.7071 -0.7071
vn -0.0003 -0.2588 -0.9659
vn 0.0009 0.8660 -0.5000
vn 0.0010 0.9659 -0.2588
vn 0.0010 0.9659 0.2588
vn -0.0008 -0.7071 0.7071
vn -0.0010 -1.0000 0.0001
vn -0.7079 -0.7064 -0.0000
vn -0.7078 -0.6823 -0.1830
vn -0.7078 -0.6116 -0.3536
vn -0.7076 -0.4992 -0.5000
vn -0.7075 -0.3528 -0.6124
vn -0.7073 -0.1823 -0.6830
vn -0.7071 0.0008 -0.7071
vn -0.7069 0.1837 -0.6830
vn -0.7067 0.3544 -0.6124
vn -0.7066 0.5008 -0.5000
vn -0.7065 0.6131 -0.3536
vn -0.7064 0.6837 -0.1830
vn -0.7064 0.7078 -0.0000
vn -0.7064 0.6838 0.1830
vn -0.7065 0.6131 0.3536
vn -0.7066 0.5008 0.5000
vn -0.7067 0.3544 0.6124
vn -0.7069 0.1838 0.6830
vn -0.7071 0.0008 0.7071
vn -0.7073 -0.1823 0.6830
vn -0.7075 -0.3528 0.6124
vn -0.7076 -0.4992 0.5000
vn -0.7078 -0.6116 0.3536
vn -0.7078 -0.6823 0.1830
vn -1.0000 0.0012 -0.0000
vn -1.0000 0.0010 -0.0000
vn -1.0000 0.0011 -0.0000
vn -0.7064 0.6131 0.3536
vn -0.7065 0.5008 0.5000
vn -0.7078 -0.7064 -0.0000
vn -0.7069 0.1838 -0.6830
vn -0.7065 0.5008 -0.5000
vn -0.7064 0.6131 -0.3536
vn -0.7064 0.6838 -0.1830
vn -0.7064 0.7079 -0.0000
vn 0.0010 1.0000 -0.0000
vn 0.0007 0.7071 0.7071
vn -0.0004 -0.2588 0.9659
vn -0.0006 -0.5000 0.8660
vn -0.0010 -0.8660 0.5000
vn -0.0011 -0.9659 0.2588
vn -0.0011 -1.0000 -0.0000
vn -0.0011 -0.9659 -0.2588
vn -0.0010 -0.8660 -0.5000
vn -0.0007 -0.5001 -0.8660
vn 0.0002 0.2588 -0.9659
vn 0.0007 0.7071 -0.7071
vt 0.000000 0.125000
vt 0.000000 0.000000
vt 0.041667 0.125000
vt 0.041667 0.000000
vt 0.083333 0.125000
vt 0.083333 0.000000
vt 0.125000 0.125000
vt 0.125000 0.000000
vt 0.166667 0.125000
vt 0.166667 0.000000
vt 0.208333 0.125000
vt 0.208333 0.000000
vt 0.250000 0.125000
vt 0.250000 0.000000
vt 0.291667 0.125000
vt 0.291667 0.000000
vt 0.333333 0.125000
vt 0.333333 0.000000
vt 0.375000 0.125000
vt 0.375000 0.000000
vt 0.416667 0.125000
vt 0.416667 0.000000
vt 0.458333 0.125000
vt 0.458333 0.000000
vt 0.500000 0.125000
vt 0.500000 0.000000
vt 0.541667 0.125000
vt 0.541667 0.000000
vt 0.583333 0.125000
vt 0.583333 0.000000
vt 0.625000 0.125000
vt 0.625000 0.000000
vt 0.666667 0.125000
vt 0.666667 0.000000
vt 0.708333 0.125000
vt 0.708333 0.000000
vt 0.750000 0.125000
vt 0.750000 0.000000
vt 0.791667 0.125000
vt 0.791667 0.000000
vt 0.833333 0.125000
vt 0.833333 0.000000
vt 0.875000 0.125000
vt 0.875000 0.000000
vt 0.916667 0.125000
vt 0.916667 0.000000
vt 0.958333 0.125000
vt 0.958333 0.000000
vt 1.000000 0.125000
vt 1.000000 0.000000
vt 0.000000 0.250000
vt 0.041667 0.250000
vt 0.083333 0.250000
vt 0.125000 0.250000
vt 0.166667 0.250000
vt 0.208333 0.250000
vt 0.250000 0.250000
vt 0.291667 0.250000
vt 0.333333 0.250000
vt 0.375000 0.250000
vt 0.416667 0.250000
vt 0.458333 0.250000
vt 0.500000 0.250000
vt 0.541667 0.250000
vt 0.583333 0.250000
vt 0.625000 0.250000
vt 0.666667 0.250000
vt 0.708333 0.250000
vt 0.750000 0.250000
vt 0.791667 0.250000
vt 0.833333 0.250000
vt 0.875000 0.250000
vt 0.916667 0.250000
vt 0.958333 0.250000
vt 1.000000 0.250000
vt 0.000000 0.375000
vt 0.041667 0.375000
vt 0.083333 0.375000
vt 0.125000 0.375000
vt 0.166667 0.375000
vt 0.208333 0.375000
vt 0.250000 0.375000
vt 0.291667 0.375000
vt 0.333333 0.375000
vt 0.375000 0.375000
vt 0.416667 0.375000
vt 0.458333 0.375000
vt 0.500000 0.375000
vt 0.541667 0.375000
vt 0.583333 0.375000
vt 0.625000 0.375000
vt 0.666667 0.375000
vt 0.708333 0.375000
vt 0.750000 0.375000
vt 0.791667 0.375000
vt 0.833333 0.375000
vt 0.875000 0.375000
vt 0.916667 0.375000
vt 0.958333 0.375000
vt 1.000000 0.375000
vt 0.000000 0.500000
vt 0.041667 0.500000
vt 0.083333 0.500000
vt 0.125000 0.500000
vt 0.166667 0.500000
vt 0.208333 0.500000
vt 0.250000 0.500000
vt 0.291667 0.500000
vt 0.333333 0.500000
vt 0.375000 0.500000
vt 0.416667 0.500000
vt 0.458333 0.500000
vt 0.500000 0.500000
vt 0.541667 0.500000
vt 0.583333 0.500000
vt 0.625000 0.500000
vt 0.666667 0.500000
vt 0.708333 0.500000
vt 0.750000 0.500000
vt 0.791667 0.500000
vt 0.833333 0.500000
vt 0.875000 0.500000
vt 0.916667 0.500000
vt 0.958333 0.500000
vt 1.000000 0.500000
vt 0.000000 0.625000
vt 0.041667 0.625000
vt 0.083333 0.625000
vt 0.125000 0.625000
vt 0.166667 0.625000
vt 0.208333 0.625000
vt 0.250000 0.625000
vt 0.291667 0.625000
vt 0.333333 0.625000
vt 0.375000 0.625000
vt 0.416667 0.625000
vt 0.458333 0.625000
vt 0.500000 0.625000
vt 0.541667 0.625000
vt 0.583333 0.625000
vt 0.625000 0.625000
vt 0.666667 0.625000
vt 0.708333 0.625000
vt 0.750000 0.625000
vt 0.791667 0.625000
vt 0.833333 0.625000
vt 0.875000 0.625000
vt 0.916667 0.625000
vt 0.958333 0.625000
vt 1.000000 0.625000
vt 0.000000 0.750000
vt 0.041667 0.750000
vt 0.083333 0.750000
vt 0.125000 0.750000
vt 0.166667 0.750000
vt 0.208333 0.750000
vt 0.250000 0.750000
vt 0.291667 0.750000
vt 0.333333 0.750000
vt 0.375000 0.750000
vt 0.416667 0.750000
vt 0.458333 0.750000
vt 0.500000 0.750000
vt 0.541667 0.750000
vt 0.583333 0.750000
vt 0.625000 0.750000
vt 0.666667 0.750000
vt 0.708333 0.750000
vt 0.750000 0.750000
vt 0.791667 0.750000
vt 0.833333 0.750000
vt 0.875000 0.750000
vt 0.916667 0.750000
vt 0.958333 0.750000
vt 1.000000 0.750000
vt 0.000000 0.875000
vt 0.041667 0.875000
vt 0.083333 0.875000
vt 0.125000 0.875000
vt 0.166667 0.875000
vt 0.208333 0.875000
vt 0.250000 0.875000
vt 0.291667 0.875000
vt 0.333333 0.875000
vt 0.375000 0.875000
vt 0.416667 0.875000
vt 0.458333 0.875000
vt 0.500000 0.875000
vt 0.541667 0.875000
vt 0.583333 0.875000
vt 0.625000 0.875000
vt 0.666667 0.875000
vt 0.708333 0.875000
vt 0.750000 0.875000
vt 0.791667 0.875000
vt 0.833333 0.875000
vt 0.875000 0.875000
vt 0.916667 0.875000
vt 0.958333 0.875000
vt 1.000000 0.875000
vt 0.000000 1.000000
vt 0.041667 1.000000
vt 0.083333 1.000000
vt 0.125000 1.000000
vt 0.166667 1.000000
vt 0.208333 1.000000
vt 0.250000 1.000000
vt 0.291667 1.000000
vt 0.333333 1.000000
vt 0.375000 1.000000
vt 0.416667 1.000000
vt 0.458333 1.000000
vt 0.500000 1.000000
vt 0.541667 1.000000
vt 0.583333 1.000000
vt 0.625000 1.000000
vt 0.666667 1.000000
vt 0.708333 1.000000
vt 0.750000 1.000000
vt 0.791667 1.000000
vt 0.833333 1.000000
vt 0.875000 1.000000
vt 0.916667 1.000000
vt 0.958333 1.000000
vt 1.000000 1.000000
s 1
usemtl brass
f 1450/427/173 1425/428/174 1451/429/175
f 1425/428/174 1426/430/176 1451/429/175
f 1451/429/175 1426/430/176 1452/431/177
f 1426/430/176 1427/432/178 1452/431/177
f 1452/431/177 1427/432/178 1453/433/179
f 1427/432/178 1428/434/180 1453/433/179
f 1453/433/179 1428/434/180 1454/435/181
f 1428/434/180 1429/436/182 1454/435/181
f 1454/435/181 1429/436/182 1455/437/183
f 1429/436/182 1430/438/184 1455/437/183
f 1455/437/183 1430/438/184 1456/439/185
f 1430/438/184 1431/440/186 1456/439/185
f 1456/439/185 1431/440/186 1457/441/187
f 1431/440/186 1432/442/188 1457/441/187
f 1457/441/187 1432/442/188 1458/443/189
f 1432/442/188 1433/444/190 1458/443/189
f 1458/443/189 1433/444/190 1459/445/191
f 1433/444/190 1434/446/192 1459/445/191
f 1459/445/191 1434/446/192 1460/447/193
f 1434/446/192 1435/448/194 1460/447/193
f 1460/447/193 1435/448/194 1461/449/195
f 1435/448/194 1436/450/196 1461/449/195
f 1461/449/195 1436/450/196 1462/451/197
f 1436/450/196 1437/452/198 1462/451/197
f 1462/451/197 1437/452/198 1463/453/199
f 1437/452/198 1438/454/200 1463/453/199
f 1463/453/199 1438/454/200 1464/455/201
f 1438/454/200 1439/456/202 1464/455/201
f 1464/455/201 1439/456/202 1465/457/203
f 1439/456/202 1440/458/204 1465/457/203
f 1465/457/203 1440/458/204 1466/459/205
f 1440/458/204 1441/460/206 1466/459/205
f 1466/459/205 1441/460/206 1467/461/207
f 1441/460/206 1442/462/208 1467/461/207
f 1467/461/207 1442/462/208 1468/463/209
f 1442/462/208 1443/464/210 1468/463/209
f 1468/463/209 1443/464/210 1469/465/211
f 1443/464/210 1444/466/212 1469/465/211
f 1469/465/211 1444/466/212 1470/467/213
f 1444/466/212 1445/468/214 1470/467/213
f 1470/467/213 1445/468/214 1471/469/215
f 1445/468/214 1446/470/216 1471/469/215
f 1471/469/215 1446/470/216 1472/471/217
f 1446/470/216 1447/472/218 1472/471/217
f 1472/471/217 1447/472/218 1473/473/219
f 1447/472/218 1448/474/220 1473/473/219
f 1473/473/219 1448/474/220 1474/475/173
f 1448/474/220 1449/476/221 1474/475/173
f 1475/477/222 1450/427/173 1476/478/222
f 1450/427/173 1451/429/175 1476/478/222
f 1476/478/222 1451/429/175 1477/479/222
f 1451/429/175 1452/431/177 1477/479/222
f 1477/479/222 1452/431/177 1478/480/222
f 1452/431/177 1453/433/179 1478/480/222
f 1478/480/222 1453/433/179 1479/481/222
f 1453/433/179 1454/435/181 1479/481/222
f 1479/481/222 1454/435/181 1480/482/222
f 1454/435/181 1455/437/183 1480/482/222
f 1480/482/222 1455/437/183 1481/483/222
f 1455/437/183 1456/439/185 1481/483/222
f 1481/483/222 1456/439/185 1482/484/222
f 1456/439/185 1457/441/187 1482/484/222
f 1482/484/222 1457/441/187 1483/485/222
f 1457/441/187 1458/443/189 1483/485/222
f 1483/485/222 1458/443/189 1484/486/222
f 1458/443/189 1459/445/191 1484/486/222
f 1484/486/222 1459/445/191 1485/487/222
f 1459/445/191 1460/447/193 1485/487/222
f 1485/487/222 1460/447/193 1486/488/222
f 1460/447/193 1461/449/195 1486/488/222
f 1486/488/222 1461/449/195 1487/489/223
f 1461/449/195 1462/451/197 1487/489/223
f 1487/489/223 1462/451/197 1488/490/222
f 1462/451/197 1463/453/199 1488/490/222
f 1488/490/222 1463/453/199 1489/491/222
f 1463/453/199 1464/455/201 1489/491/222
f 1489/491/222 1464/455/201 1490/492/222
f 1464/455/201 1465/457/203 1490/492/222
f 1490/492/222 1465/457/203 1491/493/222
f 1465/457/203 1466/459/205 1491/493/222
f 1491/493/222 1466/459/205 1492/494/222
f 1466/459/205 1467/461/207 1492/494/222
f 1492/494/222 1467/461/207 1493/495/222
f 1467/461/207 1468/463/209 1493/495/222
f 1493/495/222 1468/463/209 1494/496/222
f 1468/463/209 1469/465/211 1494/496/222
f 1494/496/222 1469/465/211 1495/497/222
f 1469/465/211 1470/467/213 1495/497/222
f 1495/497/222 1470/467/213 1496/498/222
f 1470/467/213 1471/469/215 1496/498/222
f 1496/498/222 1471/469/215 1497/499/222
f 1471/469/215 1472/471/217 1497/499/222
f 1497/499/222 1472/471/217 1498/500/222
f 1472/471/217 1473/473/219 1498/500/222
f 1498/500/222 1473/473/219 1499/501/222
f 1473/473/219 1474/475/173 1499/501/222
f 1500/502/224 1475/477/222 1501/503/199
f 1475/477/222 1476/478/222 1501/503/199
f 1501/503/199 1476/478/222 1502/504/225
f 1476/478/222 1477/479/222 1502/504/225
f 1502/504/225 1477/479/222 1503/505/203
f 1477/479/222 1478/480/222 1503/505/203
f 1503/505/203 1478/480/222 1504/506/205
f 1478/480/222 1479/481/222 1504/506/205
f 1504/506/205 1479/481/222 1505/507/207
f 1479/481/222 1480/482/222 1505/507/207
f 1505/507/207 1480/482/222 1506/508/209
f 1480/482/222 1481/483/222 1506/508/209
f 1506/508/209 1481/483/222 1507/509/211
f 1481/483/222 1482/484/222 1507/509/211
f 1507/509/211 1482/484/222 1508/510/213
f 1482/484/222 1483/485/222 1508/510/213
f 1508/510/213 1483/485/222 1509/511/226
f 1483/485/222 1484/486/222 1509/511/226
f 1509/511/226 1484/486/222 1510/512/217
f 1484/486/222 1485/487/222 1510/512/217
f 1510/512/217 1485/487/222 1511/513/219
f 1485/487/222 1486/488/222 1511/513/219
f 1511/513/219 1486/488/222 1512/514/227
f 1486/488/222 1487/489/223 1512/514/227
f 1512/514/227 1487/489/223 1513/515/175
f 1487/489/223 1488/490/222 1513/515/175
f 1513/515/175 1488/490/222 1514/516/177
f 1488/490/222 1489/491/222 1514/516/177
f 1514/516/177 1489/491/222 1515/517/228
f 1489/491/222 1490/492/222 1515/517/228
f 1515/517/228 1490/492/222 1516/518/181
f 1490/492/222 1491/493/222 1516/518/181
f 1516/518/181 1491/493/222 1517/519/183
f 1491/493/222 1492/494/222 1517/519/183
f 1517/519/183 1492/494/222 1518/520/185
f 1492/494/222 1493/495/222 1518/520/185
f 1518/520/185 1493/495/222 1519/521/229
f 1493/495/222 1494/496/222 1519/521/229
f 1519/521/229 1494/496/222 1520/522/189
f 1494/496/222 1495/497/222 1520/522/189
f 1520/522/189 1495/497/222 1521/523/191
f 1495/497/222 1496/498/222 1521/523/191
f 1521/523/191 1496/498/222 1522/524/230
f 1496/498/222 1497/499/222 1522/524/230
f 1522/524/230 1497/499/222 1523/525/195
f 1497/499/222 1498/500/222 1523/525/195
f 1523/525/195 1498/500/222 1524/526/224
f 1498/500/222 1499/501/222 1524/526/224
f 1525/527/231 1500/502/224 1526/528/200
f 1500/502/224 1501/503/199 1526/528/200
f 1526/528/200 1501/503/199 1527/529/202
f 1501/503/199 1502/504/225 1527/529/202
f 1527/529/202 1502/504/225 1528/530/232
f 1502/504/225 1503/505/203 1528/530/232
f 1528/530/232 1503/505/203 1529/531/206
f 1503/505/203 1504/506/205 1529/531/206
f 1529/531/206 1504/506/205 1530/532/233
f 1504/506/205 1505/507/207 1530/532/233
f 1530/532/233 1505/507/207 1531/533/210
f 1505/507/207 1506/508/209 1531/533/210
f 1531/533/210 1506/508/209 1532/534/212
f 1506/508/209 1507/509/211 1532/534/212
f 1532/534/212 1507/509/211 1533/535/214
f 1507/509/211 1508/510/213 1533/535/214
f 1533/535/214 1508/510/213 1534/536/216
f 1508/510/213 1509/511/226 1534/536/216
f 1534/536/216 1509/511/226 1535/537/234
f 1509/511/226 1510/512/217 1535/537/234
f 1535/537/234 1510/512/217 1536/538/235
f 1510/512/217 1511/513/219 1536/538/235
f 1536/538/235 1511/513/219 1537/539/174
f 1511/513/219 1512/514/227 1537/539/174
f 1537/539/174 1512/514/227 1538/540/236
f 1512/514/227 1513/515/175 1538/540/236
f 1538/540/236 1513/515/175 1539/541/178
f 1513/515/175 1514/516/177 1539/541/178
f 1539/541/178 1514/516/177 1540/542/180
f 1514/516/177 1515/517/228 1540/542/180
f 1540/542/180 1515/517/228 1541/543/182
f 1515/517/228 1516/518/181 1541/543/182
f 1541/543/182 1516/518/181 1542/544/184
f 1516/518/181 1517/519/183 1542/544/184
f 1542/544/184 1517/519/183 1543/545/186
f 1517/519/183 1518/520/185 1543/545/186
f 1543/545/186 1518/520/185 1544/546/188
f 1518/520/185 1519/521/229 1544/546/188
f 1544/546/188 1519/521/229 1545/547/190
f 1519/521/229 1520/522/189 1545/547/190
f 1545/547/190 1520/522/189 1546/548/237
f 1520/522/189 1521/523/191 1546/548/237
f 1546/548/237 1521/523/191 1547/549/194
f 1521/523/191 1522/524/230 1547/549/194
f 1547/549/194 1522/524/230 1548/550/196
f 1522/524/230 1523/525/195 1548/550/196
f 1548/550/196 1523/525/195 1549/551/238
f 1523/525/195 1524/526/224 1549/551/238
f 1550/552/239 1525/527/231 1551/553/240
f 1525/527/231 1526/528/200 1551/553/240
f 1551/553/240 1526/528/200 1552/554/241
f 1526/528/200 1527/529/202 1552/554/241
f 1552/554/241 1527/529/202 1553/555/242
f 1527/529/202 1528/530/232 1553/555/242
f 1553/555/242 1528/530/232 1554/556/243
f 1528/530/232 1529/531/206 1554/556/243
f 1554/556/243 1529/531/206 1555/557/244
f 1529/531/206 1530/532/233 1555/557/244
f 1555/557/244 1530/532/233 1556/558/245
f 1530/532/233 1531/533/210 1556/558/245
f 1556/558/245 1531/533/210 1557/559/246
f 1531/533/210 1532/534/212 1557/559/246
f 1557/559/246 1532/534/212 1558/560/247
f 1532/534/212 1533/535/214 1558/560/247
f 1558/560/247 1533/535/214 1559/561/248
f 1533/535/214 1534/536/216 1559/561/248
f 1559/561/248 1534/536/216 1560/562/249
f 1534/536/216 1535/537/234 1560/562/249
f 1560/562/249 1535/537/234 1561/563/250
f 1535/537/234 1536/538/235 1561/563/250
f 1561/563/250 1536/538/235 1562/564/251
f 1536/538/235 1537/539/174 1562/564/251
f 1562/564/251 1537/539/174 1563/565/252
f 1537/539/174 1538/540/236 1563/565/252
f 1563/565/252 1538/540/236 1564/566/253
f 1538/540/236 1539/541/178 1564/566/253
f 1564/566/253 1539/541/178 1565/567/254
f 1539/541/178 1540/542/180 1565/567/254
f 1565/567/254 1540/542/180 1566/568/255
f 1540/542/180 1541/543/182 1566/568/255
f 1566/568/255 1541/543/182 1567/569/256
f 1541/543/182 1542/544/184 1567/569/256
f 1567/569/256 1542/544/184 1568/570/257
f 1542/544/184 1543/545/186 1568/570/257
f 1568/570/257 1543/545/186 1569/571/258
f 1543/545/186 1544/546/188 1569/571/258
f 1569/571/258 1544/546/188 1570/572/259
f 1544/546/188 1545/547/190 1570/572/259
f 1570/572/259 1545/547/190 1571/573/260
f 1545/547/190 1546/548/237 1571/573/260
f 1571/573/260 1546/548/237 1572/574/261
f 1546/548/237 1547/549/194 1572/574/261
f 1572/574/261 1547/549/194 1573/575/262
f 1547/549/194 1548/550/196 1573/575/262
f 1573/575/262 1548/550/196 1574/576/239
f 1548/550/196 1549/551/238 1574/576/239
f 1575/577/263 1550/552/239 1576/578/264
f 1550/552/239 1551/553/240 1576/578/264
f 1576/578/264 1551/553/240 1577/579/264
f 1551/553/240 1552/554/241 1577/579/264
f 1577/579/264 1552/554/241 1578/580/264
f 1552/554/241 1553/555/242 1578/580/264
f 1578/580/264 1553/555/242 1579/581/264
f 1553/555/242 1554/556/243 1579/581/264
f 1579/581/264 1554/556/243 1580/582/264
f 1554/556/243 1555/557/244 1580/582/264
f 1580/582/264 1555/557/244 1581/583/264
f 1555/557/244 1556/558/245 1581/583/264
f 1581/583/264 1556/558/245 1582/584/264
f 1556/558/245 1557/559/246 1582/584/264
f 1582/584/264 1557/559/246 1583/585/264
f 1557/559/246 1558/560/247 1583/585/264
f 1583/585/264 1558/560/247 1584/586/264
f 1558/560/247 1559/561/248 1584/586/264
f 1584/586/264 1559/561/248 1585/587/264
f 1559/561/248 1560/562/249 1585/587/264
f 1585/587/264 1560/562/249 1586/588/264
f 1560/562/249 1561/563/250 1586/588/264
f 1586/588/264 1561/563/250 1587/589/265
f 1561/563/250 1562/564/251 1587/589/265
f 1587/589/265 1562/564/251 1588/590/265
f 1562/564/251 1563/565/252 1588/590/265
f 1588/590/265 1563/565/252 1589/591/264
f 1563/565/252 1564/566/253 1589/591/264
f 1589/591/264 1564/566/253 1590/592/264
f 1564/566/253 1565/567/254 1590/592/264
f 1590/592/264 1565/567/254 1591/593/264
f 1565/567/254 1566/568/255 1591/593/264
f 1591/593/264 1566/568/255 1592/594/264
f 1566/568/255 1567/569/256 1592/594/264
f 1592/594/264 1567/569/256 1593/595/264
f 1567/569/256 1568/570/257 1593/595/264
f 1593/595/264 1568/570/257 1594/596/264
f 1568/570/257 1569/571/258 1594/596/264
f 1594/596/264 1569/571/258 1595/597/264
f 1569/571/258 1570/572/259 1595/597/264
f 1595/597/264 1570/572/259 1596/598/264
f 1570/572/259 1571/573/260 1596/598/264
f 1596/598/264 1571/573/260 1597/599/264
f 1571/573/260 1572/574/261 1597/599/264
f 1597/599/264 1572/574/261 1598/600/264
f 1572/574/261 1573/575/262 1598/600/264
f 1598/600/264 1573/575/262 1599/601/265
f 1573/575/262 1574/576/239 1599/601/265
f 1600/602/251 1575/577/263 1601/603/252
f 1575/577/263 1576/578/264 1601/603/252
f 1601/603/252 1576/578/264 1602/604/266
f 1576/578/264 1577/579/264 1602/604/266
f 1602/604/266 1577/579/264 1603/605/267
f 1577/579/264 1578/580/264 1603/605/267
f 1603/605/267 1578/580/264 1604/606/255
f 1578/580/264 1579/581/264 1604/606/255
f 1604/606/255 1579/581/264 1605/607/256
f 1579/581/264 1580/582/264 1605/607/256
f 1605/607/256 1580/582/264 1606/608/257
f 1580/582/264 1581/583/264 1606/608/257
f 1606/608/257 1581/583/264 1607/609/258
f 1581/583/264 1582/584/264 1607/609/258
f 1607/609/258 1582/584/264 1608/610/259
f 1582/584/264 1583/585/264 1608/610/259
f 1608/610/259 1583/585/264 1609/611/260
f 1583/585/264 1584/586/264 1609/611/260
f 1609/611/260 1584/586/264 1610/612/261
f 1584/586/264 1585/587/264 1610/612/261
f 1610/612/261 1585/587/264 1611/613/262
f 1585/587/264 1586/588/264 1611/613/262
f 1611/613/262 1586/588/264 1612/614/268
f 1586/588/264 1587/589/265 1612/614/268
f 1612/614/268 1587/589/265 1613/615/240
f 1587/589/265 1588/590/265 1613/615/240
f 1613/615/240 1588/590/265 1614/616/241
f 1588/590/265 1589/591/264 1614/616/241
f 1614/616/241 1589/591/264 1615/617/242
f 1589/591/264 1590/592/264 1615/617/242
f 1615/617/242 1590/592/264 1616/618/243
f 1590/592/264 1591/593/264 1616/618/243
f 1616/618/243 1591/593/264 1617/619/244
f 1591/593/264 1592/594/264 1617/619/244
f 1617/619/244 1592/594/264 1618/620/245
f 1592/594/264 1593/595/264 1618/620/245
f 1618/620/245 1593/595/264 1619/621/269
f 1593/595/264 1594/596/264 1619/621/269
f 1619/621/269 1594/596/264 1620/622/247
f 1594/596/264 1595/597/264 1620/622/247
f 1620/622/247 1595/597/264 1621/623/270
f 1595/597/264 1596/598/264 1621/623/270
f 1621/623/270 1596/598/264 1622/624/271
f 1596/598/264 1597/599/264 1622/624/271
f 1622/624/271 1597/599/264 1623/625/272
f 1597/599/264 1598/600/264 1623/625/272
f 1623/625/272 1598/600/264 1624/626/273
f 1598/600/264 1599/601/265 1624/626/273
f 1625/627/274 1600/602/251 1626/628/236
f 1600/602/251 1601/603/252 1626/628/236
f 1626/628/236 1601/603/252 1627/629/178
f 1601/603/252 1602/604/266 1627/629/178
f 1627/629/178 1602/604/266 1628/630/275
f 1602/604/266 1603/605/267 1628/630/275
f 1628/630/275 1603/605/267 1629/631/182
f 1603/605/267 1604/606/255 1629/631/182
f 1629/631/182 1604/606/255 1630/632/184
f 1604/606/255 1605/607/256 1630/632/184
f 1630/632/184 1605/607/256 1631/633/186
f 1605/607/256 1606/608/257 1631/633/186
f 1631/633/186 1606/608/257 1632/634/276
f 1606/608/257 1607/609/258 1632/634/276
f 1632/634/276 1607/609/258 1633/635/277
f 1607/609/258 1608/610/259 1633/635/277
f 1633/635/277 1608/610/259 1634/636/237
f 1608/610/259 1609/611/260 1634/636/237
f 1634/636/237 1609/611/260 1635/637/278
f 1609/611/260 1610/612/261 1635/637/278
f 1635/637/278 1610/612/261 1636/638/279
f 1610/612/261 1611/613/262 1636/638/279
f 1636/638/279 1611/613/262 1637/639/280
f 1611/613/262 1612/614/268 1637/639/280
f 1637/639/280 1612/614/268 1638/640/281
f 1612/614/268 1613/615/240 1638/640/281
f 1638/640/281 1613/615/240 1639/641/282
f 1613/615/240 1614/616/241 1639/641/282
f 1639/641/282 1614/616/241 1640/642/232
f 1614/616/241 1615/617/242 1640/642/232
f 1640/642/232 1615/617/242 1641/643/283
f 1615/617/242 1616/618/243 1641/643/283
f 1641/643/283 1616/618/243 1642/644/233
f 1616/618/243 1617/619/244 1642/644/233
f 1642/644/233 1617/619/244 1643/645/210
f 1617/619/244 1618/620/245 1643/645/210
f 1643/645/210 1618/620/245 1644/646/284
f 1618/620/245 1619/621/269 1644/646/284
f 1644/646/284 1619/621/269 1645/647/214
f 1619/621/269 1620/622/247 1645/647/214
f 1645/647/214 1620/622/247 1646/648/285
f 1620/622/247 1621/623/270 1646/648/285
f 1646/648/285 1621/623/270 1647/649/234
f 1621/623/270 1622/624/271 1647/649/234
f 1647/649/234 1622/624/271 1648/650/235
f 1622/624/271 1623/625/272 1648/650/235
f 1648/650/235 1623/625/272 1649/651/274
f 1623/625/272 1624/626/273 1649/651/274
o green_ring1
v 0.858735 0.166207 0.000849
v 0.858730 0.160414 0.044848
v 0.858712 0.143431 0.085849
v 0.858682 0.116415 0.121057
v 0.858645 0.081207 0.148073
v 0.858601 0.040206 0.165056
v 0.858554 -0.003793 0.170849
v 0.858507 -0.047793 0.165056
v 0.858463 -0.088793 0.148073
v 0.858425 -0.124002 0.121057
v 0.858397 -0.151018 0.085849
v 0.858378 -0.168001 0.044848
v 0.858372 -0.173793 0.000849
v 0.858378 -0.168001 -0.043150
v 0.858397 -0.151018 -0.084151
v 0.858425 -0.124002 -0.119359
v 0.858463 -0.088793 -0.146375
v 0.858507 -0.047793 -0.163358
v 0.858554 -0.003793 -0.169151
v 0.858601 0.040206 -0.163358
v 0.858645 0.081207 -0.146375
v 0.858682 0.116415 -0.119359
v 0.858712 0.143431 -0.084151
v 0.858730 0.160414 -0.043150
v 0.858735 0.166207 0.000849
v 0.871458 0.160921 0.000849
v 0.871452 0.155308 0.043484
v 0.871434 0.138851 0.083213
v 0.871406 0.112673 0.117329
v 0.871370 0.078557 0.143508
v 0.871327 0.038828 0.159964
v 0.871282 -0.003806 0.165577
v 0.871235 -0.046441 0.159964
v 0.871193 -0.086170 0.143508
v 0.871157 -0.120287 0.117329
v 0.871129 -0.146465 0.083213
v 0.871112 -0.162922 0.043484
v 0.871105 -0.168535 0.000849
v 0.871112 -0.162922 -0.041786
v 0.871129 -0.146465 -0.081515
v 0.871157 -0.120287 -0.115631
v 0.871193 -0.086170 -0.141810
v 0.871235 -0.046441 -0.158266
v 0.871282 -0.003806 -0.163879
v 0.871327 0.038828 -0.158266
v 0.871370 0.078557 -0.141810
v 0.871406 0.112673 -0.115631
v 0.871434 0.138851 -0.081515
v 0.871452 0.155308 -0.041786
v 0.871458 0.160921 0.000849
v 0.876716 0.148187 0.000849
v 0.876711 0.143008 0.040189
v 0.876695 0.127823 0.076849
v 0.876668 0.103668 0.108329
v 0.876635 0.072187 0.132485
v 0.876596 0.035528 0.147670
v 0.876554 -0.003812 0.152849
v 0.876512 -0.043153 0.147670
v 0.876472 -0.079813 0.132485
v 0.876439 -0.111293 0.108329
v 0.876413 -0.135448 0.076849
v 0.876397 -0.150633 0.040189
v 0.876391 -0.155812 0.000849
v 0.876397 -0.150633 -0.038491
v 0.876413 -0.135448 -0.075151
v 0.876439 -0.111293 -0.106631
v 0.876472 -0.079813 -0.130787
v 0.876512 -0.043153 -0.145972
v 0.876554 -0.003812 -0.151151
v 0.876596 0.035528 -0.145972
v 0.876635 0.072187 -0.130787
v 0.876668 0.103668 -0.106631
v 0.876695 0.127823 -0.075151
v 0.876711 0.143008 -0.038491
v 0.876716 0.148187 0.000849
v 0.871430 0.135465 0.000849
v 0.871426 0.130719 0.036895
v 0.871411 0.116806 0.070485
v 0.871387 0.094673 0.099329
v 0.871356 0.065829 0.121462
v 0.871320 0.032239 0.135375
v 0.871282 -0.003806 0.140121
v 0.871243 -0.039853 0.135375
v 0.871207 -0.073443 0.121462
v 0.871176 -0.102287 0.099329
v 0.871153 -0.124420 0.070485
v 0.871137 -0.138333 0.036895
v 0.871133 -0.143079 0.000849
v 0.871137 -0.138333 -0.035197
v 0.871153 -0.124420 -0.068787
v 0.871176 -0.102287 -0.097631
v 0.871207 -0.073443 -0.119764
v 0.871243 -0.039853 -0.133677
v 0.871282 -0.003806 -0.138423
v 0.871320 0.032239 -0.133677
v 0.871356 0.065829 -0.119764
v 0.871387 0.094673 -0.097631
v 0.871411 0.116806 -0.068787
v 0.871426 0.130719 -0.035197
v 0.871430 0.135465 0.000849
v 0.858697 0.130207 0.000849
v 0.858692 0.125640 0.035531
v 0.858678 0.112254 0.067849
v 0.858655 0.090959 0.095601
v 0.858625 0.063206 0.116896
v 0.858591 0.030889 0.130283
v 0.858554 -0.003793 0.134849
v 0.858517 -0.038475 0.130283
v 0.858482 -0.070793 0.116896
v 0.858452 -0.098546 0.095601
v 0.858430 -0.119841 0.067849
v 0.858415 -0.133227 0.035531
v 0.858410 -0.137793 0.000849
v 0.858415 -0.133227 -0.033833
v 0.858430 -0.119841 -0.066151
v 0.858452 -0.098546 -0.093903
v 0.858482 -0.070793 -0.115198
v 0.858517 -0.038475 -0.128585
v 0.858554 -0.003793 -0.133151
v 0.858591 0.030889 -0.128585
v 0.858625 0.063206 -0.115198
v 0.858655 0.090959 -0.093903
v 0.858678 0.112254 -0.066151
v 0.858692 0.125640 -0.033833
v 0.858697 0.130207 0.000849
v 0.845975 0.135492 0.000849
v 0.845970 0.130747 0.036895
v 0.845955 0.116833 0.070485
v 0.845931 0.094700 0.099329
v 0.845900 0.065857 0.121462
v 0.845864 0.032266 0.135375
v 0.845826 -0.003779 0.140121
v 0.845787 -0.039826 0.135375
v 0.845751 -0.073415 0.121462
v 0.845720 -0.102260 0.099329
v 0.845697 -0.124392 0.070485
v 0.845681 -0.138306 0.036895
v 0.845677 -0.143052 0.000849
v 0.845681 -0.138306 -0.035197
v 0.845697 -0.124392 -0.068787
v 0.845720 -0.102260 -0.097631
v 0.845751 -0.073415 -0.119764
v 0.845787 -0.039826 -0.133677
v 0.845826 -0.003779 -0.138423
v 0.845864 0.032266 -0.133677
v 0.845900 0.065857 -0.119764
v 0.845931 0.094700 -0.097631
v 0.845955 0.116833 -0.068787
v 0.845970 0.130747 -0.035197
v 0.845975 0.135492 0.000849
v 0.840716 0.148226 0.000849
v 0.840710 0.143047 0.040189
v 0.840694 0.127862 0.076849
v 0.840669 0.103706 0.108329
v 0.840635 0.072226 0.132485
v 0.840596 0.035566 0.147670
v 0.840554 -0.003774 0.152849
v 0.840512 -0.043114 0.147670
v 0.840473 -0.079774 0.132485
v 0.840439 -0.111254 0.108329
v 0.840412 -0.135410 0.076849
v 0.840397 -0.150595 0.040189
v 0.840391 -0.155774 0.000849
v 0.840397 -0.150595 -0.038491
v 0.840412 -0.135410 -0.075151
v 0.840439 -0.111254 -0.106631
v 0.840473 -0.079774 -0.130787
v 0.840512 -0.043114 -0.145972
v 0.840554 -0.003774 -0.151151
v 0.840596 0.035566 -0.145972
v 0.840635 0.072226 -0.130787
v 0.840669 0.103706 -0.106631
v 0.840694 0.127862 -0.075151
v 0.840710 0.143047 -0.038491
v 0.840716 0.148226 0.000849
v 0.846002 0.160948 0.000849
v 0.845996 0.155335 0.043484
v 0.845978 0.138879 0.083213
v 0.845950 0.112701 0.117329
v 0.845914 0.078585 0.143508
v 0.845871 0.038855 0.159964
v 0.845826 -0.003779 0.165577
v 0.845780 -0.046414 0.159964
v 0.845737 -0.086143 0.143508
v 0.845701 -0.120260 0.117329
v 0.845673 -0.146438 0.083213
v 0.845656 -0.162895 0.043484
v 0.845650 -0.168508 0.000849
v 0.845656 -0.162895 -0.041786
v 0.845673 -0.146438 -0.081515
v 0.845701 -0.120260 -0.115631
v 0.845737 -0.086143 -0.141810
v 0.845780 -0.046414 -0.158266
v 0.845826 -0.003779 -0.163879
v 0.845871 0.038855 -0.158266
v 0.845914 0.078585 -0.141810
v 0.845950 0.112701 -0.115631
v 0.845978 0.138879 -0.081515
v 0.845996 0.155335 -0.041786
v 0.846002 0.160948 0.000849
v 0.858735 0.166207 0.000849
v 0.858730 0.160414 0.044848
v 0.858712 0.143431 0.085849
v 0.858682 0.116415 0.121057
v 0.858645 0.081207 0.148073
v 0.858601 0.040206 0.165056
v 0.858554 -0.003793 0.170849
v 0.858507 -0.047793 0.165056
v 0.858463 -0.088793 0.148073
v 0.858425 -0.124002 0.121057
v 0.858397 -0.151018 0.085849
v 0.858378 -0.168001 0.044848
v 0.858372 -0.173793 0.000849
v 0.858378 -0.168001 -0.043150
v 0.858397 -0.151018 -0.084151
v 0.858425 -0.124002 -0.119359
v 0.858463 -0.088793 -0.146375
v 0.858507 -0.047793 -0.163358
v 0.858554 -0.003793 -0.169151
v 0.858601 0.040206 -0.163358
v 0.858645 0.081207 -0.146375
v 0.858682 0.116415 -0.119359
v 0.858712 0.143431 -0.084151
v 0.858730 0.160414 -0.043150
v 0.858735 0.166207 0.000849
vn 0.7078 0.7064 -0.0000
vn 0.0012 1.0000 -0.0000
vn 0.7078 0.6823 0.1830
vn 0.0011 0.9659 0.2588
vn 0.7078 0.6116 0.3536
vn 0.0009 0.8660 0.5000
vn 0.7076 0.4992 0.5000
vn 0.0008 0.7071 0.7071
vn 0.7075 0.3528 0.6124
vn 0.0006 0.5000 0.8660
vn 0.7073 0.1823 0.6830
vn 0.0003 0.2588 0.9659
vn 0.7071 -0.0008 0.7071
vn -0.0000 -0.0000 1.0000
vn 0.7069 -0.1838 0.6830
vn -0.0003 -0.2588 0.9659
vn 0.7067 -0.3544 0.6124
vn -0.0005 -0.5000 0.8660
vn 0.7065 -0.5008 0.5000
vn -0.0007 -0.7071 0.7071
vn 0.7064 -0.6131 0.3536
vn -0.0009 -0.8660 0.5000
vn 0.7064 -0.6838 0.1830
vn -0.0009 -0.9659 0.2588
vn 0.7064 -0.7078 -0.0000
vn -0.0010 -1.0000 -0.0000
vn 0.7064 -0.6838 -0.1830
vn -0.0009 -0.9659 -0.2588
vn 0.7065 -0.6131 -0.3536
vn -0.0009 -0.8660 -0.5000
vn 0.7065 -0.5008 -0.5000
vn -0.0007 -0.7071 -0.7071
vn 0.7067 -0.3544 -0.6124
vn -0.0005 -0.5000 -0.8660
vn 0.7069 -0.1838 -0.6830
vn -0.0002 -0.2588 -0.9659
vn 0.7071 -0.0008 -0.7071
vn -0.0000 -0.0000 -1.0000
vn 0.7073 0.1823 -0.6830
vn 0.0003 0.2588 -0.9659
vn 0.7075 0.3528 -0.6124
vn 0.0006 0.5000 -0.8660
vn 0.7076 0.4992 -0.5000
vn 0.0008 0.7071 -0.7071
vn 0.7078 0.6116 -0.3536
vn 0.0009 0.8660 -0.5000
vn 0.7078 0.6823 -0.1830
vn 0.0011 0.9659 -0.2588
vn 1.0000 -0.0010 -0.0000
vn 0.7064 -0.6132 -0.3536
vn 0.7069 -0.1837 -0.6830
vn 0.7077 0.4992 -0.5000
vn 0.7079 0.7064 -0.0000
vn 0.7077 0.4992 0.5000
vn 0.7069 -0.1837 0.6830
vn 0.7066 -0.5008 0.5000
vn 0.7064 -0.6132 0.3536
vn -0.0011 -0.9659 -0.2588
vn -0.0008 -0.7071 -0.7071
vn 0.0005 0.5000 -0.8660
vn 0.0010 0.9659 -0.2588
vn 0.0011 1.0000 -0.0000
vn 0.0010 0.9659 0.2588
vn -0.0008 -0.7071 0.7071
vn -0.0011 -0.9659 0.2588
vn -0.7079 -0.7064 -0.0000
vn -0.7078 -0.6823 -0.1830
vn -0.7078 -0.6116 -0.3536
vn -0.7077 -0.4992 -0.5000
vn -0.7075 -0.3528 -0.6124
vn -0.7073 -0.1823 -0.6830
vn -0.7071 0.0008 -0.7071
vn -0.7069 0.1838 -0.6830
vn -0.7067 0.3543 -0.6124
vn -0.7065 0.5008 -0.5000
vn -0.7065 0.6131 -0.3536
vn -0.7064 0.6838 -0.1830
vn -0.7064 0.7078 -0.0000
vn -0.7064 0.6837 0.1830
vn -0.7064 0.6132 0.3536
vn -0.7065 0.5008 0.5000
vn -0.7067 0.3544 0.6124
vn -0.7069 0.1838 0.6830
vn -0.7071 0.0008 0.7071
vn -0.7073 -0.1823 0.6830
vn -0.7075 -0.3528 0.6124
vn -0.7077 -0.4992 0.5000
vn -0.7078 -0.6116 0.3536
vn -0.7078 -0.6823 0.1830
vn -0.7078 -0.7064 -0.0000
vn -1.0000 0.0012 -0.0000
vn -1.0000 0.0010 -0.0000
vn -1.0000 0.0011 -0.0000
vn -0.7064 0.7079 -0.0000
vn -0.7064 0.6838 0.1830
vn -0.7065 0.6131 0.3536
vn -0.7069 0.1837 0.6830
vn -0.7076 -0.4992 0.5000
vn -0.7076 -0.4992 -0.5000
vn -0.7067 0.3544 -0.6124
vn 0.0010 1.0000 -0.0000
vn 0.0007 0.7071 0.7071
vn 0.0005 0.5000 0.8660
vn -0.0006 -0.5000 0.8660
vn -0.0010 -0.8660 0.5000
vn -0.0012 -1.0000 -0.0000
vn -0.0010 -0.8660 -0.5000
vn -0.0006 -0.5000 -0.8660
vn -0.0004 -0.2588 -0.9659
vn 0.0002 0.2588 -0.9659
vn 0.0006 0.7071 -0.7071
vt 0.000000 0.125000
vt 0.000000 0.000000
vt 0.041667 0.125000
vt 0.041667 0.000000
vt 0.083333 0.125000
vt 0.083333 0.000000
vt 0.125000 0.125000
vt 0.125000 0.000000
vt 0.166667 0.125000
vt 0.166667 0.000000
vt 0.208333 0.125000
vt 0.208333 0.000000
vt 0.250000 0.125000
vt 0.250000 0.000000
vt 0.291667 0.125000
vt 0.291667 0.000000
vt 0.333333 0.125000
vt 0.333333 0.000000
vt 0.375000 0.125000
vt 0.375000 0.000000
vt 0.416667 0.125000
vt 0.416667 0.000000
vt 0.458333 0.125000
vt 0.458333 0.000000
vt 0.500000 0.125000
vt 0.500000 0.000000
vt 0.541667 0.125000
vt 0.541667 0.000000
vt 0.583333 0.125000
vt 0.583333 0.000000
vt 0.625000 0.125000
vt 0.625000 0.000000
vt 0.666667 0.125000
vt 0.666667 0.000000
vt 0.708333 0.125000
vt 0.708333 0.000000
vt 0.750000 0.125000
vt 0.750000 0.000000
vt 0.791667 0.125000
vt 0.791667 0.000000
vt 0.833333 0.125000
vt 0.833333 0.000000
vt 0.875000 0.125000
vt 0.875000 0.000000
vt 0.916667 0.125000
vt 0.916667 0.000000
vt 0.958333 0.125000
vt 0.958333 0.000000
vt 1.000000 0.125000
vt 1.000000 0.000000
vt 0.000000 0.250000
vt 0.041667 0.250000
vt 0.083333 0.250000
vt 0.125000 0.250000
vt 0.166667 0.250000
vt 0.208333 0.250000
vt 0.250000 0.250000
vt 0.291667 0.250000
vt 0.333333 0.250000
vt 0.375000 0.250000
vt 0.416667 0.250000
vt 0.458333 0.250000
vt 0.500000 0.250000
vt 0.541667 0.250000
vt 0.583333 0.250000
vt 0.625000 0.250000
vt 0.666667 0.250000
vt 0.708333 0.250000
vt 0.750000 0.250000
vt 0.791667 0.250000
vt 0.833333 0.250000
vt 0.875000 0.250000
vt 0.916667 0.250000
vt 0.958333 0.250000
vt 1.000000 0.250000
vt 0.000000 0.375000
vt 0.041667 0.375000
vt 0.083333 0.375000
vt 0.125000 0.375000
vt 0.166667 0.375000
vt 0.208333 0.375000
vt 0.250000 0.375000
vt 0.291667 0.375000
vt 0.333333 0.375000
vt 0.375000 0.375000
vt 0.416667 0.375000
vt 0.458333 0.375000
vt 0.500000 0.375000
vt 0.541667 0.375000
vt 0.583333 0.375000
vt 0.625000 0.375000
vt 0.666667 0.375000
vt 0.708333 0.375000
vt 0.750000 0.375000
vt 0.791667 0.375000
vt 0.833333 0.375000
vt 0.875000 0.375000
vt 0.916667 0.375000
vt 0.958333 0.375000
vt 1.000000 0.375000
vt 0.000000 0.500000
vt 0.041667 0.500000
vt 0.083333 0.500000
vt 0.125000 0.500000
vt 0.166667 0.500000
vt 0.208333 0.500000
vt 0.250000 0.500000
vt 0.291667 0.500000
vt 0.333333 0.500000
vt 0.375000 0.500000
vt 0.416667 0.500000
vt 0.458333 0.500000
vt 0.500000 0.500000
vt 0.541667 0.500000
vt 0.583333 0.500000
vt 0.625000 0.500000
vt 0.666667 0.500000
vt 0.708333 0.500000
vt 0.750000 0.500000
vt 0.791667 0.500000
vt 0.833333 0.500000
vt 0.875000 0.500000
vt 0.916667 0.500000
vt 0.958333 0.500000
vt 1.000000 0.500000
vt 0.000000 0.625000
vt 0.041667 0.625000
vt 0.083333 0.625000
vt 0.125000 0.625000
vt 0.166667 0.625000
vt 0.208333 0.625000
vt 0.250000 0.625000
vt 0.291667 0.625000
vt 0.333333 0.625000
vt 0.375000 0.625000
vt 0.416667 0.625000
vt 0.458333 0.625000
vt 0.500000 0.625000
vt 0.541667 0.625000
vt 0.583333 0.625000
vt 0.625000 0.625000
vt 0.666667 0.625000
vt 0.708333 0.625000
vt 0.750000 0.625000
vt 0.791667 0.625000
vt 0.833333 0.625000
vt 0.875000 0.625000
vt 0.916667 0.625000
vt 0.958333 0.625000
vt 1.000000 0.625000
vt 0.000000 0.750000
vt 0.041667 0.750000
vt 0.083333 0.750000
vt 0.125000 0.750000
vt 0.166667 0.750000
vt 0.208333 0.750000
vt 0.250000 0.750000
vt 0.291667 0.750000
vt 0.333333 0.750000
vt 0.375000 0.750000
vt 0.416667 0.750000
vt 0.458333 0.750000
vt 0.500000 0.750000
vt 0.541667 0.750000
vt 0.583333 0.750000
vt 0.625000 0.750000
vt 0.666667 0.750000
vt 0.708333 0.750000
vt 0.750000 0.750000
vt 0.791667 0.750000
vt 0.833333 0.750000
vt 0.875000 0.750000
vt 0.916667 0.750000
vt 0.958333 0.750000
vt 1.000000 0.750000
vt 0.000000 0.875000
vt 0.041667 0.875000
vt 0.083333 0.875000
vt 0.125000 0.875000
vt 0.166667 0.875000
vt 0.208333 0.875000
vt 0.250000 0.875000
vt 0.291667 0.875000
vt 0.333333 0.875000
vt 0.375000 0.875000
vt 0.416667 0.875000
vt 0.458333 0.875000
vt 0.500000 0.875000
vt 0.541667 0.875000
vt 0.583333 0.875000
vt 0.625000 0.875000
vt 0.666667 0.875000
vt 0.708333 0.875000
vt 0.750000 0.875000
vt 0.791667 0.875000
vt 0.833333 0.875000
vt 0.875000 0.875000
vt 0.916667 0.875000
vt 0.958333 0.875000
vt 1.000000 0.875000
vt 0.000000 1.000000
vt 0.041667 1.000000
vt 0.083333 1.000000
vt 0.125000 1.000000
vt 0.166667 1.000000
vt 0.208333 1.000000
vt 0.250000 1.000000
vt 0.291667 1.000000
vt 0.333333 1.000000
vt 0.375000 1.000000
vt 0.416667 1.000000
vt 0.458333 1.000000
vt 0.500000 1.000000
vt 0.541667 1.000000
vt 0.583333 1.000000
vt 0.625000 1.000000
vt 0.666667 1.000000
vt 0.708333 1.000000
vt 0.750000 1.000000
vt 0.791667 1.000000
vt 0.833333 1.000000
vt 0.875000 1.000000
vt 0.916667 1.000000
vt 0.958333 1.000000
vt 1.000000 1.000000
s 1
usemtl brass
f 1675/652/286 1650/653/287 1676/654/288
f 1650/653/287 1651/655/289 1676/654/288
f 1676/654/288 1651/655/289 1677/656/290
f 1651/655/289 1652/657/291 1677/656/290
f 1677/656/290 1652/657/291 1678/658/292
f 1652/657/291 1653/659/293 1678/658/292
f 1678/658/292 1653/659/293 1679/660/294
f 1653/659/293 1654/661/295 1679/660/294
f 1679/660/294 1654/661/295 1680/662/296
f 1654/661/295 1655/663/297 1680/662/296
f 1680/662/296 1655/663/297 1681/664/298
f 1655/663/297 1656/665/299 1681/664/298
f 1681/664/298 1656/665/299 1682/666/300
f 1656/665/299 1657/667/301 1682/666/300
f 1682/666/300 1657/667/301 1683/668/302
f 1657/667/301 1658/669/303 1683/668/302
f 1683/668/302 1658/669/303 1684/670/304
f 1658/669/303 1659/671/305 1684/670/304
f 1684/670/304 1659/671/305 1685/672/306
f 1659/671/305 1660/673/307 1685/672/306
f 1685/672/306 1660/673/307 1686/674/308
f 1660/673/307 1661/675/309 1686/674/308
f 1686/674/308 1661/675/309 1687/676/310
f 1661/675/309 1662/677/311 1687/676/310
f 1687/676/310 1662/677/311 1688/678/312
f 1662/677/311 1663/679/313 1688/678/312
f 1688/678/312 1663/679/313 1689/680/314
f 1663/679/313 1664/681/315 1689/680/314
f 1689/680/314 1664/681/315 1690/682/316
f 1664/681/315 1665/683/317 1690/682/316
f 1690/682/316 1665/683/317 1691/684/318
f 1665/683/317 1666/685/319 1691/684/318
f 1691/684/318 1666/685/319 1692/686/320
f 1666/685/319 1667/687/321 1692/686/320
f 1692/686/320 1667/687/321 1693/688/322
f 1667/687/321 1668/689/323 1693/688/322
f 1693/688/322 1668/689/323 1694/690/324
f 1668/689/323 1669/691/325 1694/690/324
f 1694/690/324 1669/691/325 1695/692/326
f 1669/691/325 1670/693/327 1695/692/326
f 1695/692/326 1670/693/327 1696/694/328
f 1670/693/327 1671/695/329 1696/694/328
f 1696/694/328 1671/695/329 1697/696/330
f 1671/695/329 1672/697/331 1697/696/330
f 1697/696/330 1672/697/331 1698/698/332
f 1672/697/331 1673/699/333 1698/698/332
f 1698/698/332 1673/699/333 1699/700/286
f 1673/699/333 1674/701/287 1699/700/286
f 1700/702/334 1675/652/286 1701/703/334
f 1675/652/286 1676/654/288 1701/703/334
f 1701/703/334 1676/654/288 1702/704/334
f 1676/654/288 1677/656/290 1702/704/334
f 1702/704/334 1677/656/290 1703/705/334
f 1677/656/290 1678/658/292 1703/705/334
f 1703/705/334 1678/658/292 1704/706/334
f 1678/658/292 1679/660/294 1704/706/334
f 1704/706/334 1679/660/294 1705/707/334
f 1679/660/294 1680/662/296 1705/707/334
f 1705/707/334 1680/662/296 1706/708/334
f 1680/662/296 1681/664/298 1706/708/334
f 1706/708/334 1681/664/298 1707/709/334
f 1681/664/298 1682/666/300 1707/709/334
f 1707/709/334 1682/666/300 1708/710/334
f 1682/666/300 1683/668/302 1708/710/334
f 1708/710/334 1683/668/302 1709/711/334
f 1683/668/302 1684/670/304 1709/711/334
f 1709/711/334 1684/670/304 1710/712/334
f 1684/670/304 1685/672/306 1710/712/334
f 1710/712/334 1685/672/306 1711/713/334
f 1685/672/306 1686/674/308 1711/713/334
f 1711/713/334 1686/674/308 1712/714/334
f 1686/674/308 1687/676/310 1712/714/334
f 1712/714/334 1687/676/310 1713/715/334
f 1687/676/310 1688/678/312 1713/715/334
f 1713/715/334 1688/678/312 1714/716/334
f 1688/678/312 1689/680/314 1714/716/334
f 1714/716/334 1689/680/314 1715/717/334
f 1689/680/314 1690/682/316 1715/717/334
f 1715/717/334 1690/682/316 1716/718/334
f 1690/682/316 1691/684/318 1716/718/334
f 1716/718/334 1691/684/318 1717/719/334
f 1691/684/318 1692/686/320 1717/719/334
f 1717/719/334 1692/686/320 1718/720/334
f 1692/686/320 1693/688/322 1718/720/334
f 1718/720/334 1693/688/322 1719/721/334
f 1693/688/322 1694/690/324 1719/721/334
f 1719/721/334 1694/690/324 1720/722/334
f 1694/690/324 1695/692/326 1720/722/334
f 1720/722/334 1695/692/326 1721/723/334
f 1695/692/326 1696/694/328 1721/723/334
f 1721/723/334 1696/694/328 1722/724/334
f 1696/694/328 1697/696/330 1722/724/334
f 1722/724/334 1697/696/330 1723/725/334
f 1697/696/330 1698/698/332 1723/725/334
f 1723/725/334 1698/698/332 1724/726/334
f 1698/698/332 1699/700/286 1724/726/334
f 1725/727/310 1700/702/334 1726/728/312
f 1700/702/334 1701/703/334 1726/728/312
f 1726/728/312 1701/703/334 1727/729/335
f 1701/703/334 1702/704/334 1727/729/335
f 1727/729/335 1702/704/334 1728/730/316
f 1702/704/334 1703/705/334 1728/730/316
f 1728/730/316 1703/705/334 1729/731/318
f 1703/705/334 1704/706/334 1729/731/318
f 1729/731/318 1704/706/334 1730/732/336
f 1704/706/334 1705/707/334 1730/732/336
f 1730/732/336 1705/707/334 1731/733/322
f 1705/707/334 1706/708/334 1731/733/322
f 1731/733/322 1706/708/334 1732/734/324
f 1706/708/334 1707/709/334 1732/734/324
f 1732/734/324 1707/709/334 1733/735/326
f 1707/709/334 1708/710/334 1733/735/326
f 1733/735/326 1708/710/334 1734/736/337
f 1708/710/334 1709/711/334 1734/736/337
f 1734/736/337 1709/711/334 1735/737/330
f 1709/711/334 1710/712/334 1735/737/330
f 1735/737/330 1710/712/334 1736/738/332
f 1710/712/334 1711/713/334 1736/738/332
f 1736/738/332 1711/713/334 1737/739/338
f 1711/713/334 1712/714/334 1737/739/338
f 1737/739/338 1712/714/334 1738/740/288
f 1712/714/334 1713/715/334 1738/740/288
f 1738/740/288 1713/715/334 1739/741/290
f 1713/715/334 1714/716/334 1739/741/290
f 1739/741/290 1714/716/334 1740/742/339
f 1714/716/334 1715/717/334 1740/742/339
f 1740/742/339 1715/717/334 1741/743/294
f 1715/717/334 1716/718/334 1741/743/294
f 1741/743/294 1716/718/334 1742/744/296
f 1716/718/334 1717/719/334 1742/744/296
f 1742/744/296 1717/719/334 1743/745/298
f 1717/719/334 1718/720/334 1743/745/298
f 1743/745/298 1718/720/334 1744/746/340
f 1718/720/334 1719/721/334 1744/746/340
f 1744/746/340 1719/721/334 1745/747/302
f 1719/721/334 1720/722/334 1745/747/302
f 1745/747/302 1720/722/334 1746/748/341
f 1720/722/334 1721/723/334 1746/748/341
f 1746/748/341 1721/723/334 1747/749/342
f 1721/723/334 1722/724/334 1747/749/342
f 1747/749/342 1722/724/334 1748/750/308
f 1722/724/334 1723/725/334 1748/750/308
f 1748/750/308 1723/725/334 1749/751/310
f 1723/725/334 1724/726/334 1749/751/310
f 1750/752/311 1725/727/310 1751/753/343
f 1725/727/310 1726/728/312 1751/753/343
f 1751/753/343 1726/728/312 1752/754/315
f 1726/728/312 1727/729/335 1752/754/315
f 1752/754/315 1727/729/335 1753/755/344
f 1727/729/335 1728/730/316 1753/755/344
f 1753/755/344 1728/730/316 1754/756/319
f 1728/730/316 1729/731/318 1754/756/319
f 1754/756/319 1729/731/318 1755/757/321
f 1729/731/318 1730/732/336 1755/757/321
f 1755/757/321 1730/732/336 1756/758/323
f 1730/732/336 1731/733/322 1756/758/323
f 1756/758/323 1731/733/322 1757/759/325
f 1731/733/322 1732/734/324 1757/759/325
f 1757/759/325 1732/734/324 1758/760/345
f 1732/734/324 1733/735/326 1758/760/345
f 1758/760/345 1733/735/326 1759/761/329
f 1733/735/326 1734/736/337 1759/761/329
f 1759/761/329 1734/736/337 1760/762/331
f 1734/736/337 1735/737/330 1760/762/331
f 1760/762/331 1735/737/330 1761/763/346
f 1735/737/330 1736/738/332 1761/763/346
f 1761/763/346 1736/738/332 1762/764/347
f 1736/738/332 1737/739/338 1762/764/347
f 1762/764/347 1737/739/338 1763/765/348
f 1737/739/338 1738/740/288 1763/765/348
f 1763/765/348 1738/740/288 1764/766/291
f 1738/740/288 1739/741/290 1764/766/291
f 1764/766/291 1739/741/290 1765/767/293
f 1739/741/290 1740/742/339 1765/767/293
f 1765/767/293 1740/742/339 1766/768/295
f 1740/742/339 1741/743/294 1766/768/295
f 1766/768/295 1741/743/294 1767/769/297
f 1741/743/294 1742/744/296 1767/769/297
f 1767/769/297 1742/744/296 1768/770/299
f 1742/744/296 1743/745/298 1768/770/299
f 1768/770/299 1743/745/298 1769/771/301
f 1743/745/298 1744/746/340 1769/771/301
f 1769/771/301 1744/746/340 1770/772/303
f 1744/746/340 1745/747/302 1770/772/303
f 1770/772/303 1745/747/302 1771/773/349
f 1745/747/302 1746/748/341 1771/773/349
f 1771/773/349 1746/748/341 1772/774/307
f 1746/748/341 1747/749/342 1772/774/307
f 1772/774/307 1747/749/342 1773/775/350
f 1747/749/342 1748/750/308 1773/775/350
f 1773/775/350 1748/750/308 1774/776/311
f 1748/750/308 1749/751/310 1774/776/311
f 1775/777/351 1750/752/311 1776/778/352
f 1750/752/311 1751/753/343 1776/778/352
f 1776/778/352 1751/753/343 1777/779/353
f 1751/753/343 1752/754/315 1777/779/353
f 1777/779/353 1752/754/315 1778/780/354
f 1752/754/315 1753/755/344 1778/780/354
f 1778/780/354 1753/755/344 1779/781/355
f 1753/755/344 1754/756/319 1779/781/355
f 1779/781/355 1754/756/319 1780/782/356
f 1754/756/319 1755/757/321 1780/782/356
f 1780/782/356 1755/757/321 1781/783/357
f 1755/757/321 1756/758/323 1781/783/357
f 1781/783/357 1756/758/323 1782/784/358
f 1756/758/323 1757/759/325 1782/784/358
f 1782/784/358 1757/759/325 1783/785/359
f 1757/759/325 1758/760/345 1783/785/359
f 1783/785/359 1758/760/345 1784/786/360
f 1758/760/345 1759/761/329 1784/786/360
f 1784/786/360 1759/761/329 1785/787/361
f 1759/761/329 1760/762/331 1785/787/361
f 1785/787/361 1760/762/331 1786/788/362
f 1760/762/331 1761/763/346 1786/788/362
f 1786/788/362 1761/763/346 1787/789/363
f 1761/763/346 1762/764/347 1787/789/363
f 1787/789/363 1762/764/347 1788/790/364
f 1762/764/347 1763/765/348 1788/790/364
f 1788/790/364 1763/765/348 1789/791/365
f 1763/765/348 1764/766/291 1789/791/365
f 1789/791/365 1764/766/291 1790/792/366
f 1764/766/291 1765/767/293 1790/792/366
f 1790/792/366 1765/767/293 1791/793/367
f 1765/767/293 1766/768/295 1791/793/367
f 1791/793/367 1766/768/295 1792/794/368
f 1766/768/295 1767/769/297 1792/794/368
f 1792/794/368 1767/769/297 1793/795/369
f 1767/769/297 1768/770/299 1793/795/369
f 1793/795/369 1768/770/299 1794/796/370
f 1768/770/299 1769/771/301 1794/796/370
f 1794/796/370 1769/771/301 1795/797/371
f 1769/771/301 1770/772/303 1795/797/371
f 1795/797/371 1770/772/303 1796/798/372
f 1770/772/303 1771/773/349 1796/798/372
f 1796/798/372 1771/773/349 1797/799/373
f 1771/773/349 1772/774/307 1797/799/373
f 1797/799/373 1772/774/307 1798/800/374
f 1772/774/307 1773/775/350 1798/800/374
f 1798/800/374 1773/775/350 1799/801/375
f 1773/775/350 1774/776/311 1799/801/375
f 1800/802/376 1775/777/351 1801/803/377
f 1775/777/351 1776/778/352 1801/803/377
f 1801/803/377 1776/778/352 1802/804/377
f 1776/778/352 1777/779/353 1802/804/377
f 1802/804/377 1777/779/353 1803/805/377
f 1777/779/353 1778/780/354 1803/805/377
f 1803/805/377 1778/780/354 1804/806/377
f 1778/780/354 1779/781/355 1804/806/377
f 1804/806/377 1779/781/355 1805/807/377
f 1779/781/355 1780/782/356 1805/807/377
f 1805/807/377 1780/782/356 1806/808/377
f 1780/782/356 1781/783/357 1806/808/377
f 1806/808/377 1781/783/357 1807/809/377
f 1781/783/357 1782/784/358 1807/809/377
f 1807/809/377 1782/784/358 1808/810/377
f 1782/784/358 1783/785/359 1808/810/377
f 1808/810/377 1783/785/359 1809/811/377
f 1783/785/359 1784/786/360 1809/811/377
f 1809/811/377 1784/786/360 1810/812/377
f 1784/786/360 1785/787/361 1810/812/377
f 1810/812/377 1785/787/361 1811/813/377
f 1785/787/361 1786/788/362 1811/813/377
f 1811/813/377 1786/788/362 1812/814/377
f 1786/788/362 1787/789/363 1812/814/377
f 1812/814/377 1787/789/363 1813/815/377
f 1787/789/363 1788/790/364 1813/815/377
f 1813/815/377 1788/790/364 1814/816/378
f 1788/790/364 1789/791/365 1814/816/378
f 1814/816/378 1789/791/365 1815/817/377
f 1789/791/365 1790/792/366 1815/817/377
f 1815/817/377 1790/792/366 1816/818/377
f 1790/792/366 1791/793/367 1816/818/377
f 1816/818/377 1791/793/367 1817/819/377
f 1791/793/367 1792/794/368 1817/819/377
f 1817/819/377 1792/794/368 1818/820/377
f 1792/794/368 1793/795/369 1818/820/377
f 1818/820/377 1793/795/369 1819/821/377
f 1793/795/369 1794/796/370 1819/821/377
f 1819/821/377 1794/796/370 1820/822/377
f 1794/796/370 1795/797/371 1820/822/377
f 1820/822/377 1795/797/371 1821/823/377
f 1795/797/371 1796/798/372 1821/823/377
f 1821/823/377 1796/798/372 1822/824/377
f 1796/798/372 1797/799/373 1822/824/377
f 1822/824/377 1797/799/373 1823/825/377
f 1797/799/373 1798/800/374 1823/825/377
f 1823/825/377 1798/800/374 1824/826/378
f 1798/800/374 1799/801/375 1824/826/378
f 1825/827/379 1800/802/376 1826/828/380
f 1800/802/376 1801/803/377 1826/828/380
f 1826/828/380 1801/803/377 1827/829/381
f 1801/803/377 1802/804/377 1827/829/381
f 1827/829/381 1802/804/377 1828/830/366
f 1802/804/377 1803/805/377 1828/830/366
f 1828/830/366 1803/805/377 1829/831/367
f 1803/805/377 1804/806/377 1829/831/367
f 1829/831/367 1804/806/377 1830/832/382
f 1804/806/377 1805/807/377 1830/832/382
f 1830/832/382 1805/807/377 1831/833/369
f 1805/807/377 1806/808/377 1831/833/369
f 1831/833/369 1806/808/377 1832/834/370
f 1806/808/377 1807/809/377 1832/834/370
f 1832/834/370 1807/809/377 1833/835/371
f 1807/809/377 1808/810/377 1833/835/371
f 1833/835/371 1808/810/377 1834/836/383
f 1808/810/377 1809/811/377 1834/836/383
f 1834/836/383 1809/811/377 1835/837/373
f 1809/811/377 1810/812/377 1835/837/373
f 1835/837/373 1810/812/377 1836/838/374
f 1810/812/377 1811/813/377 1836/838/374
f 1836/838/374 1811/813/377 1837/839/375
f 1811/813/377 1812/814/377 1837/839/375
f 1837/839/375 1812/814/377 1838/840/352
f 1812/814/377 1813/815/377 1838/840/352
f 1838/840/352 1813/815/377 1839/841/353
f 1813/815/377 1814/816/378 1839/841/353
f 1839/841/353 1814/816/378 1840/842/384
f 1814/816/378 1815/817/377 1840/842/384
f 1840/842/384 1815/817/377 1841/843/355
f 1815/817/377 1816/818/377 1841/843/355
f 1841/843/355 1816/818/377 1842/844/356
f 1816/818/377 1817/819/377 1842/844/356
f 1842/844/356 1817/819/377 1843/845/357
f 1817/819/377 1818/820/377 1843/845/357
f 1843/845/357 1818/820/377 1844/846/358
f 1818/820/377 1819/821/377 1844/846/358
f 1844/846/358 1819/821/377 1845/847/385
f 1819/821/377 1820/822/377 1845/847/385
f 1845/847/385 1820/822/377 1846/848/360
f 1820/822/377 1821/823/377 1846/848/360
f 1846/848/360 1821/823/377 1847/849/361
f 1821/823/377 1822/824/377 1847/849/361
f 1847/849/361 1822/824/377 1848/850/362
f 1822/824/377 1823/825/377 1848/850/362
f 1848/850/362 1823/825/377 1849/851/363
f 1823/825/377 1824/826/378 1849/851/363
f 1850/852/386 1825/827/379 1851/853/348
f 1825/827/379 1826/828/380 1851/853/348
f 1851/853/348 1826/828/380 1852/854/291
f 1826/828/380 1827/829/381 1852/854/291
f 1852/854/291 1827/829/381 1853/855/387
f 1827/829/381 1828/830/366 1853/855/387
f 1853/855/387 1828/830/366 1854/856/388
f 1828/830/366 1829/831/367 1854/856/388
f 1854/856/388 1829/831/367 1855/857/297
f 1829/831/367 1830/832/382 1855/857/297
f 1855/857/297 1830/832/382 1856/858/299
f 1830/832/382 1831/833/369 1856/858/299
f 1856/858/299 1831/833/369 1857/859/301
f 1831/833/369 1832/834/370 1857/859/301
f 1857/859/301 1832/834/370 1858/860/389
f 1832/834/370 1833/835/371 1858/860/389
f 1858/860/389 1833/835/371 1859/861/349
f 1833/835/371 1834/836/383 1859/861/349
f 1859/861/349 1834/836/383 1860/862/390
f 1834/836/383 1835/837/373 1860/862/390
f 1860/862/390 1835/837/373 1861/863/350
f 1835/837/373 1836/838/374 1861/863/350
f 1861/863/350 1836/838/374 1862/864/391
f 1836/838/374 1837/839/375 1862/864/391
f 1862/864/391 1837/839/375 1863/865/343
f 1837/839/375 1838/840/352 1863/865/343
f 1863/865/343 1838/840/352 1864/866/392
f 1838/840/352 1839/841/353 1864/866/392
f 1864/866/392 1839/841/353 1865/867/344
f 1839/841/353 1840/842/384 1865/867/344
f 1865/867/344 1840/842/384 1866/868/393
f 1840/842/384 1841/843/355 1866/868/393
f 1866/868/393 1841/843/355 1867/869/394
f 1841/843/355 1842/844/356 1867/869/394
f 1867/869/394 1842/844/356 1868/870/323
f 1842/844/356 1843/845/357 1868/870/323
f 1868/870/323 1843/845/357 1869/871/395
f 1843/845/357 1844/846/358 1869/871/395
f 1869/871/395 1844/846/358 1870/872/345
f 1844/846/358 1845/847/385 1870/872/345
f 1870/872/345 1845/847/385 1871/873/396
f 1845/847/385 1846/848/360 1871/873/396
f 1871/873/396 1846/848/360 1872/874/331
f 1846/848/360 1847/849/361 1872/874/331
f 1872/874/331 1847/849/361 1873/875/346
f 1847/849/361 1848/850/362 1873/875/346
f 1873/875/346 1848/850/362 1874/876/386
f 1848/850/362 1849/851/363 1874/876/386
o green_ring2
v 1.028735 0.166025 0.000849
v 1.028730 0.160233 0.044848
v 1.028711 0.143249 0.085849
v 1.028682 0.116232 0.121057
v 1.028644 0.081025 0.148073
v 1.028601 0.040024 0.165056
v 1.028554 -0.003975 0.170849
v 1.028507 -0.047974 0.165056
v 1.028463 -0.088975 0.148073
v 1.028425 -0.124183 0.121057
v 1.028396 -0.151199 0.085849
v 1.028378 -0.168182 0.044848
v 1.028371 -0.173975 0.000849
v 1.028378 -0.168182 -0.043150
v 1.028396 -0.151199 -0.084151
v 1.028425 -0.124183 -0.119359
v 1.028463 -0.088975 -0.146375
v 1.028507 -0.047974 -0.163358
v 1.028554 -0.003975 -0.169151
v 1.028601 0.040024 -0.163358
v 1.028644 0.081025 -0.146375
v 1.028682 0.116232 -0.119359
v 1.028711 0.143249 -0.084151
v 1.028730 0.160233 -0.043150
v 1.028735 0.166025 0.000849
v 1.041457 0.160739 0.000849
v 1.041452 0.155126 0.043484
v 1.041434 0.138670 0.083213
v 1.041406 0.112491 0.117329
v 1.041369 0.078375 0.143508
v 1.041327 0.038646 0.159964
v 1.041282 -0.003989 0.165577
v 1.041236 -0.046623 0.159964
v 1.041193 -0.086353 0.143508
v 1.041157 -0.120469 0.117329
v 1.041129 -0.146648 0.083213
v 1.041111 -0.163103 0.043484
v 1.041105 -0.168717 0.000849
v 1.041111 -0.163103 -0.041786
v 1.041129 -0.146648 -0.081515
v 1.041157 -0.120469 -0.115631
v 1.041193 -0.086353 -0.141810
v 1.041236 -0.046623 -0.158266
v 1.041282 -0.003989 -0.163879
v 1.041327 0.038646 -0.158266
v 1.041369 0.078375 -0.141810
v 1.041406 0.112491 -0.115631
v 1.041434 0.138670 -0.081515
v 1.041452 0.155126 -0.041786
v 1.041457 0.160739 0.000849
v 1.046716 0.148005 0.000849
v 1.046710 0.142826 0.040189
v 1.046694 0.127641 0.076849
v 1.046668 0.103486 0.108329
v 1.046635 0.072006 0.132485
v 1.046596 0.035346 0.147670
v 1.046554 -0.003995 0.152849
v 1.046512 -0.043334 0.147670
v 1.046472 -0.079994 0.132485
v 1.046438 -0.111474 0.108329
v 1.046412 -0.135630 0.076849
v 1.046396 -0.150815 0.040189
v 1.046391 -0.155994 0.000849
v 1.046396 -0.150815 -0.038491
v 1.046412 -0.135630 -0.075151
v 1.046438 -0.111474 -0.106631
v 1.046472 -0.079994 -0.130787
v 1.046512 -0.043334 -0.145972
v 1.046554 -0.003995 -0.151151
v 1.046596 0.035346 -0.145972
v 1.046635 0.072006 -0.130787
v 1.046668 0.103486 -0.106631
v 1.046694 0.127641 -0.075151
v 1.046710 0.142826 -0.038491
v 1.046716 0.148005 0.000849
v 1.041430 0.135283 0.000849
v 1.041425 0.130538 0.036895
v 1.041410 0.116624 0.070485
v 1.041387 0.094492 0.099329
v 1.041356 0.065647 0.121462
v 1.041319 0.032058 0.135375
v 1.041282 -0.003989 0.140121
v 1.041243 -0.040035 0.135375
v 1.041207 -0.073625 0.121462
v 1.041176 -0.102469 0.099329
v 1.041153 -0.124602 0.070485
v 1.041137 -0.138515 0.036895
v 1.041132 -0.143261 0.000849
v 1.041137 -0.138515 -0.035197
v 1.041153 -0.124602 -0.068787
v 1.041176 -0.102469 -0.097631
v 1.041207 -0.073625 -0.119764
v 1.041243 -0.040035 -0.133677
v 1.041282 -0.003989 -0.138423
v 1.041319 0.032058 -0.133677
v 1.041356 0.065647 -0.119764
v 1.041387 0.094492 -0.097631
v 1.041410 0.116624 -0.068787
v 1.041425 0.130538 -0.035197
v 1.041430 0.135283 0.000849
v 1.028697 0.130024 0.000849
v 1.028692 0.125459 0.035531
v 1.028678 0.112072 0.067849
v 1.028654 0.090778 0.095601
v 1.028625 0.063025 0.116896
v 1.028591 0.030706 0.130283
v 1.028554 -0.003975 0.134849
v 1.028516 -0.038657 0.130283
v 1.028481 -0.070975 0.116896
v 1.028452 -0.098727 0.095601
v 1.028430 -0.120022 0.067849
v 1.028415 -0.133410 0.035531
v 1.028410 -0.137975 0.000849
v 1.028415 -0.133410 -0.033833
v 1.028430 -0.120022 -0.066151
v 1.028452 -0.098727 -0.093903
v 1.028481 -0.070975 -0.115198
v 1.028516 -0.038657 -0.128585
v 1.028554 -0.003975 -0.133151
v 1.028591 0.030706 -0.128585
v 1.028625 0.063025 -0.115198
v 1.028654 0.090778 -0.093903
v 1.028678 0.112072 -0.066151
v 1.028692 0.125459 -0.033833
v 1.028697 0.130024 0.000849
v 1.015974 0.135310 0.000849
v 1.015969 0.130565 0.036895
v 1.015955 0.116652 0.070485
v 1.015930 0.094519 0.099329
v 1.015900 0.065674 0.121462
v 1.015865 0.032085 0.135375
v 1.015826 -0.003962 0.140121
v 1.015787 -0.040007 0.135375
v 1.015752 -0.073598 0.121462
v 1.015720 -0.102441 0.099329
v 1.015697 -0.124575 0.070485
v 1.015681 -0.138488 0.036895
v 1.015676 -0.143234 0.000849
v 1.015681 -0.138488 -0.035197
v 1.015697 -0.124575 -0.068787
v 1.015720 -0.102441 -0.097631
v 1.015752 -0.073598 -0.119764
v 1.015787 -0.040007 -0.133677
v 1.015826 -0.003962 -0.138423
v 1.015865 0.032085 -0.133677
v 1.015900 0.065674 -0.119764
v 1.015930 0.094519 -0.097631
v 1.015955 0.116652 -0.068787
v 1.015969 0.130565 -0.035197
v 1.015974 0.135310 0.000849
v 1.010717 0.148044 0.000849
v 1.010711 0.142865 0.040189
v 1.010694 0.127680 0.076849
v 1.010669 0.103524 0.108329
v 1.010635 0.072044 0.132485
v 1.010596 0.035385 0.147670
v 1.010554 -0.003956 0.152849
v 1.010512 -0.043297 0.147670
v 1.010473 -0.079956 0.132485
v 1.010438 -0.111436 0.108329
v 1.010413 -0.135592 0.076849
v 1.010396 -0.150776 0.040189
v 1.010391 -0.155956 0.000849
v 1.010396 -0.150776 -0.038491
v 1.010413 -0.135592 -0.075151
v 1.010438 -0.111436 -0.106631
v 1.010473 -0.079956 -0.130787
v 1.010512 -0.043297 -0.145972
v 1.010554 -0.003956 -0.151151
v 1.010596 0.035385 -0.145972
v 1.010635 0.072044 -0.130787
v 1.010669 0.103524 -0.106631
v 1.010694 0.127680 -0.075151
v 1.010711 0.142865 -0.038491
v 1.010717 0.148044 0.000849
v 1.016001 0.160766 0.000849
v 1.015996 0.155153 0.043484
v 1.015978 0.138697 0.083213
v 1.015950 0.112518 0.117329
v 1.015914 0.078402 0.143508
v 1.015871 0.038673 0.159964
v 1.015826 -0.003962 0.165577
v 1.015780 -0.046596 0.159964
v 1.015738 -0.086325 0.143508
v 1.015701 -0.120442 0.117329
v 1.015673 -0.146620 0.083213
v 1.015655 -0.163076 0.043484
v 1.015649 -0.168689 0.000849
v 1.015655 -0.163076 -0.041786
v 1.015673 -0.146620 -0.081515
v 1.015701 -0.120442 -0.115631
v 1.015738 -0.086325 -0.141810
v 1.015780 -0.046596 -0.158266
v 1.015826 -0.003962 -0.163879
v 1.015871 0.038673 -0.158266
v 1.015914 0.078402 -0.141810
v 1.015950 0.112518 -0.115631
v 1.015978 0.138697 -0.081515
v 1.015996 0.155153 -0.041786
v 1.016001 0.160766 0.000849
v 1.028735 0.166025 0.000849
v 1.028730 0.160233 0.044848
v 1.028711 0.143249 0.085849
v 1.028682 0.116232 0.121057
v 1.028644 0.081025 0.148073
v 1.028601 0.040024 0.165056
v 1.028554 -0.003975 0.170849
v 1.028507 -0.047974 0.165056
v 1.028463 -0.088975 0.148073
v 1.028425 -0.124183 0.121057
v 1.028396 -0.151199 0.085849
v 1.028378 -0.168182 0.044848
v 1.028371 -0.173975 0.000849
v 1.028378 -0.168182 -0.043150
v 1.028396 -0.151199 -0.084151
v 1.028425 -0.124183 -0.119359
v 1.028463 -0.088975 -0.146375
v 1.028507 -0.047974 -0.163358
v 1.028554 -0.003975 -0.169151
v 1.028601 0.040024 -0.163358
v 1.028644 0.081025 -0.146375
v 1.028682 0.116232 -0.119359
v 1.028711 0.143249 -0.084151
v 1.028730 0.160233 -0.043150
v 1.028735 0.166025 0.000849
vn 0.7078 0.7064 -0.0000
vn 0.0012 1.0000 -0.0000
vn 0.7078 0.6823 0.1830
vn 0.0011 0.9659 0.2588
vn 0.7078 0.6116 0.3536
vn 0.0010 0.8660 0.5000
vn 0.7076 0.4992 0.5000
vn 0.0008 0.7071 0.7071
vn 0.7075 0.3528 0.6124
vn 0.0005 0.5000 0.8660
vn 0.7073 0.1823 0.6830
vn 0.0003 0.2588 0.9659
vn 0.7071 -0.0008 0.7071
vn -0.0000 -0.0000 1.0000
vn 0.7069 -0.1837 0.6830
vn -0.0003 -0.2588 0.9659
vn 0.7067 -0.3544 0.6124
vn -0.0005 -0.5000 0.8660
vn 0.7065 -0.5008 0.5000
vn -0.0006 -0.7071 0.7071
vn 0.7065 -0.6131 0.3536
vn -0.0009 -0.8660 0.5000
vn 0.7064 -0.6838 0.1830
vn -0.0009 -0.9659 0.2588
vn 0.7063 -0.7079 -0.0000
vn -0.0010 -1.0000 -0.0000
vn 0.7064 -0.6838 -0.1830
vn -0.0009 -0.9659 -0.2588
vn 0.7065 -0.6131 -0.3536
vn -0.0009 -0.8660 -0.5000
vn 0.7065 -0.5008 -0.5000
vn -0.0006 -0.7071 -0.7071
vn 0.7067 -0.3544 -0.6124
vn -0.0005 -0.5000 -0.8660
vn 0.7069 -0.1838 -0.6830
vn -0.0002 -0.2588 -0.9659
vn 0.7071 -0.0008 -0.7071
vn -0.0000 -0.0000 -1.0000
vn 0.7073 0.1823 -0.6830
vn 0.0003 0.2588 -0.9659
vn 0.7075 0.3528 -0.6124
vn 0.0005 0.5000 -0.8660
vn 0.7076 0.4992 -0.5000
vn 0.0008 0.7071 -0.7071
vn 0.7078 0.6116 -0.3536
vn 0.0010 0.8660 -0.5000
vn 0.7078 0.6823 -0.1830
vn 0.0011 0.9659 -0.2588
vn 1.0000 -0.0010 -0.0000
vn 1.0000 -0.0011 -0.0000
vn 0.7064 -0.7078 -0.0000
vn 0.7064 -0.6837 -0.1830
vn 0.7069 -0.1837 -0.6830
vn 0.7077 0.4992 -0.5000
vn 0.7079 0.7064 -0.0000
vn 0.7077 0.4992 0.5000
vn 0.7064 -0.6837 0.1830
vn -0.0010 -1.0000 -0.0001
vn -0.0010 -0.9659 -0.2588
vn -0.0008 -0.7071 -0.7071
vn -0.0003 -0.2588 -0.9659
vn 0.0007 0.7071 -0.7071
vn 0.0009 0.8660 -0.5000
vn 0.0010 0.9659 -0.2588
vn 0.0011 1.0000 -0.0000
vn 0.0010 0.9659 0.2588
vn 0.0009 0.8660 0.5000
vn 0.0007 0.7071 0.7071
vn -0.0008 -0.7071 0.7071
vn -0.0010 -0.9659 0.2588
vn -0.7079 -0.7064 -0.0000
vn -0.7078 -0.6823 -0.1830
vn -0.7078 -0.6116 -0.3536
vn -0.7077 -0.4992 -0.5000
vn -0.7075 -0.3528 -0.6124
vn -0.7073 -0.1823 -0.6830
vn -0.7071 0.0008 -0.7071
vn -0.7069 0.1837 -0.6830
vn -0.7067 0.3543 -0.6124
vn -0.7065 0.5008 -0.5000
vn -0.7064 0.6132 -0.3536
vn -0.7064 0.6837 -0.1830
vn -0.7064 0.7078 -0.0000
vn -0.7064 0.6837 0.1830
vn -0.7064 0.6132 0.3536
vn -0.7065 0.5008 0.5000
vn -0.7067 0.3543 0.6124
vn -0.7069 0.1837 0.6830
vn -0.7071 0.0008 0.7071
vn -0.7073 -0.1823 0.6830
vn -0.7075 -0.3528 0.6124
vn -0.7077 -0.4992 0.5000
vn -0.7078 -0.6116 0.3536
vn -0.7078 -0.6823 0.1830
vn -1.0000 0.0012 -0.0000
vn -1.0000 0.0010 -0.0000
vn -1.0000 0.0011 -0.0000
vn -0.7064 0.7079 -0.0000
vn -0.7064 0.6838 0.1830
vn -0.7064 0.6131 0.3536
vn -0.7067 0.3544 0.6124
vn -0.7069 0.1838 0.6830
vn -0.7076 -0.4992 0.5000
vn -0.7078 -0.6116 0.3535
vn -0.7078 -0.7064 -0.0000
vn -0.7076 -0.4992 -0.5000
vn -0.7069 0.1838 -0.6830
vn -0.7067 0.3544 -0.6124
vn -0.7064 0.6131 -0.3536
vn -0.7064 0.6838 -0.1830
vn 0.0010 1.0000 -0.0000
vn 0.0006 0.7071 0.7071
vn -0.0006 -0.5000 0.8660
vn -0.0010 -0.8660 0.5000
vn -0.0011 -0.9659 0.2588
vn -0.0012 -1.0000 -0.0000
vn -0.0011 -0.9659 -0.2588
vn -0.0007 -0.5001 -0.8660
vn 0.0002 0.2588 -0.9659
vn 0.0006 0.7071 -0.7071
vt 0.000000 0.125000
vt 0.000000 0.000000
vt 0.041667 0.125000
vt 0.041667 0.000000
vt 0.083333 0.125000
vt 0.083333 0.000000
vt 0.125000 0.125000
vt 0.125000 0.000000
vt 0.166667 0.125000
vt 0.166667 0.000000
vt 0.208333 0.125000
vt 0.208333 0.000000
vt 0.250000 0.125000
vt 0.250000 0.000000
vt 0.291667 0.125000
vt 0.291667 0.000000
vt 0.333333 0.125000
vt 0.333333 0.000000
vt 0.375000 0.125000
vt 0.375000 0.000000
vt 0.416667 0.125000
vt 0.416667 0.000000
vt 0.458333 0.125000
vt 0.458333 0.000000
vt 0.500000 0.125000
vt 0.500000 0.000000
vt 0.541667 0.125000
vt 0.541667 0.000000
vt 0.583333 0.125000
vt 0.583333 0.000000
vt 0.625000 0.125000
vt 0.625000 0.000000
vt 0.666667 0.125000
vt 0.666667 0.000000
vt 0.708333 0.125000
vt 0.708333 0.000000
vt 0.750000 0.125000
vt 0.750000 0.000000
vt 0.791667 0.125000
vt 0.791667 0.000000
vt 0.833333 0.125000
vt 0.833333 0.000000
vt 0.875000 0.125000
vt 0.875000 0.000000
vt 0.916667 0.125000
vt 0.916667 0.000000
vt 0.958333 0.125000
vt 0.958333 0.000000
vt 1.000000 0.125000
vt 1.000000 0.000000
vt 0.000000 0.250000
vt 0.041667 0.250000
vt 0.083333 0.250000
vt 0.125000 0.250000
vt 0.166667 0.250000
vt 0.208333 0.250000
vt 0.250000 0.250000
vt 0.291667 0.250000
vt 0.333333 0.250000
vt 0.375000 0.250000
vt 0.416667 0.250000
vt 0.458333 0.250000
vt 0.500000 0.250000
vt 0.541667 0.250000
vt 0.583333 0.250000
vt 0.625000 0.250000
vt 0.666667 0.250000
vt 0.708333 0.250000
vt 0.750000 0.250000
vt 0.791667 0.250000
vt 0.833333 0.250000
vt 0.875000 0.250000
vt 0.916667 0.250000
vt 0.958333 0.250000
vt 1.000000 0.250000
vt 0.000000 0.375000
vt 0.041667 0.375000
vt 0.083333 0.375000
vt 0.125000 0.375000
vt 0.166667 0.375000
vt 0.208333 0.375000
vt 0.250000 0.375000
vt 0.291667 0.375000
vt 0.333333 0.375000
vt 0.375000 0.375000
vt 0.416667 0.375000
vt 0.458333 0.375000
vt 0.500000 0.375000
vt 0.541667 0.375000
vt 0.583333 0.375000
vt 0.625000 0.375000
vt 0.666667 0.375000
vt 0.708333 0.375000
vt 0.750000 0.375000
vt 0.791667 0.375000
vt 0.833333 0.375000
vt 0.875000 0.375000
vt 0.916667 0.375000
vt 0.958333 0.375000
vt 1.000000 0.375000
vt 0.000000 0.500000
vt 0.041667 0.500000
vt 0.083333 0.500000
vt 0.125000 0.500000
vt 0.166667 0.500000
vt 0.208333 0.500000
vt 0.250000 0.500000
vt 0.291667 0.500000
vt 0.333333 0.500000
vt 0.375000 0.500000
vt 0.416667 0.500000
vt 0.458333 0.500000
vt 0.500000 0.500000
vt 0.541667 0.500000
vt 0.583333 0.500000
vt 0.625000 0.500000
vt 0.666667 0.500000
vt 0.708333 0.500000
vt 0.750000 0.500000
vt 0.791667 0.500000
vt 0.833333 0.500000
vt 0.875000 0.500000
vt 0.916667 0.500000
vt 0.958333 0.500000
vt 1.000000 0.500000
vt 0.000000 0.625000
vt 0.041667 0.625000
vt 0.083333 0.625000
vt 0.125000 0.625000
vt 0.166667 0.625000
vt 0.208333 0.625000
vt 0.250000 0.625000
vt 0.291667 0.625000
vt 0.333333 0.625000
vt 0.375000 0.625000
vt 0.416667 0.625000
vt 0.458333 0.625000
vt 0.500000 0.625000
vt 0.541667 0.625000
vt 0.583333 0.625000
vt 0.625000 0.625000
vt 0.666667 0.625000
vt 0.708333 0.625000
vt 0.750000 0.625000
vt 0.791667 0.625000
vt 0.833333 0.625000
vt 0.875000 0.625000
vt 0.916667 0.625000
vt 0.958333 0.625000
vt 1.000000 0.625000
vt 0.000000 0.750000
vt 0.041667 0.750000
vt 0.083333 0.750000
vt 0.125000 0.750000
vt 0.166667 0.750000
vt 0.208333 0.750000
vt 0.250000 0.750000
vt 0.291667 0.750000
vt 0.333333 0.750000
vt 0.375000 0.750000
vt 0.416667 0.750000
vt 0.458333 0.750000
vt 0.500000 0.750000
vt 0.541667 0.750000
vt 0.583333 0.750000
vt 0.625000 0.750000
vt 0.666667 0.750000
vt 0.708333 0.750000
vt 0.750000 0.750000
vt 0.791667 0.750000
vt 0.833333 0.750000
vt 0.875000 0.750000
vt 0.916667 0.750000
vt 0.958333 0.750000
vt 1.000000 0.750000
vt 0.000000 0.875000
vt 0.041667 0.875000
vt 0.083333 0.875000
vt 0.125000 0.875000
vt 0.166667 0.875000
vt 0.208333 0.875000
vt 0.250000 0.875000
vt 0.291667 0.875000
vt 0.333333 0.875000
vt 0.375000 0.875000
vt 0.416667 0.875000
vt 0.458333 0.875000
vt 0.500000 0.875000
vt 0.541667 0.875000
vt 0.583333 0.875000
vt 0.625000 0.875000
vt 0.666667 0.875000
vt 0.708333 0.875000
vt 0.750000 0.875000
vt 0.791667 0.875000
vt 0.833333 0.875000
vt 0.875000 0.875000
vt 0.916667 0.875000
vt 0.958333 0.875000
vt 1.000000 0.875000
vt 0.000000 1.000000
vt 0.041667 1.000000
vt 0.083333 1.000000
vt 0.125000 1.000000
vt 0.166667 1.000000
vt 0.208333 1.000000
vt 0.250000 1.000000
vt 0.291667 1.000000
vt 0.333333 1.000000
vt 0.375000 1.000000
vt 0.416667 1.000000
vt 0.458333 1.000000
vt 0.500000 1.000000
vt 0.541667 1.000000
vt 0.583333 1.000000
vt 0.625000 1.000000
vt 0.666667 1.000000
vt 0.708333 1.000000
vt 0.750000 1.000000
vt 0.791667 1.000000
vt 0.833333 1.000000
vt 0.875000 1.000000
vt 0.916667 1.000000
vt 0.958333 1.000000
vt 1.000000 1.000000
s 1
usemtl brass
f 1900/877/397 1875/878/398 1901/879/399
f 1875/878/398 1876/880/400 1901/879/399
f 1901/879/399 1876/880/400 1902/881/401
f 1876/880/400 1877/882/402 1902/881/401
f 1902/881/401 1877/882/402 1903/883/403
f 1877/882/402 1878/884/404 1903/883/403
f 1903/883/403 1878/884/404 1904/885/405
f 1878/884/404 1879/886/406 1904/885/405
f 1904/885/405 1879/886/406 1905/887/407
f 1879/886/406 1880/888/408 1905/887/407
f 1905/887/407 1880/888/408 1906/889/409
f 1880/888/408 1881/890/410 1906/889/409
f 1906/889/409 1881/890/410 1907/891/411
f 1881/890/410 1882/892/412 1907/891/411
f 1907/891/411 1882/892/412 1908/893/413
f 1882/892/412 1883/894/414 1908/893/413
f 1908/893/413 1883/894/414 1909/895/415
f 1883/894/414 1884/896/416 1909/895/415
f 1909/895/415 1884/896/416 1910/897/417
f 1884/896/416 1885/898/418 1910/897/417
f 1910/897/417 1885/898/418 1911/899/419
f 1885/898/418 1886/900/420 1911/899/419
f 1911/899/419 1886/900/420 1912/901/421
f 1886/900/420 1887/902/422 1912/901/421
f 1912/901/421 1887/902/422 1913/903/423
f 1887/902/422 1888/904/424 1913/903/423
f 1913/903/423 1888/904/424 1914/905/425
f 1888/904/424 1889/906/426 1914/905/425
f 1914/905/425 1889/906/426 1915/907/427
f 1889/906/426 1890/908/428 1915/907/427
f 1915/907/427 1890/908/428 1916/909/429
f 1890/908/428 1891/910/430 1916/909/429
f 1916/909/429 1891/910/430 1917/911/431
f 1891/910/430 1892/912/432 1917/911/431
f 1917/911/431 1892/912/432 1918/913/433
f 1892/912/432 1893/914/434 1918/913/433
f 1918/913/433 1893/914/434 1919/915/435
f 1893/914/434 1894/916/436 1919/915/435
f 1919/915/435 1894/916/436 1920/917/437
f 1894/916/436 1895/918/438 1920/917/437
f 1920/917/437 1895/918/438 1921/919/439
f 1895/918/438 1896/920/440 1921/919/439
f 1921/919/439 1896/920/440 1922/921/441
f 1896/920/440 1897/922/442 1922/921/441
f 1922/921/441 1897/922/442 1923/923/443
f 1897/922/442 1898/924/444 1923/923/443
f 1923/923/443 1898/924/444 1924/925/397
f 1898/924/444 1899/926/398 1924/925/397
f 1925/927/445 1900/877/397 1926/928/445
f 1900/877/397 1901/879/399 1926/928/445
f 1926/928/445 1901/879/399 1927/929/445
f 1901/879/399 1902/881/401 1927/929/445
f 1927/929/445 1902/881/401 1928/930/445
f 1902/881/401 1903/883/403 1928/930/445
f 1928/930/445 1903/883/403 1929/931/445
f 1903/883/403 1904/885/405 1929/931/445
f 1929/931/445 1904/885/405 1930/932/445
f 1904/885/405 1905/887/407 1930/932/445
f 1930/932/445 1905/887/407 1931/933/445
f 1905/887/407 1906/889/409 1931/933/445
f 1931/933/445 1906/889/409 1932/934/445
f 1906/889/409 1907/891/411 1932/934/445
f 1932/934/445 1907/891/411 1933/935/445
f 1907/891/411 1908/893/413 1933/935/445
f 1933/935/445 1908/893/413 1934/936/445
f 1908/893/413 1909/895/415 1934/936/445
f 1934/936/445 1909/895/415 1935/937/445
f 1909/895/415 1910/897/417 1935/937/445
f 1935/937/445 1910/897/417 1936/938/445
f 1910/897/417 1911/899/419 1936/938/445
f 1936/938/445 1911/899/419 1937/939/446
f 1911/899/419 1912/901/421 1937/939/446
f 1937/939/446 1912/901/421 1938/940/445
f 1912/901/421 1913/903/423 1938/940/445
f 1938/940/445 1913/903/423 1939/941/445
f 1913/903/423 1914/905/425 1939/941/445
f 1939/941/445 1914/905/425 1940/942/445
f 1914/905/425 1915/907/427 1940/942/445
f 1940/942/445 1915/907/427 1941/943/445
f 1915/907/427 1916/909/429 1941/943/445
f 1941/943/445 1916/909/429 1942/944/445
f 1916/909/429 1917/911/431 1942/944/445
f 1942/944/445 1917/911/431 1943/945/445
f 1917/911/431 1918/913/433 1943/945/445
f 1943/945/445 1918/913/433 1944/946/445
f 1918/913/433 1919/915/435 1944/946/445
f 1944/946/445 1919/915/435 1945/947/445
f 1919/915/435 1920/917/437 1945/947/445
f 1945/947/445 1920/917/437 1946/948/445
f 1920/917/437 1921/919/439 1946/948/445
f 1946/948/445 1921/919/439 1947/949/445
f 1921/919/439 1922/921/441 1947/949/445
f 1947/949/445 1922/921/441 1948/950/445
f 1922/921/441 1923/923/443 1948/950/445
f 1948/950/445 1923/923/443 1949/951/445
f 1923/923/443 1924/925/397 1949/951/445
f 1950/952/447 1925/927/445 1951/953/448
f 1925/927/445 1926/928/445 1951/953/448
f 1951/953/448 1926/928/445 1952/954/425
f 1926/928/445 1927/929/445 1952/954/425
f 1952/954/425 1927/929/445 1953/955/427
f 1927/929/445 1928/930/445 1953/955/427
f 1953/955/427 1928/930/445 1954/956/429
f 1928/930/445 1929/931/445 1954/956/429
f 1954/956/429 1929/931/445 1955/957/449
f 1929/931/445 1930/932/445 1955/957/449
f 1955/957/449 1930/932/445 1956/958/433
f 1930/932/445 1931/933/445 1956/958/433
f 1956/958/433 1931/933/445 1957/959/435
f 1931/933/445 1932/934/445 1957/959/435
f 1957/959/435 1932/934/445 1958/960/437
f 1932/934/445 1933/935/445 1958/960/437
f 1958/960/437 1933/935/445 1959/961/450
f 1933/935/445 1934/936/445 1959/961/450
f 1959/961/450 1934/936/445 1960/962/441
f 1934/936/445 1935/937/445 1960/962/441
f 1960/962/441 1935/937/445 1961/963/443
f 1935/937/445 1936/938/445 1961/963/443
f 1961/963/443 1936/938/445 1962/964/451
f 1936/938/445 1937/939/446 1962/964/451
f 1962/964/451 1937/939/446 1963/965/399
f 1937/939/446 1938/940/445 1963/965/399
f 1963/965/399 1938/940/445 1964/966/401
f 1938/940/445 1939/941/445 1964/966/401
f 1964/966/401 1939/941/445 1965/967/452
f 1939/941/445 1940/942/445 1965/967/452
f 1965/967/452 1940/942/445 1966/968/405
f 1940/942/445 1941/943/445 1966/968/405
f 1966/968/405 1941/943/445 1967/969/407
f 1941/943/445 1942/944/445 1967/969/407
f 1967/969/407 1942/944/445 1968/970/409
f 1942/944/445 1943/945/445 1968/970/409
f 1968/970/409 1943/945/445 1969/971/411
f 1943/945/445 1944/946/445 1969/971/411
f 1969/971/411 1944/946/445 1970/972/413
f 1944/946/445 1945/947/445 1970/972/413
f 1970/972/413 1945/947/445 1971/973/415
f 1945/947/445 1946/948/445 1971/973/415
f 1971/973/415 1946/948/445 1972/974/417
f 1946/948/445 1947/949/445 1972/974/417
f 1972/974/417 1947/949/445 1973/975/453
f 1947/949/445 1948/950/445 1973/975/453
f 1973/975/453 1948/950/445 1974/976/447
f 1948/950/445 1949/951/445 1974/976/447
f 1975/977/454 1950/952/447 1976/978/455
f 1950/952/447 1951/953/448 1976/978/455
f 1976/978/455 1951/953/448 1977/979/426
f 1951/953/448 1952/954/425 1977/979/426
f 1977/979/426 1952/954/425 1978/980/456
f 1952/954/425 1953/955/427 1978/980/456
f 1978/980/456 1953/955/427 1979/981/430
f 1953/955/427 1954/956/429 1979/981/430
f 1979/981/430 1954/956/429 1980/982/457
f 1954/956/429 1955/957/449 1980/982/457
f 1980/982/457 1955/957/449 1981/983/434
f 1955/957/449 1956/958/433 1981/983/434
f 1981/983/434 1956/958/433 1982/984/436
f 1956/958/433 1957/959/435 1982/984/436
f 1982/984/436 1957/959/435 1983/985/438
f 1957/959/435 1958/960/437 1983/985/438
f 1983/985/438 1958/960/437 1984/986/458
f 1958/960/437 1959/961/450 1984/986/458
f 1984/986/458 1959/961/450 1985/987/459
f 1959/961/450 1960/962/441 1985/987/459
f 1985/987/459 1960/962/441 1986/988/460
f 1960/962/441 1961/963/443 1986/988/460
f 1986/988/460 1961/963/443 1987/989/461
f 1961/963/443 1962/964/451 1987/989/461
f 1987/989/461 1962/964/451 1988/990/462
f 1962/964/451 1963/965/399 1988/990/462
f 1988/990/462 1963/965/399 1989/991/463
f 1963/965/399 1964/966/401 1989/991/463
f 1989/991/463 1964/966/401 1990/992/464
f 1964/966/401 1965/967/452 1990/992/464
f 1990/992/464 1965/967/452 1991/993/406
f 1965/967/452 1966/968/405 1991/993/406
f 1991/993/406 1966/968/405 1992/994/408
f 1966/968/405 1967/969/407 1992/994/408
f 1992/994/408 1967/969/407 1993/995/410
f 1967/969/407 1968/970/409 1993/995/410
f 1993/995/410 1968/970/409 1994/996/412
f 1968/970/409 1969/971/411 1994/996/412
f 1994/996/412 1969/971/411 1995/997/414
f 1969/971/411 1970/972/413 1995/997/414
f 1995/997/414 1970/972/413 1996/998/465
f 1970/972/413 1971/973/415 1996/998/465
f 1996/998/465 1971/973/415 1997/999/418
f 1971/973/415 1972/974/417 1997/999/418
f 1997/999/418 1972/974/417 1998/1000/466
f 1972/974/417 1973/975/453 1998/1000/466
f 1998/1000/466 1973/975/453 1999/1001/422
f 1973/975/453 1974/976/447 1999/1001/422
f 2000/1002/467 1975/977/454 2001/1003/468
f 1975/977/454 1976/978/455 2001/1003/468
f 2001/1003/468 1976/978/455 2002/1004/469
f 1976/978/455 1977/979/426 2002/1004/469
f 2002/1004/469 1977/979/426 2003/1005/470
f 1977/979/426 1978/980/456 2003/1005/470
f 2003/1005/470 1978/980/456 2004/1006/471
f 1978/980/456 1979/981/430 2004/1006/471
f 2004/1006/471 1979/981/430 2005/1007/472
f 1979/981/430 1980/982/457 2005/1007/472
f 2005/1007/472 1980/982/457 2006/1008/473
f 1980/982/457 1981/983/434 2006/1008/473
f 2006/1008/473 1981/983/434 2007/1009/474
f 1981/983/434 1982/984/436 2007/1009/474
f 2007/1009/474 1982/984/436 2008/1010/475
f 1982/984/436 1983/985/438 2008/1010/475
f 2008/1010/475 1983/985/438 2009/1011/476
f 1983/985/438 1984/986/458 2009/1011/476
f 2009/1011/476 1984/986/458 2010/1012/477
f 1984/986/458 1985/987/459 2010/1012/477
f 2010/1012/477 1985/987/459 2011/1013/478
f 1985/987/459 1986/988/460 2011/1013/478
f 2011/1013/478 1986/988/460 2012/1014/479
f 1986/988/460 1987/989/461 2012/1014/479
f 2012/1014/479 1987/989/461 2013/1015/480
f 1987/989/461 1988/990/462 2013/1015/480
f 2013/1015/480 1988/990/462 2014/1016/481
f 1988/990/462 1989/991/463 2014/1016/481
f 2014/1016/481 1989/991/463 2015/1017/482
f 1989/991/463 1990/992/464 2015/1017/482
f 2015/1017/482 1990/992/464 2016/1018/483
f 1990/992/464 1991/993/406 2016/1018/483
f 2016/1018/483 1991/993/406 2017/1019/484
f 1991/993/406 1992/994/408 2017/1019/484
f 2017/1019/484 1992/994/408 2018/1020/485
f 1992/994/408 1993/995/410 2018/1020/485
f 2018/1020/485 1993/995/410 2019/1021/486
f 1993/995/410 1994/996/412 2019/1021/486
f 2019/1021/486 1994/996/412 2020/1022/487
f 1994/996/412 1995/997/414 2020/1022/487
f 2020/1022/487 1995/997/414 2021/1023/488
f 1995/997/414 1996/998/465 2021/1023/488
f 2021/1023/488 1996/998/465 2022/1024/489
f 1996/998/465 1997/999/418 2022/1024/489
f 2022/1024/489 1997/999/418 2023/1025/490
f 1997/999/418 1998/1000/466 2023/1025/490
f 2023/1025/490 1998/1000/466 2024/1026/467
f 1998/1000/466 1999/1001/422 2024/1026/467
f 2025/1027/491 2000/1002/467 2026/1028/492
f 2000/1002/467 2001/1003/468 2026/1028/492
f 2026/1028/492 2001/1003/468 2027/1029/492
f 2001/1003/468 2002/1004/469 2027/1029/492
f 2027/1029/492 2002/1004/469 2028/1030/492
f 2002/1004/469 2003/1005/470 2028/1030/492
f 2028/1030/492 2003/1005/470 2029/1031/492
f 2003/1005/470 2004/1006/471 2029/1031/492
f 2029/1031/492 2004/1006/471 2030/1032/492
f 2004/1006/471 2005/1007/472 2030/1032/492
f 2030/1032/492 2005/1007/472 2031/1033/492
f 2005/1007/472 2006/1008/473 2031/1033/492
f 2031/1033/492 2006/1008/473 2032/1034/492
f 2006/1008/473 2007/1009/474 2032/1034/492
f 2032/1034/492 2007/1009/474 2033/1035/492
f 2007/1009/474 2008/1010/475 2033/1035/492
f 2033/1035/492 2008/1010/475 2034/1036/492
f 2008/1010/475 2009/1011/476 2034/1036/492
f 2034/1036/492 2009/1011/476 2035/1037/492
f 2009/1011/476 2010/1012/477 2035/1037/492
f 2035/1037/492 2010/1012/477 2036/1038/492
f 2010/1012/477 2011/1013/478 2036/1038/492
f 2036/1038/492 2011/1013/478 2037/1039/492
f 2011/1013/478 2012/1014/479 2037/1039/492
f 2037/1039/492 2012/1014/479 2038/1040/492
f 2012/1014/479 2013/1015/480 2038/1040/492
f 2038/1040/492 2013/1015/480 2039/1041/492
f 2013/1015/480 2014/1016/481 2039/1041/492
f 2039/1041/492 2014/1016/481 2040/1042/492
f 2014/1016/481 2015/1017/482 2040/1042/492
f 2040/1042/492 2015/1017/482 2041/1043/492
f 2015/1017/482 2016/1018/483 2041/1043/492
f 2041/1043/492 2016/1018/483 2042/1044/492
f 2016/1018/483 2017/1019/484 2042/1044/492
f 2042/1044/492 2017/1019/484 2043/1045/492
f 2017/1019/484 2018/1020/485 2043/1045/492
f 2043/1045/492 2018/1020/485 2044/1046/492
f 2018/1020/485 2019/1021/486 2044/1046/492
f 2044/1046/492 2019/1021/486 2045/1047/492
f 2019/1021/486 2020/1022/487 2045/1047/492
f 2045/1047/492 2020/1022/487 2046/1048/492
f 2020/1022/487 2021/1023/488 2046/1048/492
f 2046/1048/492 2021/1023/488 2047/1049/492
f 2021/1023/488 2022/1024/489 2047/1049/492
f 2047/1049/492 2022/1024/489 2048/1050/492
f 2022/1024/489 2023/1025/490 2048/1050/492
f 2048/1050/492 2023/1025/490 2049/1051/493
f 2023/1025/490 2024/1026/467 2049/1051/493
f 2050/1052/494 2025/1027/491 2051/1053/495
f 2025/1027/491 2026/1028/492 2051/1053/495
f 2051/1053/495 2026/1028/492 2052/1054/496
f 2026/1028/492 2027/1029/492 2052/1054/496
f 2052/1054/496 2027/1029/492 2053/1055/482
f 2027/1029/492 2028/1030/492 2053/1055/482
f 2053/1055/482 2028/1030/492 2054/1056/497
f 2028/1030/492 2029/1031/492 2054/1056/497
f 2054/1056/497 2029/1031/492 2055/1057/498
f 2029/1031/492 2030/1032/492 2055/1057/498
f 2055/1057/498 2030/1032/492 2056/1058/485
f 2030/1032/492 2031/1033/492 2056/1058/485
f 2056/1058/485 2031/1033/492 2057/1059/486
f 2031/1033/492 2032/1034/492 2057/1059/486
f 2057/1059/486 2032/1034/492 2058/1060/487
f 2032/1034/492 2033/1035/492 2058/1060/487
f 2058/1060/487 2033/1035/492 2059/1061/499
f 2033/1035/492 2034/1036/492 2059/1061/499
f 2059/1061/499 2034/1036/492 2060/1062/500
f 2034/1036/492 2035/1037/492 2060/1062/500
f 2060/1062/500 2035/1037/492 2061/1063/490
f 2035/1037/492 2036/1038/492 2061/1063/490
f 2061/1063/490 2036/1038/492 2062/1064/501
f 2036/1038/492 2037/1039/492 2062/1064/501
f 2062/1064/501 2037/1039/492 2063/1065/468
f 2037/1039/492 2038/1040/492 2063/1065/468
f 2063/1065/468 2038/1040/492 2064/1066/469
f 2038/1040/492 2039/1041/492 2064/1066/469
f 2064/1066/469 2039/1041/492 2065/1067/502
f 2039/1041/492 2040/1042/492 2065/1067/502
f 2065/1067/502 2040/1042/492 2066/1068/471
f 2040/1042/492 2041/1043/492 2066/1068/471
f 2066/1068/471 2041/1043/492 2067/1069/472
f 2041/1043/492 2042/1044/492 2067/1069/472
f 2067/1069/472 2042/1044/492 2068/1070/473
f 2042/1044/492 2043/1045/492 2068/1070/473
f 2068/1070/473 2043/1045/492 2069/1071/503
f 2043/1045/492 2044/1046/492 2069/1071/503
f 2069/1071/503 2044/1046/492 2070/1072/504
f 2044/1046/492 2045/1047/492 2070/1072/504
f 2070/1072/504 2045/1047/492 2071/1073/476
f 2045/1047/492 2046/1048/492 2071/1073/476
f 2071/1073/476 2046/1048/492 2072/1074/505
f 2046/1048/492 2047/1049/492 2072/1074/505
f 2072/1074/505 2047/1049/492 2073/1075/506
f 2047/1049/492 2048/1050/492 2073/1075/506
f 2073/1075/506 2048/1050/492 2074/1076/479
f 2048/1050/492 2049/1051/493 2074/1076/479
f 2075/1077/507 2050/1052/494 2076/1078/462
f 2050/1052/494 2051/1053/495 2076/1078/462
f 2076/1078/462 2051/1053/495 2077/1079/463
f 2051/1053/495 2052/1054/496 2077/1079/463
f 2077/1079/463 2052/1054/496 2078/1080/508
f 2052/1054/496 2053/1055/482 2078/1080/508
f 2078/1080/508 2053/1055/482 2079/1081/406
f 2053/1055/482 2054/1056/497 2079/1081/406
f 2079/1081/406 2054/1056/497 2080/1082/408
f 2054/1056/497 2055/1057/498 2080/1082/408
f 2080/1082/408 2055/1057/498 2081/1083/410
f 2055/1057/498 2056/1058/485 2081/1083/410
f 2081/1083/410 2056/1058/485 2082/1084/412
f 2056/1058/485 2057/1059/486 2082/1084/412
f 2082/1084/412 2057/1059/486 2083/1085/509
f 2057/1059/486 2058/1060/487 2083/1085/509
f 2083/1085/509 2058/1060/487 2084/1086/465
f 2058/1060/487 2059/1061/499 2084/1086/465
f 2084/1086/465 2059/1061/499 2085/1087/510
f 2059/1061/499 2060/1062/500 2085/1087/510
f 2085/1087/510 2060/1062/500 2086/1088/511
f 2060/1062/500 2061/1063/490 2086/1088/511
f 2086/1088/511 2061/1063/490 2087/1089/512
f 2061/1063/490 2062/1064/501 2087/1089/512
f 2087/1089/512 2062/1064/501 2088/1090/513
f 2062/1064/501 2063/1065/468 2088/1090/513
f 2088/1090/513 2063/1065/468 2089/1091/426
f 2063/1065/468 2064/1066/469 2089/1091/426
f 2089/1091/426 2064/1066/469 2090/1092/456
f 2064/1066/469 2065/1067/502 2090/1092/456
f 2090/1092/456 2065/1067/502 2091/1093/514
f 2065/1067/502 2066/1068/471 2091/1093/514
f 2091/1093/514 2066/1068/471 2092/1094/457
f 2066/1068/471 2067/1069/472 2092/1094/457
f 2092/1094/457 2067/1069/472 2093/1095/434
f 2067/1069/472 2068/1070/473 2093/1095/434
f 2093/1095/434 2068/1070/473 2094/1096/515
f 2068/1070/473 2069/1071/503 2094/1096/515
f 2094/1096/515 2069/1071/503 2095/1097/438
f 2069/1071/503 2070/1072/504 2095/1097/438
f 2095/1097/438 2070/1072/504 2096/1098/516
f 2070/1072/504 2071/1073/476 2096/1098/516
f 2096/1098/516 2071/1073/476 2097/1099/459
f 2071/1073/476 2072/1074/505 2097/1099/459
f 2097/1099/459 2072/1074/505 2098/1100/460
f 2072/1074/505 2073/1075/506 2098/1100/460
f 2098/1100/460 2073/1075/506 2099/1101/507
f 2073/1075/506 2074/1076/479 2099/1101/507
o green_ring3
v 1.198735 0.165843 0.000849
v 1.198730 0.160050 0.044848
v 1.198711 0.143067 0.085849
v 1.198683 0.116051 0.121057
v 1.198644 0.080843 0.148073
v 1.198601 0.039842 0.165056
v 1.198554 -0.004157 0.170849
v 1.198507 -0.048157 0.165056
v 1.198463 -0.089157 0.148073
v 1.198425 -0.124365 0.121057
v 1.198396 -0.151381 0.085849
v 1.198378 -0.168364 0.044848
v 1.198371 -0.174156 0.000849
v 1.198378 -0.168364 -0.043150
v 1.198396 -0.151381 -0.084151
v 1.198425 -0.124365 -0.119359
v 1.198463 -0.089157 -0.146375
v 1.198507 -0.048157 -0.163358
v 1.198554 -0.004157 -0.169151
v 1.198601 0.039842 -0.163358
v 1.198644 0.080843 -0.146375
v 1.198683 0.116051 -0.119359
v 1.198711 0.143067 -0.084151
v 1.198730 0.160050 -0.043150
v 1.198735 0.165843 0.000849
v 1.211457 0.160557 0.000849
v 1.211452 0.154944 0.043484
v 1.211435 0.138488 0.083213
v 1.211406 0.112310 0.117329
v 1.211369 0.078194 0.143508
v 1.211327 0.038464 0.159964
v 1.211282 -0.004170 0.165577
v 1.211236 -0.046805 0.159964
v 1.211194 -0.086534 0.143508
v 1.211157 -0.120651 0.117329
v 1.211129 -0.146829 0.083213
v 1.211111 -0.163286 0.043484
v 1.211105 -0.168899 0.000849
v 1.211111 -0.163286 -0.041786
v 1.211129 -0.146829 -0.081515
v 1.211157 -0.120651 -0.115631
v 1.211194 -0.086534 -0.141810
v 1.211236 -0.046805 -0.158266
v 1.211282 -0.004170 -0.163879
v 1.211327 0.038464 -0.158266
v 1.211369 0.078194 -0.141810
v 1.211406 0.112310 -0.115631
v 1.211435 0.138488 -0.081515
v 1.211452 0.154944 -0.041786
v 1.211457 0.160557 0.000849
v 1.216716 0.147824 0.000849
v 1.216710 0.142644 0.040189
v 1.216694 0.127460 0.076849
v 1.216668 0.103304 0.108329
v 1.216635 0.071823 0.132485
v 1.216596 0.035165 0.147670
v 1.216554 -0.004176 0.152849
v 1.216512 -0.043517 0.147670
v 1.216472 -0.080176 0.132485
v 1.216438 -0.111656 0.108329
v 1.216412 -0.135812 0.076849
v 1.216396 -0.150997 0.040189
v 1.216391 -0.156176 0.000849
v 1.216396 -0.150997 -0.038491
v 1.216412 -0.135812 -0.075151
v 1.216438 -0.111656 -0.106631
v 1.216472 -0.080176 -0.130787
v 1.216512 -0.043517 -0.145972
v 1.216554 -0.004176 -0.151151
v 1.216596 0.035165 -0.145972
v 1.216635 0.071823 -0.130787
v 1.216668 0.103304 -0.106631
v 1.216694 0.127460 -0.075151
v 1.216710 0.142644 -0.038491
v 1.216716 0.147824 0.000849
v 1.211430 0.135102 0.000849
v 1.211425 0.130356 0.036895
v 1.211411 0.116442 0.070485
v 1.211387 0.094310 0.099329
v 1.211356 0.065466 0.121462
v 1.211321 0.031876 0.135375
v 1.211282 -0.004170 0.140121
v 1.211243 -0.040217 0.135375
v 1.211207 -0.073806 0.121462
v 1.211176 -0.102651 0.099329
v 1.211153 -0.124783 0.070485
v 1.211138 -0.138697 0.036895
v 1.211132 -0.143443 0.000849
v 1.211138 -0.138697 -0.035197
v 1.211153 -0.124783 -0.068787
v 1.211176 -0.102651 -0.097631
v 1.211207 -0.073806 -0.119764
v 1.211243 -0.040217 -0.133677
v 1.211282 -0.004170 -0.138423
v 1.211321 0.031876 -0.133677
v 1.211356 0.065466 -0.119764
v 1.211387 0.094310 -0.097631
v 1.211411 0.116442 -0.068787
v 1.211425 0.130356 -0.035197
v 1.211430 0.135102 0.000849
v 1.198697 0.129843 0.000849
v 1.198692 0.125277 0.035531
v 1.198678 0.111890 0.067849
v 1.198655 0.090595 0.095601
v 1.198625 0.062843 0.116896
v 1.198591 0.030525 0.130283
v 1.198554 -0.004157 0.134849
v 1.198516 -0.038839 0.130283
v 1.198483 -0.071157 0.116896
v 1.198452 -0.098910 0.095601
v 1.198430 -0.120205 0.067849
v 1.198416 -0.133591 0.035531
v 1.198410 -0.138157 0.000849
v 1.198416 -0.133591 -0.033833
v 1.198430 -0.120205 -0.066151
v 1.198452 -0.098910 -0.093903
v 1.198483 -0.071157 -0.115198
v 1.198516 -0.038839 -0.128585
v 1.198554 -0.004157 -0.133151
v 1.198591 0.030525 -0.128585
v 1.198625 0.062843 -0.115198
v 1.198655 0.090595 -0.093903
v 1.198678 0.111890 -0.066151
v 1.198692 0.125277 -0.033833
v 1.198697 0.129843 0.000849
v 1.185974 0.135129 0.000849
v 1.185969 0.130383 0.036895
v 1.185955 0.116470 0.070485
v 1.185932 0.094337 0.099329
v 1.185900 0.065493 0.121462
v 1.185865 0.031903 0.135375
v 1.185826 -0.004143 0.140121
v 1.185787 -0.040190 0.135375
v 1.185752 -0.073779 0.121462
v 1.185720 -0.102624 0.099329
v 1.185697 -0.124756 0.070485
v 1.185681 -0.138670 0.036895
v 1.185676 -0.143415 0.000849
v 1.185681 -0.138670 -0.035197
v 1.185697 -0.124756 -0.068787
v 1.185720 -0.102624 -0.097631
v 1.185752 -0.073779 -0.119764
v 1.185787 -0.040190 -0.133677
v 1.185826 -0.004143 -0.138423
v 1.185865 0.031903 -0.133677
v 1.185900 0.065493 -0.119764
v 1.185932 0.094337 -0.097631
v 1.185955 0.116470 -0.068787
v 1.185969 0.130383 -0.035197
v 1.185974 0.135129 0.000849
v 1.180717 0.147863 0.000849
v 1.180711 0.142683 0.040189
v 1.180694 0.127498 0.076849
v 1.180669 0.103343 0.108329
v 1.180635 0.071862 0.132485
v 1.180596 0.035202 0.147670
v 1.180554 -0.004137 0.152849
v 1.180511 -0.043478 0.147670
v 1.180473 -0.080138 0.132485
v 1.180438 -0.111618 0.108329
v 1.180413 -0.135773 0.076849
v 1.180396 -0.150959 0.040189
v 1.180391 -0.156138 0.000849
v 1.180396 -0.150959 -0.038491
v 1.180413 -0.135773 -0.075151
v 1.180438 -0.111618 -0.106631
v 1.180473 -0.080138 -0.130787
v 1.180511 -0.043478 -0.145972
v 1.180554 -0.004137 -0.151151
v 1.180596 0.035202 -0.145972
v 1.180635 0.071862 -0.130787
v 1.180669 0.103343 -0.106631
v 1.180694 0.127498 -0.075151
v 1.180711 0.142683 -0.038491
v 1.180717 0.147863 0.000849
v 1.186002 0.160585 0.000849
v 1.185996 0.154972 0.043484
v 1.185978 0.138515 0.083213
v 1.185951 0.112337 0.117329
v 1.185914 0.078221 0.143508
v 1.185871 0.038492 0.159964
v 1.185826 -0.004143 0.165577
v 1.185780 -0.046778 0.159964
v 1.185738 -0.086507 0.143508
v 1.185701 -0.120624 0.117329
v 1.185673 -0.146802 0.083213
v 1.185655 -0.163259 0.043484
v 1.185649 -0.168872 0.000849
v 1.185655 -0.163259 -0.041786
v 1.185673 -0.146802 -0.081515
v 1.185701 -0.120624 -0.115631
v 1.185738 -0.086507 -0.141810
v 1.185780 -0.046778 -0.158266
v 1.185826 -0.004143 -0.163879
v 1.185871 0.038492 -0.158266
v 1.185914 0.078221 -0.141810
v 1.185951 0.112337 -0.115631
v 1.185978 0.138515 -0.081515
v 1.185996 0.154972 -0.041786
v 1.186002 0.160585 0.000849
v 1.198735 0.165843 0.000849
v 1.198730 0.160050 0.044848
v 1.198711 0.143067 0.085849
v 1.198683 0.116051 0.121057
v 1.198644 0.080843 0.148073
v 1.198601 0.039842 0.165056
v 1.198554 -0.004157 0.170849
v 1.198507 -0.048157 0.165056
v 1.198463 -0.089157 0.148073
v 1.198425 -0.124365 0.121057
v 1.198396 -0.151381 0.085849
v 1.198378 -0.168364 0.044848
v 1.198371 -0.174156 0.000849
v 1.198378 -0.168364 -0.043150
v 1.198396 -0.151381 -0.084151
v 1.198425 -0.124365 -0.119359
v 1.198463 -0.089157 -0.146375
v 1.198507 -0.048157 -0.163358
v 1.198554 -0.004157 -0.169151
v 1.198601 0.039842 -0.163358
v 1.198644 0.080843 -0.146375
v 1.198683 0.116051 -0.119359
v 1.198711 0.143067 -0.084151
v 1.198730 0.160050 -0.043150
v 1.198735 0.165843 0.000849
vn 0.7078 0.7064 -0.0000
vn 0.0012 1.0000 -0.0000
vn 0.7078 0.6823 0.1830
vn 0.0011 0.9659 0.2588
vn 0.7078 0.6116 0.3536
vn 0.0010 0.8660 0.5000
vn 0.7076 0.4992 0.5000
vn 0.0008 0.7071 0.7071
vn 0.7075 0.3528 0.6124
vn 0.0006 0.5000 0.8660
vn 0.7073 0.1823 0.6830
vn 0.0003 0.2588 0.9659
vn 0.7071 -0.0008 0.7071
vn -0.0000 -0.0000 1.0000
vn 0.7069 -0.1837 0.6830
vn -0.0003 -0.2588 0.9659
vn 0.7067 -0.3544 0.6124
vn -0.0005 -0.5000 0.8660
vn 0.7066 -0.5008 0.5000
vn -0.0006 -0.7071 0.7071
vn 0.7064 -0.6131 0.3536
vn -0.0009 -0.8660 0.5000
vn 0.7064 -0.6838 0.1830
vn -0.0009 -0.9659 0.2588
vn 0.7063 -0.7079 -0.0000
vn -0.0010 -1.0000 -0.0000
vn 0.7064 -0.6838 -0.1830
vn -0.0009 -0.9659 -0.2588
vn 0.7064 -0.6131 -0.3536
vn -0.0009 -0.8660 -0.5000
vn 0.7065 -0.5008 -0.5000
vn -0.0006 -0.7071 -0.7071
vn 0.7067 -0.3543 -0.6124
vn -0.0005 -0.5000 -0.8660
vn 0.7069 -0.1838 -0.6830
vn -0.0002 -0.2588 -0.9659
vn 0.7071 -0.0008 -0.7071
vn -0.0000 -0.0000 -1.0000
vn 0.7073 0.1823 -0.6830
vn 0.0003 0.2588 -0.9659
vn 0.7075 0.3528 -0.6124
vn 0.0007 0.5001 -0.8660
vn 0.7076 0.4992 -0.5000
vn 0.0008 0.7071 -0.7071
vn 0.7078 0.6116 -0.3536
vn 0.0010 0.8660 -0.5000
vn 0.7078 0.6823 -0.1830
vn 0.0011 0.9659 -0.2588
vn 1.0000 -0.0010 -0.0000
vn 1.0000 -0.0011 -0.0000
vn 0.7064 -0.7079 -0.0000
vn 0.7064 -0.6132 -0.3536
vn 0.7066 -0.5008 -0.5000
vn 0.7067 -0.3544 -0.6124
vn 0.7069 -0.1837 -0.6830
vn 0.7077 0.4992 -0.5000
vn 0.7079 0.7064 -0.0000
vn 0.7077 0.4992 0.5000
vn 0.7065 -0.5008 0.5000
vn -0.0010 -0.9659 -0.2588
vn -0.0008 -0.7071 -0.7071
vn -0.0003 -0.2588 -0.9659
vn 0.0005 0.5000 -0.8660
vn 0.0009 0.8660 -0.5000
vn 0.0010 0.9659 -0.2588
vn 0.0011 1.0000 -0.0000
vn 0.0010 0.9659 0.2588
vn 0.0009 0.8660 0.5000
vn 0.0007 0.7071 0.7071
vn 0.0005 0.5000 0.8660
vn -0.0007 -0.7071 0.7071
vn -0.0010 -0.9659 0.2588
vn -0.7079 -0.7064 -0.0000
vn -0.7078 -0.6823 -0.1830
vn -0.7078 -0.6116 -0.3536
vn -0.7077 -0.4992 -0.5000
vn -0.7075 -0.3528 -0.6124
vn -0.7073 -0.1823 -0.6830
vn -0.7071 0.0008 -0.7071
vn -0.7069 0.1838 -0.6830
vn -0.7067 0.3544 -0.6124
vn -0.7065 0.5008 -0.5000
vn -0.7064 0.6132 -0.3536
vn -0.7064 0.6838 -0.1830
vn -0.7064 0.7078 -0.0000
vn -0.7064 0.6837 0.1830
vn -0.7064 0.6131 0.3536
vn -0.7065 0.5008 0.5000
vn -0.7067 0.3544 0.6124
vn -0.7069 0.1838 0.6830
vn -0.7071 0.0008 0.7071
vn -0.7073 -0.1823 0.6830
vn -0.7075 -0.3528 0.6124
vn -0.7077 -0.4992 0.5000
vn -0.7078 -0.6116 0.3536
vn -0.7078 -0.6823 0.1830
vn -0.7078 -0.7064 -0.0000
vn -1.0000 0.0011 -0.0000
vn -1.0000 0.0010 -0.0000
vn -0.7064 0.7079 -0.0000
vn -0.7064 0.6838 0.1830
vn -0.7065 0.6131 0.3536
vn -0.7069 0.1837 0.6830
vn -0.7076 -0.4992 0.5000
vn -0.7076 -0.4992 -0.5000
vn -0.7065 0.6131 -0.3536
vn 0.0010 1.0000 -0.0000
vn -0.0008 -0.7071 0.7071
vn -0.0011 -0.9659 0.2588
vn -0.0011 -1.0000 -0.0000
vn -0.0011 -0.9659 -0.2588
vn -0.0010 -0.8660 -0.5000
vn -0.0006 -0.5001 -0.8660
vn 0.0002 0.2588 -0.9659
vn 0.0006 0.7071 -0.7071
vt 0.000000 0.125000
vt 0.000000 0.000000
vt 0.041667 0.125000
vt 0.041667 0.000000
vt 0.083333 0.125000
vt 0.083333 0.000000
vt 0.125000 0.125000
vt 0.125000 0.000000
vt 0.166667 0.125000
vt 0.166667 0.000000
vt 0.208333 0.125000
vt 0.208333 0.000000
vt 0.250000 0.125000
vt 0.250000 0.000000
vt 0.291667 0.125000
vt 0.291667 0.000000
vt 0.333333 0.125000
vt 0.333333 0.000000
vt 0.375000 0.125000
vt 0.375000 0.000000
vt 0.416667 0.125000
vt 0.416667 0.000000
vt 0.458333 0.125000
vt 0.458333 0.000000
vt 0.500000 0.125000
vt 0.500000 0.000000
vt 0.541667 0.125000
vt 0.541667 0.000000
vt 0.583333 0.125000
vt 0.583333 0.000000
vt 0.625000 0.125000
vt 0.625000 0.000000
vt 0.666667 0.125000
vt 0.666667 0.000000
vt 0.708333 0.125000
vt 0.708333 0.000000
vt 0.750000 0.125000
vt 0.750000 0.000000
vt 0.791667 0.125000
vt 0.791667 0.000000
vt 0.833333 0.125000
vt 0.833333 0.000000
vt 0.875000 0.125000
vt 0.875000 0.000000
vt 0.916667 0.125000
vt 0.916667 0.000000
vt 0.958333 0.125000
vt 0.958333 0.000000
vt 1.000000 0.125000
vt 1.000000 0.000000
vt 0.000000 0.250000
vt 0.041667 0.250000
vt 0.083333 0.250000
vt 0.125000 0.250000
vt 0.166667 0.250000
vt 0.208333 0.250000
vt 0.250000 0.250000
vt 0.291667 0.250000
vt 0.333333 0.250000
vt 0.375000 0.250000
vt 0.416667 0.250000
vt 0.458333 0.250000
vt 0.500000 0.250000
vt 0.541667 0.250000
vt 0.583333 0.250000
vt 0.625000 0.250000
vt 0.666667 0.250000
vt 0.708333 0.250000
vt 0.750000 0.250000
vt 0.791667 0.250000
vt 0.833333 0.250000
vt 0.875000 0.250000
vt 0.916667 0.250000
vt 0.958333 0.250000
vt 1.000000 0.250000
vt 0.000000 0.375000
vt 0.041667 0.375000
vt 0.083333 0.375000
vt 0.125000 0.375000
vt 0.166667 0.375000
vt 0.208333 0.375000
vt 0.250000 0.375000
vt 0.291667 0.375000
vt 0.333333 0.375000
vt 0.375000 0.375000
vt 0.416667 0.375000
vt 0.458333 0.375000
vt 0.500000 0.375000
vt 0.541667 0.375000
vt 0.583333 0.375000
vt 0.625000 0.375000
vt 0.666667 0.375000
vt 0.708333 0.375000
vt 0.750000 0.375000
vt 0.791667 0.375000
vt 0.833333 0.375000
vt 0.875000 0.375000
vt 0.916667 0.375000
vt 0.958333 0.375000
vt 1.000000 0.375000
vt 0.000000 0.500000
vt 0.041667 0.500000
vt 0.083333 0.500000
vt 0.125000 0.500000
vt 0.166667 0.500000
vt 0.208333 0.500000
vt 0.250000 0.500000
vt 0.291667 0.500000
vt 0.333333 0.500000
vt 0.375000 0.500000
vt 0.416667 0.500000
vt 0.458333 0.500000
vt 0.500000 0.500000
vt 0.541667 0.500000
vt 0.583333 0.500000
vt 0.625000 0.500000
vt 0.666667 0.500000
vt 0.708333 0.500000
vt 0.750000 0.500000
vt 0.791667 0.500000
vt 0.833333 0.500000
vt 0.875000 0.500000
vt 0.916667 0.500000
vt 0.958333 0.500000
vt 1.000000 0.500000
vt 0.000000 0.625000
vt 0.041667 0.625000
vt 0.083333 0.625000
vt 0.125000 0.625000
vt 0.166667 0.625000
vt 0.208333 0.625000
vt 0.250000 0.625000
vt 0.291667 0.625000
vt 0.333333 0.625000
vt 0.375000 0.625000
vt 0.416667 0.625000
vt 0.458333 0.625000
vt 0.500000 0.625000
vt 0.541667 0.625000
vt 0.583333 0.625000
vt 0.625000 0.625000
vt 0.666667 0.625000
vt 0.708333 0.625000
vt 0.750000 0.625000
vt 0.791667 0.625000
vt 0.833333 0.625000
vt 0.875000 0.625000
vt 0.916667 0.625000
vt 0.958333 0.625000
vt 1.000000 0.625000
vt 0.000000 0.750000
vt 0.041667 0.750000
vt 0.083333 0.750000
vt 0.125000 0.750000
vt 0.166667 0.750000
vt 0.208333 0.750000
vt 0.250000 0.750000
vt 0.291667 0.750000
vt 0.333333 0.750000
vt 0.375000 0.750000
vt 0.416667 0.750000
vt 0.458333 0.750000
vt 0.500000 0.750000
vt 0.541667 0.750000
vt 0.583333 0.750000
vt 0.625000 0.750000
vt 0.666667 0.750000
vt 0.708333 0.750000
vt 0.750000 0.750000
vt 0.791667 0.750000
vt 0.833333 0.750000
vt 0.875000 0.750000
vt 0.916667 0.750000
vt 0.958333 0.750000
vt 1.000000 0.750000
vt 0.000000 0.875000
vt 0.041667 0.875000
vt 0.083333 0.875000
vt 0.125000 0.875000
vt 0.166667 0.875000
vt 0.208333 0.875000
vt 0.250000 0.875000
vt 0.291667 0.875000
vt 0.333333 0.875000
vt 0.375000 0.875000
vt 0.416667 0.875000
vt 0.458333 0.875000
vt 0.500000 0.875000
vt 0.541667 0.875000
vt 0.583333 0.875000
vt 0.625000 0.875000
vt 0.666667 0.875000
vt 0.708333 0.875000
vt 0.750000 0.875000
vt 0.791667 0.875000
vt 0.833333 0.875000
vt 0.875000 0.875000
vt 0.916667 0.875000
vt 0.958333 0.875000
vt 1.000000 0.875000
vt 0.000000 1.000000
vt 0.041667 1.000000
vt 0.083333 1.000000
vt 0.125000 1.000000
vt 0.166667 1.000000
vt 0.208333 1.000000
vt 0.250000 1.000000
vt 0.291667 1.000000
vt 0.333333 1.000000
vt 0.375000 1.000000
vt 0.416667 1.000000
vt 0.458333 1.000000
vt 0.500000 1.000000
vt 0.541667 1.000000
vt 0.583333 1.000000
vt 0.625000 1.000000
vt 0.666667 1.000000
vt 0.708333 1.000000
vt 0.750000 1.000000
vt 0.791667 1.000000
vt 0.833333 1.000000
vt 0.875000 1.000000
vt 0.916667 1.000000
vt 0.958333 1.000000
vt 1.000000 1.000000
s 1
usemtl brass
f 2125/1102/517 2100/1103/518 2126/1104/519
f 2100/1103/518 2101/1105/520 2126/1104/519
f 2126/1104/519 2101/1105/520 2127/1106/521
f 2101/1105/520 2102/1107/522 2127/1106/521
f 2127/1106/521 2102/1107/522 2128/1108/523
f 2102/1107/522 2103/1109/524 2128/1108/523
f 2128/1108/523 2103/1109/524 2129/1110/525
f 2103/1109/524 2104/1111/526 2129/1110/525
f 2129/1110/525 2104/1111/526 2130/1112/527
f 2104/1111/526 2105/1113/528 2130/1112/527
f 2130/1112/527 2105/1113/528 2131/1114/529
f 2105/1113/528 2106/1115/530 2131/1114/529
f 2131/1114/529 2106/1115/530 2132/1116/531
f 2106/1115/530 2107/1117/532 2132/1116/531
f 2132/1116/531 2107/1117/532 2133/1118/533
f 2107/1117/532 2108/1119/534 2133/1118/533
f 2133/1118/533 2108/1119/534 2134/1120/535
f 2108/1119/534 2109/1121/536 2134/1120/535
f 2134/1120/535 2109/1121/536 2135/1122/537
f 2109/1121/536 2110/1123/538 2135/1122/537
f 2135/1122/537 2110/1123/538 2136/1124/539
f 2110/1123/538 2111/1125/540 2136/1124/539
f 2136/1124/539 2111/1125/540 2137/1126/541
f 2111/1125/540 2112/1127/542 2137/1126/541
f 2137/1126/541 2112/1127/542 2138/1128/543
f 2112/1127/542 2113/1129/544 2138/1128/543
f 2138/1128/543 2113/1129/544 2139/1130/545
f 2113/1129/544 2114/1131/546 2139/1130/545
f 2139/1130/545 2114/1131/546 2140/1132/547
f 2114/1131/546 2115/1133/548 2140/1132/547
f 2140/1132/547 2115/1133/548 2141/1134/549
f 2115/1133/548 2116/1135/550 2141/1134/549
f 2141/1134/549 2116/1135/550 2142/1136/551
f 2116/1135/550 2117/1137/552 2142/1136/551
f 2142/1136/551 2117/1137/552 2143/1138/553
f 2117/1137/552 2118/1139/554 2143/1138/553
f 2143/1138/553 2118/1139/554 2144/1140/555
f 2118/1139/554 2119/1141/556 2144/1140/555
f 2144/1140/555 2119/1141/556 2145/1142/557
f 2119/1141/556 2120/1143/558 2145/1142/557
f 2145/1142/557 2120/1143/558 2146/1144/559
f 2120/1143/558 2121/1145/560 2146/1144/559
f 2146/1144/559 2121/1145/560 2147/1146/561
f 2121/1145/560 2122/1147/562 2147/1146/561
f 2147/1146/561 2122/1147/562 2148/1148/563
f 2122/1147/562 2123/1149/564 2148/1148/563
f 2148/1148/563 2123/1149/564 2149/1150/517
f 2123/1149/564 2124/1151/518 2149/1150/517
f 2150/1152/565 2125/1102/517 2151/1153/566
f 2125/1102/517 2126/1104/519 2151/1153/566
f 2151/1153/566 2126/1104/519 2152/1154/566
f 2126/1104/519 2127/1106/521 2152/1154/566
f 2152/1154/566 2127/1106/521 2153/1155/565
f 2127/1106/521 2128/1108/523 2153/1155/565
f 2153/1155/565 2128/1108/523 2154/1156/565
f 2128/1108/523 2129/1110/525 2154/1156/565
f 2154/1156/565 2129/1110/525 2155/1157/565
f 2129/1110/525 2130/1112/527 2155/1157/565
f 2155/1157/565 2130/1112/527 2156/1158/565
f 2130/1112/527 2131/1114/529 2156/1158/565
f 2156/1158/565 2131/1114/529 2157/1159/565
f 2131/1114/529 2132/1116/531 2157/1159/565
f 2157/1159/565 2132/1116/531 2158/1160/565
f 2132/1116/531 2133/1118/533 2158/1160/565
f 2158/1160/565 2133/1118/533 2159/1161/565
f 2133/1118/533 2134/1120/535 2159/1161/565
f 2159/1161/565 2134/1120/535 2160/1162/565
f 2134/1120/535 2135/1122/537 2160/1162/565
f 2160/1162/565 2135/1122/537 2161/1163/566
f 2135/1122/537 2136/1124/539 2161/1163/566
f 2161/1163/566 2136/1124/539 2162/1164/565
f 2136/1124/539 2137/1126/541 2162/1164/565
f 2162/1164/565 2137/1126/541 2163/1165/566
f 2137/1126/541 2138/1128/543 2163/1165/566
f 2163/1165/566 2138/1128/543 2164/1166/565
f 2138/1128/543 2139/1130/545 2164/1166/565
f 2164/1166/565 2139/1130/545 2165/1167/565
f 2139/1130/545 2140/1132/547 2165/1167/565
f 2165/1167/565 2140/1132/547 2166/1168/565
f 2140/1132/547 2141/1134/549 2166/1168/565
f 2166/1168/565 2141/1134/549 2167/1169/565
f 2141/1134/549 2142/1136/551 2167/1169/565
f 2167/1169/565 2142/1136/551 2168/1170/565
f 2142/1136/551 2143/1138/553 2168/1170/565
f 2168/1170/565 2143/1138/553 2169/1171/565
f 2143/1138/553 2144/1140/555 2169/1171/565
f 2169/1171/565 2144/1140/555 2170/1172/565
f 2144/1140/555 2145/1142/557 2170/1172/565
f 2170/1172/565 2145/1142/557 2171/1173/565
f 2145/1142/557 2146/1144/559 2171/1173/565
f 2171/1173/565 2146/1144/559 2172/1174/565
f 2146/1144/559 2147/1146/561 2172/1174/565
f 2172/1174/565 2147/1146/561 2173/1175/565
f 2147/1146/561 2148/1148/563 2173/1175/565
f 2173/1175/565 2148/1148/563 2174/1176/565
f 2148/1148/563 2149/1150/517 2174/1176/565
f 2175/1177/567 2150/1152/565 2176/1178/543
f 2150/1152/565 2151/1153/566 2176/1178/543
f 2176/1178/543 2151/1153/566 2177/1179/568
f 2151/1153/566 2152/1154/566 2177/1179/568
f 2177/1179/568 2152/1154/566 2178/1180/569
f 2152/1154/566 2153/1155/565 2178/1180/569
f 2178/1180/569 2153/1155/565 2179/1181/570
f 2153/1155/565 2154/1156/565 2179/1181/570
f 2179/1181/570 2154/1156/565 2180/1182/571
f 2154/1156/565 2155/1157/565 2180/1182/571
f 2180/1182/571 2155/1157/565 2181/1183/553
f 2155/1157/565 2156/1158/565 2181/1183/553
f 2181/1183/553 2156/1158/565 2182/1184/555
f 2156/1158/565 2157/1159/565 2182/1184/555
f 2182/1184/555 2157/1159/565 2183/1185/557
f 2157/1159/565 2158/1160/565 2183/1185/557
f 2183/1185/557 2158/1160/565 2184/1186/572
f 2158/1160/565 2159/1161/565 2184/1186/572
f 2184/1186/572 2159/1161/565 2185/1187/561
f 2159/1161/565 2160/1162/565 2185/1187/561
f 2185/1187/561 2160/1162/565 2186/1188/563
f 2160/1162/565 2161/1163/566 2186/1188/563
f 2186/1188/563 2161/1163/566 2187/1189/573
f 2161/1163/566 2162/1164/565 2187/1189/573
f 2187/1189/573 2162/1164/565 2188/1190/519
f 2162/1164/565 2163/1165/566 2188/1190/519
f 2188/1190/519 2163/1165/566 2189/1191/521
f 2163/1165/566 2164/1166/565 2189/1191/521
f 2189/1191/521 2164/1166/565 2190/1192/574
f 2164/1166/565 2165/1167/565 2190/1192/574
f 2190/1192/574 2165/1167/565 2191/1193/525
f 2165/1167/565 2166/1168/565 2191/1193/525
f 2191/1193/525 2166/1168/565 2192/1194/527
f 2166/1168/565 2167/1169/565 2192/1194/527
f 2192/1194/527 2167/1169/565 2193/1195/529
f 2167/1169/565 2168/1170/565 2193/1195/529
f 2193/1195/529 2168/1170/565 2194/1196/531
f 2168/1170/565 2169/1171/565 2194/1196/531
f 2194/1196/531 2169/1171/565 2195/1197/533
f 2169/1171/565 2170/1172/565 2195/1197/533
f 2195/1197/533 2170/1172/565 2196/1198/575
f 2170/1172/565 2171/1173/565 2196/1198/575
f 2196/1198/575 2171/1173/565 2197/1199/537
f 2171/1173/565 2172/1174/565 2197/1199/537
f 2197/1199/537 2172/1174/565 2198/1200/539
f 2172/1174/565 2173/1175/565 2198/1200/539
f 2198/1200/539 2173/1175/565 2199/1201/567
f 2173/1175/565 2174/1176/565 2199/1201/567
f 2200/1202/542 2175/1177/567 2201/1203/576
f 2175/1177/567 2176/1178/543 2201/1203/576
f 2201/1203/576 2176/1178/543 2202/1204/546
f 2176/1178/543 2177/1179/568 2202/1204/546
f 2202/1204/546 2177/1179/568 2203/1205/577
f 2177/1179/568 2178/1180/569 2203/1205/577
f 2203/1205/577 2178/1180/569 2204/1206/550
f 2178/1180/569 2179/1181/570 2204/1206/550
f 2204/1206/550 2179/1181/570 2205/1207/578
f 2179/1181/570 2180/1182/571 2205/1207/578
f 2205/1207/578 2180/1182/571 2206/1208/554
f 2180/1182/571 2181/1183/553 2206/1208/554
f 2206/1208/554 2181/1183/553 2207/1209/556
f 2181/1183/553 2182/1184/555 2207/1209/556
f 2207/1209/556 2182/1184/555 2208/1210/579
f 2182/1184/555 2183/1185/557 2208/1210/579
f 2208/1210/579 2183/1185/557 2209/1211/560
f 2183/1185/557 2184/1186/572 2209/1211/560
f 2209/1211/560 2184/1186/572 2210/1212/580
f 2184/1186/572 2185/1187/561 2210/1212/580
f 2210/1212/580 2185/1187/561 2211/1213/581
f 2185/1187/561 2186/1188/563 2211/1213/581
f 2211/1213/581 2186/1188/563 2212/1214/582
f 2186/1188/563 2187/1189/573 2212/1214/582
f 2212/1214/582 2187/1189/573 2213/1215/583
f 2187/1189/573 2188/1190/519 2213/1215/583
f 2213/1215/583 2188/1190/519 2214/1216/584
f 2188/1190/519 2189/1191/521 2214/1216/584
f 2214/1216/584 2189/1191/521 2215/1217/585
f 2189/1191/521 2190/1192/574 2215/1217/585
f 2215/1217/585 2190/1192/574 2216/1218/586
f 2190/1192/574 2191/1193/525 2216/1218/586
f 2216/1218/586 2191/1193/525 2217/1219/528
f 2191/1193/525 2192/1194/527 2217/1219/528
f 2217/1219/528 2192/1194/527 2218/1220/530
f 2192/1194/527 2193/1195/529 2218/1220/530
f 2218/1220/530 2193/1195/529 2219/1221/532
f 2193/1195/529 2194/1196/531 2219/1221/532
f 2219/1221/532 2194/1196/531 2220/1222/534
f 2194/1196/531 2195/1197/533 2220/1222/534
f 2220/1222/534 2195/1197/533 2221/1223/587
f 2195/1197/533 2196/1198/575 2221/1223/587
f 2221/1223/587 2196/1198/575 2222/1224/538
f 2196/1198/575 2197/1199/537 2222/1224/538
f 2222/1224/538 2197/1199/537 2223/1225/588
f 2197/1199/537 2198/1200/539 2223/1225/588
f 2223/1225/588 2198/1200/539 2224/1226/542
f 2198/1200/539 2199/1201/567 2224/1226/542
f 2225/1227/589 2200/1202/542 2226/1228/590
f 2200/1202/542 2201/1203/576 2226/1228/590
f 2226/1228/590 2201/1203/576 2227/1229/591
f 2201/1203/576 2202/1204/546 2227/1229/591
f 2227/1229/591 2202/1204/546 2228/1230/592
f 2202/1204/546 2203/1205/577 2228/1230/592
f 2228/1230/592 2203/1205/577 2229/1231/593
f 2203/1205/577 2204/1206/550 2229/1231/593
f 2229/1231/593 2204/1206/550 2230/1232/594
f 2204/1206/550 2205/1207/578 2230/1232/594
f 2230/1232/594 2205/1207/578 2231/1233/595
f 2205/1207/578 2206/1208/554 2231/1233/595
f 2231/1233/595 2206/1208/554 2232/1234/596
f 2206/1208/554 2207/1209/556 2232/1234/596
f 2232/1234/596 2207/1209/556 2233/1235/597
f 2207/1209/556 2208/1210/579 2233/1235/597
f 2233/1235/597 2208/1210/579 2234/1236/598
f 2208/1210/579 2209/1211/560 2234/1236/598
f 2234/1236/598 2209/1211/560 2235/1237/599
f 2209/1211/560 2210/1212/580 2235/1237/599
f 2235/1237/599 2210/1212/580 2236/1238/600
f 2210/1212/580 2211/1213/581 2236/1238/600
f 2236/1238/600 2211/1213/581 2237/1239/601
f 2211/1213/581 2212/1214/582 2237/1239/601
f 2237/1239/601 2212/1214/582 2238/1240/602
f 2212/1214/582 2213/1215/583 2238/1240/602
f 2238/1240/602 2213/1215/583 2239/1241/603
f 2213/1215/583 2214/1216/584 2239/1241/603
f 2239/1241/603 2214/1216/584 2240/1242/604
f 2214/1216/584 2215/1217/585 2240/1242/604
f 2240/1242/604 2215/1217/585 2241/1243/605
f 2215/1217/585 2216/1218/586 2241/1243/605
f 2241/1243/605 2216/1218/586 2242/1244/606
f 2216/1218/586 2217/1219/528 2242/1244/606
f 2242/1244/606 2217/1219/528 2243/1245/607
f 2217/1219/528 2218/1220/530 2243/1245/607
f 2243/1245/607 2218/1220/530 2244/1246/608
f 2218/1220/530 2219/1221/532 2244/1246/608
f 2244/1246/608 2219/1221/532 2245/1247/609
f 2219/1221/532 2220/1222/534 2245/1247/609
f 2245/1247/609 2220/1222/534 2246/1248/610
f 2220/1222/534 2221/1223/587 2246/1248/610
f 2246/1248/610 2221/1223/587 2247/1249/611
f 2221/1223/587 2222/1224/538 2247/1249/611
f 2247/1249/611 2222/1224/538 2248/1250/612
f 2222/1224/538 2223/1225/588 2248/1250/612
f 2248/1250/612 2223/1225/588 2249/1251/613
f 2223/1225/588 2224/1226/542 2249/1251/613
f 2250/1252/614 2225/1227/589 2251/1253/615
f 2225/1227/589 2226/1228/590 2251/1253/615
f 2251/1253/615 2226/1228/590 2252/1254/615
f 2226/1228/590 2227/1229/591 2252/1254/615
f 2252/1254/615 2227/1229/591 2253/1255/615
f 2227/1229/591 2228/1230/592 2253/1255/615
f 2253/1255/615 2228/1230/592 2254/1256/615
f 2228/1230/592 2229/1231/593 2254/1256/615
f 2254/1256/615 2229/1231/593 2255/1257/615
f 2229/1231/593 2230/1232/594 2255/1257/615
f 2255/1257/615 2230/1232/594 2256/1258/615
f 2230/1232/594 2231/1233/595 2256/1258/615
f 2256/1258/615 2231/1233/595 2257/1259/615
f 2231/1233/595 2232/1234/596 2257/1259/615
f 2257/1259/615 2232/1234/596 2258/1260/615
f 2232/1234/596 2233/1235/597 2258/1260/615
f 2258/1260/615 2233/1235/597 2259/1261/615
f 2233/1235/597 2234/1236/598 2259/1261/615
f 2259/1261/615 2234/1236/598 2260/1262/615
f 2234/1236/598 2235/1237/599 2260/1262/615
f 2260/1262/615 2235/1237/599 2261/1263/615
f 2235/1237/599 2236/1238/600 2261/1263/615
f 2261/1263/615 2236/1238/600 2262/1264/614
f 2236/1238/600 2237/1239/601 2262/1264/614
f 2262/1264/614 2237/1239/601 2263/1265/615
f 2237/1239/601 2238/1240/602 2263/1265/615
f 2263/1265/615 2238/1240/602 2264/1266/614
f 2238/1240/602 2239/1241/603 2264/1266/614
f 2264/1266/614 2239/1241/603 2265/1267/615
f 2239/1241/603 2240/1242/604 2265/1267/615
f 2265/1267/615 2240/1242/604 2266/1268/615
f 2240/1242/604 2241/1243/605 2266/1268/615
f 2266/1268/615 2241/1243/605 2267/1269/615
f 2241/1243/605 2242/1244/606 2267/1269/615
f 2267/1269/615 2242/1244/606 2268/1270/615
f 2242/1244/606 2243/1245/607 2268/1270/615
f 2268/1270/615 2243/1245/607 2269/1271/615
f 2243/1245/607 2244/1246/608 2269/1271/615
f 2269/1271/615 2244/1246/608 2270/1272/615
f 2244/1246/608 2245/1247/609 2270/1272/615
f 2270/1272/615 2245/1247/609 2271/1273/615
f 2245/1247/609 2246/1248/610 2271/1273/615
f 2271/1273/615 2246/1248/610 2272/1274/615
f 2246/1248/610 2247/1249/611 2272/1274/615
f 2272/1274/615 2247/1249/611 2273/1275/615
f 2247/1249/611 2248/1250/612 2273/1275/615
f 2273/1275/615 2248/1250/612 2274/1276/614
f 2248/1250/612 2249/1251/613 2274/1276/614
f 2275/1277/616 2250/1252/614 2276/1278/617
f 2250/1252/614 2251/1253/615 2276/1278/617
f 2276/1278/617 2251/1253/615 2277/1279/618
f 2251/1253/615 2252/1254/615 2277/1279/618
f 2277/1279/618 2252/1254/615 2278/1280/604
f 2252/1254/615 2253/1255/615 2278/1280/604
f 2278/1280/604 2253/1255/615 2279/1281/605
f 2253/1255/615 2254/1256/615 2279/1281/605
f 2279/1281/605 2254/1256/615 2280/1282/619
f 2254/1256/615 2255/1257/615 2280/1282/619
f 2280/1282/619 2255/1257/615 2281/1283/607
f 2255/1257/615 2256/1258/615 2281/1283/607
f 2281/1283/607 2256/1258/615 2282/1284/608
f 2256/1258/615 2257/1259/615 2282/1284/608
f 2282/1284/608 2257/1259/615 2283/1285/609
f 2257/1259/615 2258/1260/615 2283/1285/609
f 2283/1285/609 2258/1260/615 2284/1286/620
f 2258/1260/615 2259/1261/615 2284/1286/620
f 2284/1286/620 2259/1261/615 2285/1287/611
f 2259/1261/615 2260/1262/615 2285/1287/611
f 2285/1287/611 2260/1262/615 2286/1288/612
f 2260/1262/615 2261/1263/615 2286/1288/612
f 2286/1288/612 2261/1263/615 2287/1289/613
f 2261/1263/615 2262/1264/614 2287/1289/613
f 2287/1289/613 2262/1264/614 2288/1290/590
f 2262/1264/614 2263/1265/615 2288/1290/590
f 2288/1290/590 2263/1265/615 2289/1291/591
f 2263/1265/615 2264/1266/614 2289/1291/591
f 2289/1291/591 2264/1266/614 2290/1292/621
f 2264/1266/614 2265/1267/615 2290/1292/621
f 2290/1292/621 2265/1267/615 2291/1293/593
f 2265/1267/615 2266/1268/615 2291/1293/593
f 2291/1293/593 2266/1268/615 2292/1294/594
f 2266/1268/615 2267/1269/615 2292/1294/594
f 2292/1294/594 2267/1269/615 2293/1295/595
f 2267/1269/615 2268/1270/615 2293/1295/595
f 2293/1295/595 2268/1270/615 2294/1296/596
f 2268/1270/615 2269/1271/615 2294/1296/596
f 2294/1296/596 2269/1271/615 2295/1297/597
f 2269/1271/615 2270/1272/615 2295/1297/597
f 2295/1297/597 2270/1272/615 2296/1298/598
f 2270/1272/615 2271/1273/615 2296/1298/598
f 2296/1298/598 2271/1273/615 2297/1299/622
f 2271/1273/615 2272/1274/615 2297/1299/622
f 2297/1299/622 2272/1274/615 2298/1300/600
f 2272/1274/615 2273/1275/615 2298/1300/600
f 2298/1300/600 2273/1275/615 2299/1301/616
f 2273/1275/615 2274/1276/614 2299/1301/616
f 2300/1302/623 2275/1277/616 2301/1303/583
f 2275/1277/616 2276/1278/617 2301/1303/583
f 2301/1303/583 2276/1278/617 2302/1304/584
f 2276/1278/617 2277/1279/618 2302/1304/584
f 2302/1304/584 2277/1279/618 2303/1305/585
f 2277/1279/618 2278/1280/604 2303/1305/585
f 2303/1305/585 2278/1280/604 2304/1306/586
f 2278/1280/604 2279/1281/605 2304/1306/586
f 2304/1306/586 2279/1281/605 2305/1307/528
f 2279/1281/605 2280/1282/619 2305/1307/528
f 2305/1307/528 2280/1282/619 2306/1308/530
f 2280/1282/619 2281/1283/607 2306/1308/530
f 2306/1308/530 2281/1283/607 2307/1309/532
f 2281/1283/607 2282/1284/608 2307/1309/532
f 2307/1309/532 2282/1284/608 2308/1310/534
f 2282/1284/608 2283/1285/609 2308/1310/534
f 2308/1310/534 2283/1285/609 2309/1311/624
f 2283/1285/609 2284/1286/620 2309/1311/624
f 2309/1311/624 2284/1286/620 2310/1312/538
f 2284/1286/620 2285/1287/611 2310/1312/538
f 2310/1312/538 2285/1287/611 2311/1313/625
f 2285/1287/611 2286/1288/612 2311/1313/625
f 2311/1313/625 2286/1288/612 2312/1314/626
f 2286/1288/612 2287/1289/613 2312/1314/626
f 2312/1314/626 2287/1289/613 2313/1315/627
f 2287/1289/613 2288/1290/590 2313/1315/627
f 2313/1315/627 2288/1290/590 2314/1316/628
f 2288/1290/590 2289/1291/591 2314/1316/628
f 2314/1316/628 2289/1291/591 2315/1317/577
f 2289/1291/591 2290/1292/621 2315/1317/577
f 2315/1317/577 2290/1292/621 2316/1318/629
f 2290/1292/621 2291/1293/593 2316/1318/629
f 2316/1318/629 2291/1293/593 2317/1319/578
f 2291/1293/593 2292/1294/594 2317/1319/578
f 2317/1319/578 2292/1294/594 2318/1320/554
f 2292/1294/594 2293/1295/595 2318/1320/554
f 2318/1320/554 2293/1295/595 2319/1321/630
f 2293/1295/595 2294/1296/596 2319/1321/630
f 2319/1321/630 2294/1296/596 2320/1322/579
f 2294/1296/596 2295/1297/597 2320/1322/579
f 2320/1322/579 2295/1297/597 2321/1323/631
f 2295/1297/597 2296/1298/598 2321/1323/631
f 2321/1323/631 2296/1298/598 2322/1324/580
f 2296/1298/598 2297/1299/622 2322/1324/580
f 2322/1324/580 2297/1299/622 2323/1325/581
f 2297/1299/622 2298/1300/600 2323/1325/581
f 2323/1325/581 2298/1300/600 2324/1326/623
f 2298/1300/600 2299/1301/616 2324/1326/623
o green_ring4
v 1.368735 0.165661 0.000849
v 1.368729 0.159869 0.044848
v 1.368711 0.142885 0.085849
v 1.368682 0.115870 0.121057
v 1.368644 0.080661 0.148073
v 1.368600 0.039660 0.165056
v 1.368554 -0.004339 0.170849
v 1.368507 -0.048338 0.165056
v 1.368463 -0.089338 0.148073
v 1.368425 -0.124547 0.121057
v 1.368396 -0.151563 0.085849
v 1.368378 -0.168546 0.044848
v 1.368371 -0.174339 0.000849
v 1.368378 -0.168546 -0.043150
v 1.368396 -0.151563 -0.084151
v 1.368425 -0.124547 -0.119359
v 1.368463 -0.089338 -0.146375
v 1.368507 -0.048338 -0.163358
v 1.368554 -0.004339 -0.169151
v 1.368600 0.039660 -0.163358
v 1.368644 0.080661 -0.146375
v 1.368682 0.115870 -0.119359
v 1.368711 0.142885 -0.084151
v 1.368729 0.159869 -0.043150
v 1.368735 0.165661 0.000849
v 1.381458 0.160375 0.000849
v 1.381452 0.154762 0.043484
v 1.381434 0.138306 0.083213
v 1.381406 0.112127 0.117329
v 1.381369 0.078011 0.143508
v 1.381327 0.038282 0.159964
v 1.381281 -0.004353 0.165577
v 1.381236 -0.046987 0.159964
v 1.381194 -0.086716 0.143508
v 1.381156 -0.120832 0.117329
v 1.381128 -0.147010 0.083213
v 1.381111 -0.163467 0.043484
v 1.381105 -0.169080 0.000849
v 1.381111 -0.163467 -0.041786
v 1.381128 -0.147010 -0.081515
v 1.381156 -0.120832 -0.115631
v 1.381194 -0.086716 -0.141810
v 1.381236 -0.046987 -0.158266
v 1.381281 -0.004353 -0.163879
v 1.381327 0.038282 -0.158266
v 1.381369 0.078011 -0.141810
v 1.381406 0.112127 -0.115631
v 1.381434 0.138306 -0.081515
v 1.381452 0.154762 -0.041786
v 1.381458 0.160375 0.000849
v 1.386716 0.147642 0.000849
v 1.386710 0.142462 0.040189
v 1.386694 0.127278 0.076849
v 1.386669 0.103123 0.108329
v 1.386635 0.071642 0.132485
v 1.386596 0.034982 0.147670
v 1.386554 -0.004358 0.152849
v 1.386511 -0.043698 0.147670
v 1.386472 -0.080358 0.132485
v 1.386438 -0.111838 0.108329
v 1.386412 -0.135994 0.076849
v 1.386396 -0.151179 0.040189
v 1.386391 -0.156358 0.000849
v 1.386396 -0.151179 -0.038491
v 1.386412 -0.135994 -0.075151
v 1.386438 -0.111838 -0.106631
v 1.386472 -0.080358 -0.130787
v 1.386511 -0.043698 -0.145972
v 1.386554 -0.004358 -0.151151
v 1.386596 0.034982 -0.145972
v 1.386635 0.071642 -0.130787
v 1.386669 0.103123 -0.106631
v 1.386694 0.127278 -0.075151
v 1.386710 0.142462 -0.038491
v 1.386716 0.147642 0.000849
v 1.381431 0.134919 0.000849
v 1.381425 0.130174 0.036895
v 1.381410 0.116261 0.070485
v 1.381387 0.094128 0.099329
v 1.381356 0.065283 0.121462
v 1.381320 0.031694 0.135375
v 1.381281 -0.004353 0.140121
v 1.381242 -0.040398 0.135375
v 1.381207 -0.073988 0.121462
v 1.381176 -0.102832 0.099329
v 1.381153 -0.124966 0.070485
v 1.381138 -0.138879 0.036895
v 1.381132 -0.143624 0.000849
v 1.381138 -0.138879 -0.035197
v 1.381153 -0.124966 -0.068787
v 1.381176 -0.102832 -0.097631
v 1.381207 -0.073988 -0.119764
v 1.381242 -0.040398 -0.133677
v 1.381281 -0.004353 -0.138423
v 1.381320 0.031694 -0.133677
v 1.381356 0.065283 -0.119764
v 1.381387 0.094128 -0.097631
v 1.381410 0.116261 -0.068787
v 1.381425 0.130174 -0.035197
v 1.381431 0.134919 0.000849
v 1.368697 0.129662 0.000849
v 1.368691 0.125095 0.035531
v 1.368678 0.111708 0.067849
v 1.368655 0.090414 0.095601
v 1.368625 0.062661 0.116896
v 1.368591 0.030343 0.130283
v 1.368554 -0.004339 0.134849
v 1.368516 -0.039020 0.130283
v 1.368482 -0.071339 0.116896
v 1.368452 -0.099091 0.095601
v 1.368429 -0.120386 0.067849
v 1.368415 -0.133773 0.035531
v 1.368410 -0.138339 0.000849
v 1.368415 -0.133773 -0.033833
v 1.368429 -0.120386 -0.066151
v 1.368452 -0.099091 -0.093903
v 1.368482 -0.071339 -0.115198
v 1.368516 -0.039020 -0.128585
v 1.368554 -0.004339 -0.133151
v 1.368591 0.030343 -0.128585
v 1.368625 0.062661 -0.115198
v 1.368655 0.090414 -0.093903
v 1.368678 0.111708 -0.066151
v 1.368691 0.125095 -0.033833
v 1.368697 0.129662 0.000849
v 1.355974 0.134946 0.000849
v 1.355969 0.130201 0.036895
v 1.355954 0.116288 0.070485
v 1.355931 0.094155 0.099329
v 1.355900 0.065310 0.121462
v 1.355864 0.031721 0.135375
v 1.355826 -0.004325 0.140121
v 1.355787 -0.040371 0.135375
v 1.355751 -0.073961 0.121462
v 1.355720 -0.102805 0.099329
v 1.355697 -0.124939 0.070485
v 1.355682 -0.138852 0.036895
v 1.355676 -0.143597 0.000849
v 1.355682 -0.138852 -0.035197
v 1.355697 -0.124939 -0.068787
v 1.355720 -0.102805 -0.097631
v 1.355751 -0.073961 -0.119764
v 1.355787 -0.040371 -0.133677
v 1.355826 -0.004325 -0.138423
v 1.355864 0.031721 -0.133677
v 1.355900 0.065310 -0.119764
v 1.355931 0.094155 -0.097631
v 1.355954 0.116288 -0.068787
v 1.355969 0.130201 -0.035197
v 1.355974 0.134946 0.000849
v 1.350716 0.147680 0.000849
v 1.350711 0.142501 0.040189
v 1.350695 0.127317 0.076849
v 1.350669 0.103160 0.108329
v 1.350634 0.071681 0.132485
v 1.350595 0.035021 0.147670
v 1.350553 -0.004320 0.152849
v 1.350511 -0.043660 0.147670
v 1.350472 -0.080320 0.132485
v 1.350438 -0.111800 0.108329
v 1.350413 -0.135956 0.076849
v 1.350396 -0.151140 0.040189
v 1.350390 -0.156319 0.000849
v 1.350396 -0.151140 -0.038491
v 1.350413 -0.135956 -0.075151
v 1.350438 -0.111800 -0.106631
v 1.350472 -0.080320 -0.130787
v 1.350511 -0.043660 -0.145972
v 1.350553 -0.004320 -0.151151
v 1.350595 0.035021 -0.145972
v 1.350634 0.071681 -0.130787
v 1.350669 0.103160 -0.106631
v 1.350695 0.127317 -0.075151
v 1.350711 0.142501 -0.038491
v 1.350716 0.147680 0.000849
v 1.356002 0.160402 0.000849
v 1.355996 0.154789 0.043484
v 1.355978 0.138333 0.083213
v 1.355951 0.112155 0.117329
v 1.355913 0.078038 0.143508
v 1.355871 0.038309 0.159964
v 1.355826 -0.004325 0.165577
v 1.355780 -0.046960 0.159964
v 1.355738 -0.086689 0.143508
v 1.355700 -0.120805 0.117329
v 1.355672 -0.146983 0.083213
v 1.355655 -0.163440 0.043484
v 1.355649 -0.169053 0.000849
v 1.355655 -0.163440 -0.041786
v 1.355672 -0.146983 -0.081515
v 1.355700 -0.120805 -0.115631
v 1.355738 -0.086689 -0.141810
v 1.355780 -0.046960 -0.158266
v 1.355826 -0.004325 -0.163879
v 1.355871 0.038309 -0.158266
v 1.355913 0.078038 -0.141810
v 1.355951 0.112155 -0.115631
v 1.355978 0.138333 -0.081515
v 1.355996 0.154789 -0.041786
v 1.356002 0.160402 0.000849
v 1.368735 0.165661 0.000849
v 1.368729 0.159869 0.044848
v 1.368711 0.142885 0.085849
v 1.368682 0.115870 0.121057
v 1.368644 0.080661 0.148073
v 1.368600 0.039660 0.165056
v 1.368554 -0.004339 0.170849
v 1.368507 -0.048338 0.165056
v 1.368463 -0.089338 0.148073
v 1.368425 -0.124547 0.121057
v 1.368396 -0.151563 0.085849
v 1.368378 -0.168546 0.044848
v 1.368371 -0.174339 0.000849
v 1.368378 -0.168546 -0.043150
v 1.368396 -0.151563 -0.084151
v 1.368425 -0.124547 -0.119359
v 1.368463 -0.089338 -0.146375
v 1.368507 -0.048338 -0.163358
v 1.368554 -0.004339 -0.169151
v 1.368600 0.039660 -0.163358
v 1.368644 0.080661 -0.146375
v 1.368682 0.115870 -0.119359
v 1.368711 0.142885 -0.084151
v 1.368729 0.159869 -0.043150
v 1.368735 0.165661 0.000849
vn 0.7078 0.7064 -0.0000
vn 0.0011 1.0000 -0.0000
vn 0.7078 0.6823 0.1830
vn 0.0011 0.9659 0.2588
vn 0.7078 0.6116 0.3536
vn 0.0009 0.8660 0.5000
vn 0.7077 0.4992 0.5000
vn 0.0008 0.7071 0.7071
vn 0.7075 0.3528 0.6124
vn 0.0005 0.5000 0.8660
vn 0.7073 0.1823 0.6830
vn 0.0003 0.2588 0.9659
vn 0.7071 -0.0008 0.7071
vn -0.0000 -0.0000 1.0000
vn 0.7069 -0.1838 0.6830
vn -0.0003 -0.2588 0.9659
vn 0.7067 -0.3544 0.6124
vn -0.0005 -0.5000 0.8660
vn 0.7065 -0.5008 0.5000
vn -0.0007 -0.7071 0.7071
vn 0.7065 -0.6131 0.3536
vn -0.0009 -0.8660 0.5000
vn 0.7064 -0.6838 0.1830
vn -0.0010 -0.9659 0.2588
vn 0.7063 -0.7079 -0.0000
vn -0.0010 -1.0000 -0.0000
vn 0.7064 -0.6838 -0.1830
vn -0.0010 -0.9659 -0.2588
vn 0.7064 -0.6131 -0.3536
vn -0.0009 -0.8660 -0.5000
vn 0.7065 -0.5008 -0.5000
vn -0.0006 -0.7071 -0.7071
vn 0.7067 -0.3544 -0.6124
vn -0.0005 -0.5000 -0.8660
vn 0.7069 -0.1838 -0.6830
vn -0.0002 -0.2588 -0.9659
vn 0.7071 -0.0008 -0.7071
vn -0.0000 -0.0000 -1.0000
vn 0.7073 0.1823 -0.6830
vn 0.0003 0.2588 -0.9659
vn 0.7075 0.3528 -0.6124
vn 0.0006 0.5001 -0.8660
vn 0.7077 0.4992 -0.5000
vn 0.0008 0.7071 -0.7071
vn 0.7078 0.6116 -0.3536
vn 0.0009 0.8660 -0.5000
vn 0.7078 0.6823 -0.1830
vn 0.0011 0.9659 -0.2588
vn 0.0012 1.0000 -0.0000
vn 1.0000 -0.0010 -0.0000
vn 0.7064 -0.7078 -0.0000
vn 0.7064 -0.6837 -0.1830
vn 0.7064 -0.6132 -0.3536
vn 0.7079 0.7064 -0.0000
vn 0.7064 -0.6131 0.3536
vn -0.0008 -0.7071 -0.7071
vn -0.0003 -0.2588 -0.9659
vn 0.0005 0.5000 -0.8660
vn 0.0007 0.7071 -0.7071
vn 0.0010 0.9659 -0.2588
vn 0.0010 0.9659 0.2588
vn 0.0007 0.7071 0.7071
vn -0.0008 -0.7071 0.7071
vn -0.7078 -0.7064 -0.0000
vn -0.7078 -0.6823 -0.1830
vn -0.7078 -0.6116 -0.3536
vn -0.7077 -0.4992 -0.5000
vn -0.7075 -0.3528 -0.6124
vn -0.7073 -0.1823 -0.6830
vn -0.7071 0.0008 -0.7071
vn -0.7069 0.1837 -0.6830
vn -0.7067 0.3544 -0.6124
vn -0.7065 0.5008 -0.5000
vn -0.7065 0.6131 -0.3536
vn -0.7064 0.6838 -0.1830
vn -0.7064 0.7078 -0.0000
vn -0.7064 0.6838 0.1830
vn -0.7064 0.6131 0.3536
vn -0.7065 0.5008 0.5000
vn -0.7067 0.3544 0.6124
vn -0.7069 0.1838 0.6830
vn -0.7071 0.0008 0.7071
vn -0.7073 -0.1823 0.6830
vn -0.7075 -0.3528 0.6124
vn -0.7077 -0.4992 0.5000
vn -0.7078 -0.6116 0.3536
vn -0.7078 -0.6823 0.1830
vn -1.0000 0.0011 -0.0000
vn -1.0000 0.0010 -0.0000
vn -0.7064 0.7079 -0.0000
vn -0.7069 0.1837 0.6830
vn -0.7076 -0.4992 0.5000
vn -0.7076 -0.4992 -0.5000
vn -0.7069 0.1838 -0.6830
vn -0.7064 0.6131 -0.3536
vn 0.0010 1.0000 -0.0000
vn 0.0006 0.7071 0.7071
vn -0.0006 -0.5000 0.8660
vn -0.0011 -0.9659 0.2588
vn -0.0012 -1.0000 -0.0000
vn -0.0011 -0.9659 -0.2588
vn -0.0010 -0.8660 -0.5000
vn -0.0007 -0.5001 -0.8660
vn 0.0002 0.2588 -0.9659
vn 0.0006 0.7071 -0.7071
vt 0.000000 0.125000
vt 0.000000 0.000000
vt 0.041667 0.125000
vt 0.041667 0.000000
vt 0.083333 0.125000
vt 0.083333 0.000000
vt 0.125000 0.125000
vt 0.125000 0.000000
vt 0.166667 0.125000
vt 0.166667 0.000000
vt 0.208333 0.125000
vt 0.208333 0.000000
vt 0.250000 0.125000
vt 0.250000 0.000000
vt 0.291667 0.125000
vt 0.291667 0.000000
vt 0.333333 0.125000
vt 0.333333 0.000000
vt 0.375000 0.125000
vt 0.375000 0.000000
vt 0.416667 0.125000
vt 0.416667 0.000000
vt 0.458333 0.125000
vt 0.458333 0.000000
vt 0.500000 0.125000
vt 0.500000 0.000000
vt 0.541667 0.125000
vt 0.541667 0.000000
vt 0.583333 0.125000
vt 0.583333 0.000000
vt 0.625000 0.125000
vt 0.625000 0.000000
vt 0.666667 0.125000
vt 0.666667 0.000000
vt 0.708333 0.125000
vt 0.708333 0.000000
vt 0.750000 0.125000
vt 0.750000 0.000000
vt 0.791667 0.125000
vt 0.791667 0.000000
vt 0.833333 0.125000
vt 0.833333 0.000000
vt 0.875000 0.125000
vt 0.875000 0.000000
vt 0.916667 0.125000
vt 0.916667 0.000000
vt 0.958333 0.125000
vt 0.958333 0.000000
vt 1.000000 0.125000
vt 1.000000 0.000000
vt 0.000000 0.250000
vt 0.041667 0.250000
vt 0.083333 0.250000
vt 0.125000 0.250000
vt 0.166667 0.250000
vt 0.208333 0.250000
vt 0.250000 0.250000
vt 0.291667 0.250000
vt 0.333333 0.250000
vt 0.375000 0.250000
vt 0.416667 0.250000
vt 0.458333 0.250000
vt 0.500000 0.250000
vt 0.541667 0.250000
vt 0.583333 0.250000
vt 0.625000 0.250000
vt 0.666667 0.250000
vt 0.708333 0.250000
vt 0.750000 0.250000
vt 0.791667 0.250000
vt 0.833333 0.250000
vt 0.875000 0.250000
vt 0.916667 0.250000
vt 0.958333 0.250000
vt 1.000000 0.250000
vt 0.000000 0.375000
vt 0.041667 0.375000
vt 0.083333 0.375000
vt 0.125000 0.375000
vt 0.166667 0.375000
vt 0.208333 0.375000
vt 0.250000 0.375000
vt 0.291667 0.375000
vt 0.333333 0.375000
vt 0.375000 0.375000
vt 0.416667 0.375000
vt 0.458333 0.375000
vt 0.500000 0.375000
vt 0.541667 0.375000
vt 0.583333 0.375000
vt 0.625000 0.375000
vt 0.666667 0.375000
vt 0.708333 0.375000
vt 0.750000 0.375000
vt 0.791667 0.375000
vt 0.833333 0.375000
vt 0.875000 0.375000
vt 0.916667 0.375000
vt 0.958333 0.375000
vt 1.000000 0.375000
vt 0.000000 0.500000
vt 0.041667 0.500000
vt 0.083333 0.500000
vt 0.125000 0.500000
vt 0.166667 0.500000
vt 0.208333 0.500000
vt 0.250000 0.500000
vt 0.291667 0.500000
vt 0.333333 0.500000
vt 0.375000 0.500000
vt 0.416667 0.500000
vt 0.458333 0.500000
vt 0.500000 0.500000
vt 0.541667 0.500000
vt 0.583333 0.500000
vt 0.625000 0.500000
vt 0.666667 0.500000
vt 0.708333 0.500000
vt 0.750000 0.500000
vt 0.791667 0.500000
vt 0.833333 0.500000
vt 0.875000 0.500000
vt 0.916667 0.500000
vt 0.958333 0.500000
vt 1.000000 0.500000
vt 0.000000 0.625000
vt 0.041667 0.625000
vt 0.083333 0.625000
vt 0.125000 0.625000
vt 0.166667 0.625000
vt 0.208333 0.625000
vt 0.250000 0.625000
vt 0.291667 0.625000
vt 0.333333 0.625000
vt 0.375000 0.625000
vt 0.416667 0.625000
vt 0.458333 0.625000
vt 0.500000 0.625000
vt 0.541667 0.625000
vt 0.583333 0.625000
vt 0.625000 0.625000
vt 0.666667 0.625000
vt 0.708333 0.625000
vt 0.750000 0.625000
vt 0.791667 0.625000
vt 0.833333 0.625000
vt 0.875000 0.625000
vt 0.916667 0.625000
vt 0.958333 0.625000
vt 1.000000 0.625000
vt 0.000000 0.750000
vt 0.041667 0.750000
vt 0.083333 0.750000
vt 0.125000 0.750000
vt 0.166667 0.750000
vt 0.208333 0.750000
vt 0.250000 0.750000
vt 0.291667 0.750000
vt 0.333333 0.750000
vt 0.375000 0.750000
vt 0.416667 0.750000
vt 0.458333 0.750000
vt 0.500000 0.750000
vt 0.541667 0.750000
vt 0.583333 0.750000
vt 0.625000 0.750000
vt 0.666667 0.750000
vt 0.708333 0.750000
vt 0.750000 0.750000
vt 0.791667 0.750000
vt 0.833333 0.750000
vt 0.875000 0.750000
vt 0.916667 0.750000
vt 0.958333 0.750000
vt 1.000000 0.750000
vt 0.000000 0.875000
vt 0.041667 0.875000
vt 0.083333 0.875000
vt 0.125000 0.875000
vt 0.166667 0.875000
vt 0.208333 0.875000
vt 0.250000 0.875000
vt 0.291667 0.875000
vt 0.333333 0.875000
vt 0.375000 0.875000
vt 0.416667 0.875000
vt 0.458333 0.875000
vt 0.500000 0.875000
vt 0.541667 0.875000
vt 0.583333 0.875000
vt 0.625000 0.875000
vt 0.666667 0.875000
vt 0.708333 0.875000
vt 0.750000 0.875000
vt 0.791667 0.875000
vt 0.833333 0.875000
vt 0.875000 0.875000
vt 0.916667 0.875000
vt 0.958333 0.875000
vt 1.000000 0.875000
vt 0.000000 1.000000
vt 0.041667 1.000000
vt 0.083333 1.000000
vt 0.125000 1.000000
vt 0.166667 1.000000
vt 0.208333 1.000000
vt 0.250000 1.000000
vt 0.291667 1.000000
vt 0.333333 1.000000
vt 0.375000 1.000000
vt 0.416667 1.000000
vt 0.458333 1.000000
vt 0.500000 1.000000
vt 0.541667 1.000000
vt 0.583333 1.000000
vt 0.625000 1.000000
vt 0.666667 1.000000
vt 0.708333 1.000000
vt 0.750000 1.000000
vt 0.791667 1.000000
vt 0.833333 1.000000
vt 0.875000 1.000000
vt 0.916667 1.000000
vt 0.958333 1.000000
vt 1.000000 1.000000
s 1
usemtl brass
f 2350/1327/632 2325/1328/633 2351/1329/634
f 2325/1328/633 2326/1330/635 2351/1329/634
f 2351/1329/634 2326/1330/635 2352/1331/636
f 2326/1330/635 2327/1332/637 2352/1331/636
f 2352/1331/636 2327/1332/637 2353/1333/638
f 2327/1332/637 2328/1334/639 2353/1333/638
f 2353/1333/638 2328/1334/639 2354/1335/640
f 2328/1334/639 2329/1336/641 2354/1335/640
f 2354/1335/640 2329/1336/641 2355/1337/642
f 2329/1336/641 2330/1338/643 2355/1337/642
f 2355/1337/642 2330/1338/643 2356/1339/644
f 2330/1338/643 2331/1340/645 2356/1339/644
f 2356/1339/644 2331/1340/645 2357/1341/646
f 2331/1340/645 2332/1342/647 2357/1341/646
f 2357/1341/646 2332/1342/647 2358/1343/648
f 2332/1342/647 2333/1344/649 2358/1343/648
f 2358/1343/648 2333/1344/649 2359/1345/650
f 2333/1344/649 2334/1346/651 2359/1345/650
f 2359/1345/650 2334/1346/651 2360/1347/652
f 2334/1346/651 2335/1348/653 2360/1347/652
f 2360/1347/652 2335/1348/653 2361/1349/654
f 2335/1348/653 2336/1350/655 2361/1349/654
f 2361/1349/654 2336/1350/655 2362/1351/656
f 2336/1350/655 2337/1352/657 2362/1351/656
f 2362/1351/656 2337/1352/657 2363/1353/658
f 2337/1352/657 2338/1354/659 2363/1353/658
f 2363/1353/658 2338/1354/659 2364/1355/660
f 2338/1354/659 2339/1356/661 2364/1355/660
f 2364/1355/660 2339/1356/661 2365/1357/662
f 2339/1356/661 2340/1358/663 2365/1357/662
f 2365/1357/662 2340/1358/663 2366/1359/664
f 2340/1358/663 2341/1360/665 2366/1359/664
f 2366/1359/664 2341/1360/665 2367/1361/666
f 2341/1360/665 2342/1362/667 2367/1361/666
f 2367/1361/666 2342/1362/667 2368/1363/668
f 2342/1362/667 2343/1364/669 2368/1363/668
f 2368/1363/668 2343/1364/669 2369/1365/670
f 2343/1364/669 2344/1366/671 2369/1365/670
f 2369/1365/670 2344/1366/671 2370/1367/672
f 2344/1366/671 2345/1368/673 2370/1367/672
f 2370/1367/672 2345/1368/673 2371/1369/674
f 2345/1368/673 2346/1370/675 2371/1369/674
f 2371/1369/674 2346/1370/675 2372/1371/676
f 2346/1370/675 2347/1372/677 2372/1371/676
f 2372/1371/676 2347/1372/677 2373/1373/678
f 2347/1372/677 2348/1374/679 2373/1373/678
f 2373/1373/678 2348/1374/679 2374/1375/632
f 2348/1374/679 2349/1376/680 2374/1375/632
f 2375/1377/681 2350/1327/632 2376/1378/681
f 2350/1327/632 2351/1329/634 2376/1378/681
f 2376/1378/681 2351/1329/634 2377/1379/681
f 2351/1329/634 2352/1331/636 2377/1379/681
f 2377/1379/681 2352/1331/636 2378/1380/681
f 2352/1331/636 2353/1333/638 2378/1380/681
f 2378/1380/681 2353/1333/638 2379/1381/681
f 2353/1333/638 2354/1335/640 2379/1381/681
f 2379/1381/681 2354/1335/640 2380/1382/681
f 2354/1335/640 2355/1337/642 2380/1382/681
f 2380/1382/681 2355/1337/642 2381/1383/681
f 2355/1337/642 2356/1339/644 2381/1383/681
f 2381/1383/681 2356/1339/644 2382/1384/681
f 2356/1339/644 2357/1341/646 2382/1384/681
f 2382/1384/681 2357/1341/646 2383/1385/681
f 2357/1341/646 2358/1343/648 2383/1385/681
f 2383/1385/681 2358/1343/648 2384/1386/681
f 2358/1343/648 2359/1345/650 2384/1386/681
f 2384/1386/681 2359/1345/650 2385/1387/681
f 2359/1345/650 2360/1347/652 2385/1387/681
f 2385/1387/681 2360/1347/652 2386/1388/681
f 2360/1347/652 2361/1349/654 2386/1388/681
f 2386/1388/681 2361/1349/654 2387/1389/681
f 2361/1349/654 2362/1351/656 2387/1389/681
f 2387/1389/681 2362/1351/656 2388/1390/681
f 2362/1351/656 2363/1353/658 2388/1390/681
f 2388/1390/681 2363/1353/658 2389/1391/681
f 2363/1353/658 2364/1355/660 2389/1391/681
f 2389/1391/681 2364/1355/660 2390/1392/681
f 2364/1355/660 2365/1357/662 2390/1392/681
f 2390/1392/681 2365/1357/662 2391/1393/681
f 2365/1357/662 2366/1359/664 2391/1393/681
f 2391/1393/681 2366/1359/664 2392/1394/681
f 2366/1359/664 2367/1361/666 2392/1394/681
f 2392/1394/681 2367/1361/666 2393/1395/681
f 2367/1361/666 2368/1363/668 2393/1395/681
f 2393/1395/681 2368/1363/668 2394/1396/681
f 2368/1363/668 2369/1365/670 2394/1396/681
f 2394/1396/681 2369/1365/670 2395/1397/681
f 2369/1365/670 2370/1367/672 2395/1397/681
f 2395/1397/681 2370/1367/672 2396/1398/681
f 2370/1367/672 2371/1369/674 2396/1398/681
f 2396/1398/681 2371/1369/674 2397/1399/681
f 2371/1369/674 2372/1371/676 2397/1399/681
f 2397/1399/681 2372/1371/676 2398/1400/681
f 2372/1371/676 2373/1373/678 2398/1400/681
f 2398/1400/681 2373/1373/678 2399/1401/681
f 2373/1373/678 2374/1375/632 2399/1401/681
f 2400/1402/682 2375/1377/681 2401/1403/683
f 2375/1377/681 2376/1378/681 2401/1403/683
f 2401/1403/683 2376/1378/681 2402/1404/684
f 2376/1378/681 2377/1379/681 2402/1404/684
f 2402/1404/684 2377/1379/681 2403/1405/662
f 2377/1379/681 2378/1380/681 2403/1405/662
f 2403/1405/662 2378/1380/681 2404/1406/664
f 2378/1380/681 2379/1381/681 2404/1406/664
f 2404/1406/664 2379/1381/681 2405/1407/666
f 2379/1381/681 2380/1382/681 2405/1407/666
f 2405/1407/666 2380/1382/681 2406/1408/668
f 2380/1382/681 2381/1383/681 2406/1408/668
f 2406/1408/668 2381/1383/681 2407/1409/670
f 2381/1383/681 2382/1384/681 2407/1409/670
f 2407/1409/670 2382/1384/681 2408/1410/672
f 2382/1384/681 2383/1385/681 2408/1410/672
f 2408/1410/672 2383/1385/681 2409/1411/674
f 2383/1385/681 2384/1386/681 2409/1411/674
f 2409/1411/674 2384/1386/681 2410/1412/676
f 2384/1386/681 2385/1387/681 2410/1412/676
f 2410/1412/676 2385/1387/681 2411/1413/678
f 2385/1387/681 2386/1388/681 2411/1413/678
f 2411/1413/678 2386/1388/681 2412/1414/685
f 2386/1388/681 2387/1389/681 2412/1414/685
f 2412/1414/685 2387/1389/681 2413/1415/634
f 2387/1389/681 2388/1390/681 2413/1415/634
f 2413/1415/634 2388/1390/681 2414/1416/636
f 2388/1390/681 2389/1391/681 2414/1416/636
f 2414/1416/636 2389/1391/681 2415/1417/638
f 2389/1391/681 2390/1392/681 2415/1417/638
f 2415/1417/638 2390/1392/681 2416/1418/640
f 2390/1392/681 2391/1393/681 2416/1418/640
f 2416/1418/640 2391/1393/681 2417/1419/642
f 2391/1393/681 2392/1394/681 2417/1419/642
f 2417/1419/642 2392/1394/681 2418/1420/644
f 2392/1394/681 2393/1395/681 2418/1420/644
f 2418/1420/644 2393/1395/681 2419/1421/646
f 2393/1395/681 2394/1396/681 2419/1421/646
f 2419/1421/646 2394/1396/681 2420/1422/648
f 2394/1396/681 2395/1397/681 2420/1422/648
f 2420/1422/648 2395/1397/681 2421/1423/650
f 2395/1397/681 2396/1398/681 2421/1423/650
f 2421/1423/650 2396/1398/681 2422/1424/686
f 2396/1398/681 2397/1399/681 2422/1424/686
f 2422/1424/686 2397/1399/681 2423/1425/654
f 2397/1399/681 2398/1400/681 2423/1425/654
f 2423/1425/654 2398/1400/681 2424/1426/682
f 2398/1400/681 2399/1401/681 2424/1426/682
f 2425/1427/657 2400/1402/682 2426/1428/659
f 2400/1402/682 2401/1403/683 2426/1428/659
f 2426/1428/659 2401/1403/683 2427/1429/661
f 2401/1403/683 2402/1404/684 2427/1429/661
f 2427/1429/661 2402/1404/684 2428/1430/687
f 2402/1404/684 2403/1405/662 2428/1430/687
f 2428/1430/687 2403/1405/662 2429/1431/665
f 2403/1405/662 2404/1406/664 2429/1431/665
f 2429/1431/665 2404/1406/664 2430/1432/688
f 2404/1406/664 2405/1407/666 2430/1432/688
f 2430/1432/688 2405/1407/666 2431/1433/669
f 2405/1407/666 2406/1408/668 2431/1433/669
f 2431/1433/669 2406/1408/668 2432/1434/671
f 2406/1408/668 2407/1409/670 2432/1434/671
f 2432/1434/671 2407/1409/670 2433/1435/689
f 2407/1409/670 2408/1410/672 2433/1435/689
f 2433/1435/689 2408/1410/672 2434/1436/690
f 2408/1410/672 2409/1411/674 2434/1436/690
f 2434/1436/690 2409/1411/674 2435/1437/677
f 2409/1411/674 2410/1412/676 2435/1437/677
f 2435/1437/677 2410/1412/676 2436/1438/691
f 2410/1412/676 2411/1413/678 2436/1438/691
f 2436/1438/691 2411/1413/678 2437/1439/633
f 2411/1413/678 2412/1414/685 2437/1439/633
f 2437/1439/633 2412/1414/685 2438/1440/692
f 2412/1414/685 2413/1415/634 2438/1440/692
f 2438/1440/692 2413/1415/634 2439/1441/637
f 2413/1415/634 2414/1416/636 2439/1441/637
f 2439/1441/637 2414/1416/636 2440/1442/693
f 2414/1416/636 2415/1417/638 2440/1442/693
f 2440/1442/693 2415/1417/638 2441/1443/641
f 2415/1417/638 2416/1418/640 2441/1443/641
f 2441/1443/641 2416/1418/640 2442/1444/643
f 2416/1418/640 2417/1419/642 2442/1444/643
f 2442/1444/643 2417/1419/642 2443/1445/645
f 2417/1419/642 2418/1420/644 2443/1445/645
f 2443/1445/645 2418/1420/644 2444/1446/647
f 2418/1420/644 2419/1421/646 2444/1446/647
f 2444/1446/647 2419/1421/646 2445/1447/649
f 2419/1421/646 2420/1422/648 2445/1447/649
f 2445/1447/649 2420/1422/648 2446/1448/694
f 2420/1422/648 2421/1423/650 2446/1448/694
f 2446/1448/694 2421/1423/650 2447/1449/653
f 2421/1423/650 2422/1424/686 2447/1449/653
f 2447/1449/653 2422/1424/686 2448/1450/655
f 2422/1424/686 2423/1425/654 2448/1450/655
f 2448/1450/655 2423/1425/654 2449/1451/657
f 2423/1425/654 2424/1426/682 2449/1451/657
f 2450/1452/695 2425/1427/657 2451/1453/696
f 2425/1427/657 2426/1428/659 2451/1453/696
f 2451/1453/696 2426/1428/659 2452/1454/697
f 2426/1428/659 2427/1429/661 2452/1454/697
f 2452/1454/697 2427/1429/661 2453/1455/698
f 2427/1429/661 2428/1430/687 2453/1455/698
f 2453/1455/698 2428/1430/687 2454/1456/699
f 2428/1430/687 2429/1431/665 2454/1456/699
f 2454/1456/699 2429/1431/665 2455/1457/700
f 2429/1431/665 2430/1432/688 2455/1457/700
f 2455/1457/700 2430/1432/688 2456/1458/701
f 2430/1432/688 2431/1433/669 2456/1458/701
f 2456/1458/701 2431/1433/669 2457/1459/702
f 2431/1433/669 2432/1434/671 2457/1459/702
f 2457/1459/702 2432/1434/671 2458/1460/703
f 2432/1434/671 2433/1435/689 2458/1460/703
f 2458/1460/703 2433/1435/689 2459/1461/704
f 2433/1435/689 2434/1436/690 2459/1461/704
f 2459/1461/704 2434/1436/690 2460/1462/705
f 2434/1436/690 2435/1437/677 2460/1462/705
f 2460/1462/705 2435/1437/677 2461/1463/706
f 2435/1437/677 2436/1438/691 2461/1463/706
f 2461/1463/706 2436/1438/691 2462/1464/707
f 2436/1438/691 2437/1439/633 2462/1464/707
f 2462/1464/707 2437/1439/633 2463/1465/708
f 2437/1439/633 2438/1440/692 2463/1465/708
f 2463/1465/708 2438/1440/692 2464/1466/709
f 2438/1440/692 2439/1441/637 2464/1466/709
f 2464/1466/709 2439/1441/637 2465/1467/710
f 2439/1441/637 2440/1442/693 2465/1467/710
f 2465/1467/710 2440/1442/693 2466/1468/711
f 2440/1442/693 2441/1443/641 2466/1468/711
f 2466/1468/711 2441/1443/641 2467/1469/712
f 2441/1443/641 2442/1444/643 2467/1469/712
f 2467/1469/712 2442/1444/643 2468/1470/713
f 2442/1444/643 2443/1445/645 2468/1470/713
f 2468/1470/713 2443/1445/645 2469/1471/714
f 2443/1445/645 2444/1446/647 2469/1471/714
f 2469/1471/714 2444/1446/647 2470/1472/715
f 2444/1446/647 2445/1447/649 2470/1472/715
f 2470/1472/715 2445/1447/649 2471/1473/716
f 2445/1447/649 2446/1448/694 2471/1473/716
f 2471/1473/716 2446/1448/694 2472/1474/717
f 2446/1448/694 2447/1449/653 2472/1474/717
f 2472/1474/717 2447/1449/653 2473/1475/718
f 2447/1449/653 2448/1450/655 2473/1475/718
f 2473/1475/718 2448/1450/655 2474/1476/695
f 2448/1450/655 2449/1451/657 2474/1476/695
f 2475/1477/719 2450/1452/695 2476/1478/720
f 2450/1452/695 2451/1453/696 2476/1478/720
f 2476/1478/720 2451/1453/696 2477/1479/720
f 2451/1453/696 2452/1454/697 2477/1479/720
f 2477/1479/720 2452/1454/697 2478/1480/720
f 2452/1454/697 2453/1455/698 2478/1480/720
f 2478/1480/720 2453/1455/698 2479/1481/720
f 2453/1455/698 2454/1456/699 2479/1481/720
f 2479/1481/720 2454/1456/699 2480/1482/720
f 2454/1456/699 2455/1457/700 2480/1482/720
f 2480/1482/720 2455/1457/700 2481/1483/720
f 2455/1457/700 2456/1458/701 2481/1483/720
f 2481/1483/720 2456/1458/701 2482/1484/720
f 2456/1458/701 2457/1459/702 2482/1484/720
f 2482/1484/720 2457/1459/702 2483/1485/720
f 2457/1459/702 2458/1460/703 2483/1485/720
f 2483/1485/720 2458/1460/703 2484/1486/720
f 2458/1460/703 2459/1461/704 2484/1486/720
f 2484/1486/720 2459/1461/704 2485/1487/720
f 2459/1461/704 2460/1462/705 2485/1487/720
f 2485/1487/720 2460/1462/705 2486/1488/720
f 2460/1462/705 2461/1463/706 2486/1488/720
f 2486/1488/720 2461/1463/706 2487/1489/719
f 2461/1463/706 2462/1464/707 2487/1489/719
f 2487/1489/719 2462/1464/707 2488/1490/720
f 2462/1464/707 2463/1465/708 2488/1490/720
f 2488/1490/720 2463/1465/708 2489/1491/719
f 2463/1465/708 2464/1466/709 2489/1491/719
f 2489/1491/719 2464/1466/709 2490/1492/720
f 2464/1466/709 2465/1467/710 2490/1492/720
f 2490/1492/720 2465/1467/710 2491/1493/720
f 2465/1467/710 2466/1468/711 2491/1493/720
f 2491/1493/720 2466/1468/711 2492/1494/720
f 2466/1468/711 2467/1469/712 2492/1494/720
f 2492/1494/720 2467/1469/712 2493/1495/720
f 2467/1469/712 2468/1470/713 2493/1495/720
f 2493/1495/720 2468/1470/713 2494/1496/720
f 2468/1470/713 2469/1471/714 2494/1496/720
f 2494/1496/720 2469/1471/714 2495/1497/720
f 2469/1471/714 2470/1472/715 2495/1497/720
f 2495/1497/720 2470/1472/715 2496/1498/720
f 2470/1472/715 2471/1473/716 2496/1498/720
f 2496/1498/720 2471/1473/716 2497/1499/720
f 2471/1473/716 2472/1474/717 2497/1499/720
f 2497/1499/720 2472/1474/717 2498/1500/720
f 2472/1474/717 2473/1475/718 2498/1500/720
f 2498/1500/720 2473/1475/718 2499/1501/719
f 2473/1475/718 2474/1476/695 2499/1501/719
f 2500/1502/721 2475/1477/719 2501/1503/708
f 2475/1477/719 2476/1478/720 2501/1503/708
f 2501/1503/708 2476/1478/720 2502/1504/709
f 2476/1478/720 2477/1479/720 2502/1504/709
f 2502/1504/709 2477/1479/720 2503/1505/710
f 2477/1479/720 2478/1480/720 2503/1505/710
f 2503/1505/710 2478/1480/720 2504/1506/711
f 2478/1480/720 2479/1481/720 2504/1506/711
f 2504/1506/711 2479/1481/720 2505/1507/722
f 2479/1481/720 2480/1482/720 2505/1507/722
f 2505/1507/722 2480/1482/720 2506/1508/713
f 2480/1482/720 2481/1483/720 2506/1508/713
f 2506/1508/713 2481/1483/720 2507/1509/714
f 2481/1483/720 2482/1484/720 2507/1509/714
f 2507/1509/714 2482/1484/720 2508/1510/715
f 2482/1484/720 2483/1485/720 2508/1510/715
f 2508/1510/715 2483/1485/720 2509/1511/723
f 2483/1485/720 2484/1486/720 2509/1511/723
f 2509/1511/723 2484/1486/720 2510/1512/717
f 2484/1486/720 2485/1487/720 2510/1512/717
f 2510/1512/717 2485/1487/720 2511/1513/718
f 2485/1487/720 2486/1488/720 2511/1513/718
f 2511/1513/718 2486/1488/720 2512/1514/695
f 2486/1488/720 2487/1489/719 2512/1514/695
f 2512/1514/695 2487/1489/719 2513/1515/696
f 2487/1489/719 2488/1490/720 2513/1515/696
f 2513/1515/696 2488/1490/720 2514/1516/697
f 2488/1490/720 2489/1491/719 2514/1516/697
f 2514/1516/697 2489/1491/719 2515/1517/724
f 2489/1491/719 2490/1492/720 2515/1517/724
f 2515/1517/724 2490/1492/720 2516/1518/699
f 2490/1492/720 2491/1493/720 2516/1518/699
f 2516/1518/699 2491/1493/720 2517/1519/700
f 2491/1493/720 2492/1494/720 2517/1519/700
f 2517/1519/700 2492/1494/720 2518/1520/701
f 2492/1494/720 2493/1495/720 2518/1520/701
f 2518/1520/701 2493/1495/720 2519/1521/725
f 2493/1495/720 2494/1496/720 2519/1521/725
f 2519/1521/725 2494/1496/720 2520/1522/703
f 2494/1496/720 2495/1497/720 2520/1522/703
f 2520/1522/703 2495/1497/720 2521/1523/704
f 2495/1497/720 2496/1498/720 2521/1523/704
f 2521/1523/704 2496/1498/720 2522/1524/726
f 2496/1498/720 2497/1499/720 2522/1524/726
f 2522/1524/726 2497/1499/720 2523/1525/706
f 2497/1499/720 2498/1500/720 2523/1525/706
f 2523/1525/706 2498/1500/720 2524/1526/721
f 2498/1500/720 2499/1501/719 2524/1526/721
f 2525/1527/727 2500/1502/721 2526/1528/692
f 2500/1502/721 2501/1503/708 2526/1528/692
f 2526/1528/692 2501/1503/708 2527/1529/637
f 2501/1503/708 2502/1504/709 2527/1529/637
f 2527/1529/637 2502/1504/709 2528/1530/728
f 2502/1504/709 2503/1505/710 2528/1530/728
f 2528/1530/728 2503/1505/710 2529/1531/641
f 2503/1505/710 2504/1506/711 2529/1531/641
f 2529/1531/641 2504/1506/711 2530/1532/643
f 2504/1506/711 2505/1507/722 2530/1532/643
f 2530/1532/643 2505/1507/722 2531/1533/645
f 2505/1507/722 2506/1508/713 2531/1533/645
f 2531/1533/645 2506/1508/713 2532/1534/647
f 2506/1508/713 2507/1509/714 2532/1534/647
f 2532/1534/647 2507/1509/714 2533/1535/729
f 2507/1509/714 2508/1510/715 2533/1535/729
f 2533/1535/729 2508/1510/715 2534/1536/694
f 2508/1510/715 2509/1511/723 2534/1536/694
f 2534/1536/694 2509/1511/723 2535/1537/653
f 2509/1511/723 2510/1512/717 2535/1537/653
f 2535/1537/653 2510/1512/717 2536/1538/730
f 2510/1512/717 2511/1513/718 2536/1538/730
f 2536/1538/730 2511/1513/718 2537/1539/731
f 2511/1513/718 2512/1514/695 2537/1539/731
f 2537/1539/731 2512/1514/695 2538/1540/732
f 2512/1514/695 2513/1515/696 2538/1540/732
f 2538/1540/732 2513/1515/696 2539/1541/733
f 2513/1515/696 2514/1516/697 2539/1541/733
f 2539/1541/733 2514/1516/697 2540/1542/687
f 2514/1516/697 2515/1517/724 2540/1542/687
f 2540/1542/687 2515/1517/724 2541/1543/734
f 2515/1517/724 2516/1518/699 2541/1543/734
f 2541/1543/734 2516/1518/699 2542/1544/688
f 2516/1518/699 2517/1519/700 2542/1544/688
f 2542/1544/688 2517/1519/700 2543/1545/669
f 2517/1519/700 2518/1520/701 2543/1545/669
f 2543/1545/669 2518/1520/701 2544/1546/735
f 2518/1520/701 2519/1521/725 2544/1546/735
f 2544/1546/735 2519/1521/725 2545/1547/689
f 2519/1521/725 2520/1522/703 2545/1547/689
f 2545/1547/689 2520/1522/703 2546/1548/736
f 2520/1522/703 2521/1523/704 2546/1548/736
f 2546/1548/736 2521/1523/704 2547/1549/677
f 2521/1523/704 2522/1524/726 2547/1549/677
f 2547/1549/677 2522/1524/726 2548/1550/691
f 2522/1524/726 2523/1525/706 2548/1550/691
f 2548/1550/691 2523/1525/706 2549/1551/727
f 2523/1525/706 2524/1526/721 2549/1551/727
o green_ring5
v 1.538736 0.165480 0.000849
v 1.538729 0.159686 0.044848
v 1.538711 0.142704 0.085849
v 1.538682 0.115687 0.121057
v 1.538644 0.080479 0.148073
v 1.538600 0.039479 0.165056
v 1.538553 -0.004520 0.170849
v 1.538506 -0.048519 0.165056
v 1.538463 -0.089521 0.148073
v 1.538424 -0.124729 0.121057
v 1.538396 -0.151745 0.085849
v 1.538378 -0.168728 0.044848
v 1.538372 -0.174520 0.000849
v 1.538378 -0.168728 -0.043150
v 1.538396 -0.151745 -0.084151
v 1.538424 -0.124729 -0.119359
v 1.538463 -0.089521 -0.146375
v 1.538506 -0.048519 -0.163358
v 1.538553 -0.004520 -0.169151
v 1.538600 0.039479 -0.163358
v 1.538644 0.080479 -0.146375
v 1.538682 0.115687 -0.119359
v 1.538711 0.142704 -0.084151
v 1.538729 0.159686 -0.043150
v 1.538736 0.165480 0.000849
v 1.551458 0.160194 0.000849
v 1.551452 0.154581 0.043484
v 1.551434 0.138124 0.083213
v 1.551406 0.111946 0.117329
v 1.551369 0.077830 0.143508
v 1.551327 0.038101 0.159964
v 1.551281 -0.004534 0.165577
v 1.551236 -0.047169 0.159964
v 1.551193 -0.086898 0.143508
v 1.551156 -0.121015 0.117329
v 1.551128 -0.147193 0.083213
v 1.551111 -0.163650 0.043484
v 1.551105 -0.169263 0.000849
v 1.551111 -0.163650 -0.041786
v 1.551128 -0.147193 -0.081515
v 1.551156 -0.121015 -0.115631
v 1.551193 -0.086898 -0.141810
v 1.551236 -0.047169 -0.158266
v 1.551281 -0.004534 -0.163879
v 1.551327 0.038101 -0.158266
v 1.551369 0.077830 -0.141810
v 1.551406 0.111946 -0.115631
v 1.551434 0.138124 -0.081515
v 1.551452 0.154581 -0.041786
v 1.551458 0.160194 0.000849
v 1.556716 0.147460 0.000849
v 1.556711 0.142281 0.040189
v 1.556694 0.127096 0.076849
v 1.556669 0.102940 0.108329
v 1.556634 0.071460 0.132485
v 1.556595 0.034801 0.147670
v 1.556553 -0.004540 0.152849
v 1.556511 -0.043881 0.147670
v 1.556472 -0.080540 0.132485
v 1.556438 -0.112021 0.108329
v 1.556412 -0.136176 0.076849
v 1.556396 -0.151360 0.040189
v 1.556390 -0.156540 0.000849
v 1.556396 -0.151360 -0.038491
v 1.556412 -0.136176 -0.075151
v 1.556438 -0.112021 -0.106631
v 1.556472 -0.080540 -0.130787
v 1.556511 -0.043881 -0.145972
v 1.556553 -0.004540 -0.151151
v 1.556595 0.034801 -0.145972
v 1.556634 0.071460 -0.130787
v 1.556669 0.102940 -0.106631
v 1.556694 0.127096 -0.075151
v 1.556711 0.142281 -0.038491
v 1.556716 0.147460 0.000849
v 1.551431 0.134738 0.000849
v 1.551425 0.129992 0.036895
v 1.551410 0.116078 0.070485
v 1.551387 0.093946 0.099329
v 1.551355 0.065102 0.121462
v 1.551320 0.031512 0.135375
v 1.551281 -0.004534 0.140121
v 1.551242 -0.040581 0.135375
v 1.551207 -0.074170 0.121462
v 1.551176 -0.103015 0.099329
v 1.551152 -0.125147 0.070485
v 1.551138 -0.139060 0.036895
v 1.551132 -0.143807 0.000849
v 1.551138 -0.139060 -0.035197
v 1.551152 -0.125147 -0.068787
v 1.551176 -0.103015 -0.097631
v 1.551207 -0.074170 -0.119764
v 1.551242 -0.040581 -0.133677
v 1.551281 -0.004534 -0.138423
v 1.551320 0.031512 -0.133677
v 1.551355 0.065102 -0.119764
v 1.551387 0.093946 -0.097631
v 1.551410 0.116078 -0.068787
v 1.551425 0.129992 -0.035197
v 1.551431 0.134738 0.000849
v 1.538697 0.129479 0.000849
v 1.538692 0.124913 0.035531
v 1.538678 0.111527 0.067849
v 1.538655 0.090232 0.095601
v 1.538625 0.062479 0.116896
v 1.538591 0.030161 0.130283
v 1.538553 -0.004520 0.134849
v 1.538516 -0.039203 0.130283
v 1.538482 -0.071521 0.116896
v 1.538452 -0.099273 0.095601
v 1.538429 -0.120569 0.067849
v 1.538415 -0.133955 0.035531
v 1.538410 -0.138521 0.000849
v 1.538415 -0.133955 -0.033833
v 1.538429 -0.120569 -0.066151
v 1.538452 -0.099273 -0.093903
v 1.538482 -0.071521 -0.115198
v 1.538516 -0.039203 -0.128585
v 1.538553 -0.004520 -0.133151
v 1.538591 0.030161 -0.128585
v 1.538625 0.062479 -0.115198
v 1.538655 0.090232 -0.093903
v 1.538678 0.111527 -0.066151
v 1.538692 0.124913 -0.033833
v 1.538697 0.129479 0.000849
v 1.525975 0.134765 0.000849
v 1.525969 0.130020 0.036895
v 1.525954 0.116106 0.070485
v 1.525931 0.093973 0.099329
v 1.525900 0.065129 0.121462
v 1.525864 0.031539 0.135375
v 1.525825 -0.004507 0.140121
v 1.525787 -0.040554 0.135375
v 1.525751 -0.074143 0.121462
v 1.525720 -0.102988 0.099329
v 1.525697 -0.125120 0.070485
v 1.525682 -0.139033 0.036895
v 1.525677 -0.143779 0.000849
v 1.525682 -0.139033 -0.035197
v 1.525697 -0.125120 -0.068787
v 1.525720 -0.102988 -0.097631
v 1.525751 -0.074143 -0.119764
v 1.525787 -0.040554 -0.133677
v 1.525825 -0.004507 -0.138423
v 1.525864 0.031539 -0.133677
v 1.525900 0.065129 -0.119764
v 1.525931 0.093973 -0.097631
v 1.525954 0.116106 -0.068787
v 1.525969 0.130020 -0.035197
v 1.525975 0.134765 0.000849
v 1.520716 0.147499 0.000849
v 1.520711 0.142320 0.040189
v 1.520695 0.127134 0.076849
v 1.520669 0.102979 0.108329
v 1.520634 0.071498 0.132485
v 1.520595 0.034839 0.147670
v 1.520553 -0.004501 0.152849
v 1.520511 -0.043842 0.147670
v 1.520472 -0.080501 0.132485
v 1.520439 -0.111982 0.108329
v 1.520413 -0.136137 0.076849
v 1.520397 -0.151322 0.040189
v 1.520391 -0.156502 0.000849
v 1.520397 -0.151322 -0.038491
v 1.520413 -0.136137 -0.075151
v 1.520439 -0.111982 -0.106631
v 1.520472 -0.080501 -0.130787
v 1.520511 -0.043842 -0.145972
v 1.520553 -0.004501 -0.151151
v 1.520595 0.034839 -0.145972
v 1.520634 0.071498 -0.130787
v 1.520669 0.102979 -0.106631
v 1.520695 0.127134 -0.075151
v 1.520711 0.142320 -0.038491
v 1.520716 0.147499 0.000849
v 1.526002 0.160221 0.000849
v 1.525996 0.154608 0.043484
v 1.525978 0.138151 0.083213
v 1.525950 0.111973 0.117329
v 1.525913 0.077857 0.143508
v 1.525871 0.038128 0.159964
v 1.525825 -0.004507 0.165577
v 1.525780 -0.047142 0.159964
v 1.525738 -0.086871 0.143508
v 1.525700 -0.120988 0.117329
v 1.525672 -0.147166 0.083213
v 1.525655 -0.163622 0.043484
v 1.525649 -0.169234 0.000849
v 1.525655 -0.163622 -0.041786
v 1.525672 -0.147166 -0.081515
v 1.525700 -0.120988 -0.115631
v 1.525738 -0.086871 -0.141810
v 1.525780 -0.047142 -0.158266
v 1.525825 -0.004507 -0.163879
v 1.525871 0.038128 -0.158266
v 1.525913 0.077857 -0.141810
v 1.525950 0.111973 -0.115631
v 1.525978 0.138151 -0.081515
v 1.525996 0.154608 -0.041786
v 1.526002 0.160221 0.000849
v 1.538736 0.165480 0.000849
v 1.538729 0.159686 0.044848
v 1.538711 0.142704 0.085849
v 1.538682 0.115687 0.121057
v 1.538644 0.080479 0.148073
v 1.538600 0.039479 0.165056
v 1.538553 -0.004520 0.170849
v 1.538506 -0.048519 0.165056
v 1.538463 -0.089521 0.148073
v 1.538424 -0.124729 0.121057
v 1.538396 -0.151745 0.085849
v 1.538378 -0.168728 0.044848
v 1.538372 -0.174520 0.000849
v 1.538378 -0.168728 -0.043150
v 1.538396 -0.151745 -0.084151
v 1.538424 -0.124729 -0.119359
v 1.538463 -0.089521 -0.146375
v 1.538506 -0.048519 -0.163358
v 1.538553 -0.004520 -0.169151
v 1.538600 0.039479 -0.163358
v 1.538644 0.080479 -0.146375
v 1.538682 0.115687 -0.119359
v 1.538711 0.142704 -0.084151
v 1.538729 0.159686 -0.043150
v 1.538736 0.165480 0.000849
vn 0.7078 0.7064 -0.0000
vn 0.0012 1.0000 -0.0000
vn 0.7078 0.6823 0.1830
vn 0.0011 0.9659 0.2588
vn 0.7078 0.6116 0.3536
vn 0.0010 0.8660 0.5000
vn 0.7076 0.4992 0.5000
vn 0.0008 0.7071 0.7071
vn 0.7075 0.3528 0.6124
vn 0.0006 0.5000 0.8660
vn 0.7073 0.1823 0.6830
vn 0.0003 0.2588 0.9659
vn 0.7071 -0.0008 0.7071
vn -0.0000 -0.0000 1.0000
vn 0.7069 -0.1838 0.6830
vn -0.0003 -0.2588 0.9659
vn 0.7067 -0.3544 0.6124
vn -0.0005 -0.5000 0.8660
vn 0.7065 -0.5008 0.5000
vn -0.0006 -0.7071 0.7071
vn 0.7065 -0.6131 0.3536
vn -0.0009 -0.8660 0.5000
vn 0.7064 -0.6838 0.1830
vn -0.0009 -0.9659 0.2588
vn 0.7063 -0.7079 -0.0000
vn -0.0010 -1.0000 -0.0000
vn 0.7064 -0.6838 -0.1830
vn -0.0010 -0.9659 -0.2588
vn 0.7065 -0.6131 -0.3536
vn -0.0009 -0.8660 -0.5000
vn 0.7065 -0.5008 -0.5000
vn -0.0007 -0.7071 -0.7071
vn 0.7067 -0.3544 -0.6124
vn -0.0005 -0.5000 -0.8660
vn 0.7069 -0.1838 -0.6830
vn -0.0002 -0.2588 -0.9659
vn 0.7071 -0.0008 -0.7071
vn -0.0000 -0.0000 -1.0000
vn 0.7073 0.1823 -0.6830
vn 0.0003 0.2588 -0.9659
vn 0.7075 0.3528 -0.6124
vn 0.0007 0.5001 -0.8660
vn 0.7076 0.4992 -0.5000
vn 0.0008 0.7071 -0.7071
vn 0.7078 0.6116 -0.3536
vn 0.0010 0.8660 -0.5000
vn 0.7078 0.6823 -0.1830
vn 0.0011 0.9659 -0.2588
vn 1.0000 -0.0010 -0.0000
vn 1.0000 -0.0011 -0.0000
vn 0.7064 -0.7078 -0.0000
vn 0.7064 -0.6132 -0.3536
vn 0.7077 0.4992 -0.5000
vn 0.7079 0.7064 -0.0000
vn 0.7077 0.4992 0.5000
vn 0.7064 -0.6131 0.3536
vn 0.7064 -0.6837 0.1830
vn -0.0008 -0.7071 -0.7071
vn -0.0003 -0.2588 -0.9659
vn 0.0005 0.5000 -0.8660
vn 0.0009 0.8660 -0.5000
vn 0.0010 0.9659 -0.2588
vn 0.0011 1.0000 -0.0000
vn 0.0010 0.9659 0.2588
vn 0.0009 0.8660 0.5000
vn 0.0007 0.7071 0.7071
vn 0.0005 0.5000 0.8660
vn -0.0007 -0.7071 0.7071
vn -0.0010 -0.9659 0.2588
vn -0.7079 -0.7064 -0.0000
vn -0.7078 -0.6823 -0.1830
vn -0.7078 -0.6116 -0.3536
vn -0.7077 -0.4992 -0.5000
vn -0.7075 -0.3528 -0.6124
vn -0.7073 -0.1823 -0.6830
vn -0.7071 0.0008 -0.7071
vn -0.7069 0.1838 -0.6830
vn -0.7067 0.3544 -0.6124
vn -0.7065 0.5008 -0.5000
vn -0.7064 0.6131 -0.3536
vn -0.7064 0.6837 -0.1830
vn -0.7064 0.7078 -0.0000
vn -0.7064 0.6837 0.1830
vn -0.7064 0.6132 0.3536
vn -0.7065 0.5008 0.5000
vn -0.7067 0.3544 0.6124
vn -0.7069 0.1838 0.6830
vn -0.7071 0.0008 0.7071
vn -0.7073 -0.1823 0.6830
vn -0.7075 -0.3528 0.6124
vn -0.7077 -0.4992 0.5000
vn -0.7078 -0.6116 0.3536
vn -0.7078 -0.6823 0.1830
vn -1.0000 0.0012 -0.0000
vn -1.0000 0.0010 -0.0000
vn -1.0000 0.0011 -0.0000
vn -0.7064 0.7079 -0.0000
vn -0.7064 0.6838 0.1830
vn -0.7065 0.6131 0.3536
vn -0.7078 -0.7064 -0.0000
vn -0.7065 0.6131 -0.3536
vn -0.7064 0.6838 -0.1830
vn 0.0010 1.0000 -0.0000
vn 0.0002 0.2588 0.9659
vn -0.0008 -0.7071 0.7071
vn -0.0010 -0.8660 0.5000
vn -0.0011 -0.9659 0.2588
vn -0.0012 -1.0000 -0.0000
vn -0.0011 -0.9659 -0.2588
vn -0.0010 -0.8660 -0.5000
vn 0.0002 0.2588 -0.9659
vn 0.0007 0.7071 -0.7071
vt 0.000000 0.125000
vt 0.000000 0.000000
vt 0.041667 0.125000
vt 0.041667 0.000000
vt 0.083333 0.125000
vt 0.083333 0.000000
vt 0.125000 0.125000
vt 0.125000 0.000000
vt 0.166667 0.125000
vt 0.166667 0.000000
vt 0.208333 0.125000
vt 0.208333 0.000000
vt 0.250000 0.125000
vt 0.250000 0.000000
vt 0.291667 0.125000
vt 0.291667 0.000000
vt 0.333333 0.125000
vt 0.333333 0.000000
vt 0.375000 0.125000
vt 0.375000 0.000000
vt 0.416667 0.125000
vt 0.416667 0.000000
vt 0.458333 0.125000
vt 0.458333 0.000000
vt 0.500000 0.125000
vt 0.500000 0.000000
vt 0.541667 0.125000
vt 0.541667 0.000000
vt 0.583333 0.125000
vt 0.583333 0.000000
vt 0.625000 0.125000
vt 0.625000 0.000000
vt 0.666667 0.125000
vt 0.666667 0.000000
vt 0.708333 0.125000
vt 0.708333 0.000000
vt 0.750000 0.125000
vt 0.750000 0.000000
vt 0.791667 0.125000
vt 0.791667 0.000000
vt 0.833333 0.125000
vt 0.833333 0.000000
vt 0.875000 0.125000
vt 0.875000 0.000000
vt 0.916667 0.125000
vt 0.916667 0.000000
vt 0.958333 0.125000
vt 0.958333 0.000000
vt 1.000000 0.125000
vt 1.000000 0.000000
vt 0.000000 0.250000
vt 0.041667 0.250000
vt 0.083333 0.250000
vt 0.125000 0.250000
vt 0.166667 0.250000
vt 0.208333 0.250000
vt 0.250000 0.250000
vt 0.291667 0.250000
vt 0.333333 0.250000
vt 0.375000 0.250000
vt 0.416667 0.250000
vt 0.458333 0.250000
vt 0.500000 0.250000
vt 0.541667 0.250000
vt 0.583333 0.250000
vt 0.625000 0.250000
vt 0.666667 0.250000
vt 0.708333 0.250000
vt 0.750000 0.250000
vt 0.791667 0.250000
vt 0.833333 0.250000
vt 0.875000 0.250000
vt 0.916667 0.250000
vt 0.958333 0.250000
vt 1.000000 0.250000
vt 0.000000 0.375000
vt 0.041667 0.375000
vt 0.083333 0.375000
vt 0.125000 0.375000
vt 0.166667 0.375000
vt 0.208333 0.375000
vt 0.250000 0.375000
vt 0.291667 0.375000
vt 0.333333 0.375000
vt 0.375000 0.375000
vt 0.416667 0.375000
vt 0.458333 0.375000
vt 0.500000 0.375000
vt 0.541667 0.375000
vt 0.583333 0.375000
vt 0.625000 0.375000
vt 0.666667 0.375000
vt 0.708333 0.375000
vt 0.750000 0.375000
vt 0.791667 0.375000
vt 0.833333 0.375000
vt 0.875000 0.375000
vt 0.916667 0.375000
vt 0.958333 0.375000
vt 1.000000 0.375000
vt 0.000000 0.500000
vt 0.041667 0.500000
vt 0.083333 0.500000
vt 0.125000 0.500000
vt 0.166667 0.500000
vt 0.208333 0.500000
vt 0.250000 0.500000
vt 0.291667 0.500000
vt 0.333333 0.500000
vt 0.375000 0.500000
vt 0.416667 0.500000
vt 0.458333 0.500000
vt 0.500000 0.500000
vt 0.541667 0.500000
vt 0.583333 0.500000
vt 0.625000 0.500000
vt 0.666667 0.500000
vt 0.708333 0.500000
vt 0.750000 0.500000
vt 0.791667 0.500000
vt 0.833333 0.500000
vt 0.875000 0.500000
vt 0.916667 0.500000
vt 0.958333 0.500000
vt 1.000000 0.500000
vt 0.000000 0.625000
vt 0.041667 0.625000
vt 0.083333 0.625000
vt 0.125000 0.625000
vt 0.166667 0.625000
vt 0.208333 0.625000
vt 0.250000 0.625000
vt 0.291667 0.625000
vt 0.333333 0.625000
vt 0.375000 0.625000
vt 0.416667 0.625000
vt 0.458333 0.625000
vt 0.500000 0.625000
vt 0.541667 0.625000
vt 0.583333 0.625000
vt 0.625000 0.625000
vt 0.666667 0.625000
vt 0.708333 0.625000
vt 0.750000 0.625000
vt 0.791667 0.625000
vt 0.833333 0.625000
vt 0.875000 0.625000
vt 0.916667 0.625000
vt 0.958333 0.625000
vt 1.000000 0.625000
vt 0.000000 0.750000
vt 0.041667 0.750000
vt 0.083333 0.750000
vt 0.125000 0.750000
vt 0.166667 0.750000
vt 0.208333 0.750000
vt 0.250000 0.750000
vt 0.291667 0.750000
vt 0.333333 0.750000
vt 0.375000 0.750000
vt 0.416667 0.750000
vt 0.458333 0.750000
vt 0.500000 0.750000
vt 0.541667 0.750000
vt 0.583333 0.750000
vt 0.625000 0.750000
vt 0.666667 0.750000
vt 0.708333 0.750000
vt 0.750000 0.750000
vt 0.791667 0.750000
vt 0.833333 0.750000
vt 0.875000 0.750000
vt 0.916667 0.750000
vt 0.958333 0.750000
vt 1.000000 0.750000
vt 0.000000 0.875000
vt 0.041667 0.875000
vt 0.083333 0.875000
vt 0.125000 0.875000
vt 0.166667 0.875000
vt 0.208333 0.875000
vt 0.250000 0.875000
vt 0.291667 0.875000
vt 0.333333 0.875000
vt 0.375000 0.875000
vt 0.416667 0.875000
vt 0.458333 0.875000
vt 0.500000 0.875000
vt 0.541667 0.875000
vt 0.583333 0.875000
vt 0.625000 0.875000
vt 0.666667 0.875000
vt 0.708333 0.875000
vt 0.750000 0.875000
vt 0.791667 0.875000
vt 0.833333 0.875000
vt 0.875000 0.875000
vt 0.916667 0.875000
vt 0.958333 0.875000
vt 1.000000 0.875000
vt 0.000000 1.000000
vt 0.041667 1.000000
vt 0.083333 1.000000
vt 0.125000 1.000000
vt 0.166667 1.000000
vt 0.208333 1.000000
vt 0.250000 1.000000
vt 0.291667 1.000000
vt 0.333333 1.000000
vt 0.375000 1.000000
vt 0.416667 1.000000
vt 0.458333 1.000000
vt 0.500000 1.000000
vt 0.541667 1.000000
vt 0.583333 1.000000
vt 0.625000 1.000000
vt 0.666667 1.000000
vt 0.708333 1.000000
vt 0.750000 1.000000
vt 0.791667 1.000000
vt 0.833333 1.000000
vt 0.875000 1.000000
vt 0.916667 1.000000
vt 0.958333 1.000000
vt 1.000000 1.000000
s 1
usemtl brass
f 2575/1552/737 2550/1553/738 2576/1554/739
f 2550/1553/738 2551/1555/740 2576/1554/739
f 2576/1554/739 2551/1555/740 2577/1556/741
f 2551/1555/740 2552/1557/742 2577/1556/741
f 2577/1556/741 2552/1557/742 2578/1558/743
f 2552/1557/742 2553/1559/744 2578/1558/743
f 2578/1558/743 2553/1559/744 2579/1560/745
f 2553/1559/744 2554/1561/746 2579/1560/745
f 2579/1560/745 2554/1561/746 2580/1562/747
f 2554/1561/746 2555/1563/748 2580/1562/747
f 2580/1562/747 2555/1563/748 2581/1564/749
f 2555/1563/748 2556/1565/750 2581/1564/749
f 2581/1564/749 2556/1565/750 2582/1566/751
f 2556/1565/750 2557/1567/752 2582/1566/751
f 2582/1566/751 2557/1567/752 2583/1568/753
f 2557/1567/752 2558/1569/754 2583/1568/753
f 2583/1568/753 2558/1569/754 2584/1570/755
f 2558/1569/754 2559/1571/756 2584/1570/755
f 2584/1570/755 2559/1571/756 2585/1572/757
f 2559/1571/756 2560/1573/758 2585/1572/757
f 2585/1572/757 2560/1573/758 2586/1574/759
f 2560/1573/758 2561/1575/760 2586/1574/759
f 2586/1574/759 2561/1575/760 2587/1576/761
f 2561/1575/760 2562/1577/762 2587/1576/761
f 2587/1576/761 2562/1577/762 2588/1578/763
f 2562/1577/762 2563/1579/764 2588/1578/763
f 2588/1578/763 2563/1579/764 2589/1580/765
f 2563/1579/764 2564/1581/766 2589/1580/765
f 2589/1580/765 2564/1581/766 2590/1582/767
f 2564/1581/766 2565/1583/768 2590/1582/767
f 2590/1582/767 2565/1583/768 2591/1584/769
f 2565/1583/768 2566/1585/770 2591/1584/769
f 2591/1584/769 2566/1585/770 2592/1586/771
f 2566/1585/770 2567/1587/772 2592/1586/771
f 2592/1586/771 2567/1587/772 2593/1588/773
f 2567/1587/772 2568/1589/774 2593/1588/773
f 2593/1588/773 2568/1589/774 2594/1590/775
f 2568/1589/774 2569/1591/776 2594/1590/775
f 2594/1590/775 2569/1591/776 2595/1592/777
f 2569/1591/776 2570/1593/778 2595/1592/777
f 2595/1592/777 2570/1593/778 2596/1594/779
f 2570/1593/778 2571/1595/780 2596/1594/779
f 2596/1594/779 2571/1595/780 2597/1596/781
f 2571/1595/780 2572/1597/782 2597/1596/781
f 2597/1596/781 2572/1597/782 2598/1598/783
f 2572/1597/782 2573/1599/784 2598/1598/783
f 2598/1598/783 2573/1599/784 2599/1600/737
f 2573/1599/784 2574/1601/738 2599/1600/737
f 2600/1602/785 2575/1552/737 2601/1603/785
f 2575/1552/737 2576/1554/739 2601/1603/785
f 2601/1603/785 2576/1554/739 2602/1604/785
f 2576/1554/739 2577/1556/741 2602/1604/785
f 2602/1604/785 2577/1556/741 2603/1605/785
f 2577/1556/741 2578/1558/743 2603/1605/785
f 2603/1605/785 2578/1558/743 2604/1606/785
f 2578/1558/743 2579/1560/745 2604/1606/785
f 2604/1606/785 2579/1560/745 2605/1607/785
f 2579/1560/745 2580/1562/747 2605/1607/785
f 2605/1607/785 2580/1562/747 2606/1608/785
f 2580/1562/747 2581/1564/749 2606/1608/785
f 2606/1608/785 2581/1564/749 2607/1609/785
f 2581/1564/749 2582/1566/751 2607/1609/785
f 2607/1609/785 2582/1566/751 2608/1610/785
f 2582/1566/751 2583/1568/753 2608/1610/785
f 2608/1610/785 2583/1568/753 2609/1611/785
f 2583/1568/753 2584/1570/755 2609/1611/785
f 2609/1611/785 2584/1570/755 2610/1612/785
f 2584/1570/755 2585/1572/757 2610/1612/785
f 2610/1612/785 2585/1572/757 2611/1613/786
f 2585/1572/757 2586/1574/759 2611/1613/786
f 2611/1613/786 2586/1574/759 2612/1614/785
f 2586/1574/759 2587/1576/761 2612/1614/785
f 2612/1614/785 2587/1576/761 2613/1615/786
f 2587/1576/761 2588/1578/763 2613/1615/786
f 2613/1615/786 2588/1578/763 2614/1616/785
f 2588/1578/763 2589/1580/765 2614/1616/785
f 2614/1616/785 2589/1580/765 2615/1617/786
f 2589/1580/765 2590/1582/767 2615/1617/786
f 2615/1617/786 2590/1582/767 2616/1618/785
f 2590/1582/767 2591/1584/769 2616/1618/785
f 2616/1618/785 2591/1584/769 2617/1619/785
f 2591/1584/769 2592/1586/771 2617/1619/785
f 2617/1619/785 2592/1586/771 2618/1620/785
f 2592/1586/771 2593/1588/773 2618/1620/785
f 2618/1620/785 2593/1588/773 2619/1621/785
f 2593/1588/773 2594/1590/775 2619/1621/785
f 2619/1621/785 2594/1590/775 2620/1622/785
f 2594/1590/775 2595/1592/777 2620/1622/785
f 2620/1622/785 2595/1592/777 2621/1623/785
f 2595/1592/777 2596/1594/779 2621/1623/785
f 2621/1623/785 2596/1594/779 2622/1624/785
f 2596/1594/779 2597/1596/781 2622/1624/785
f 2622/1624/785 2597/1596/781 2623/1625/785
f 2597/1596/781 2598/1598/783 2623/1625/785
f 2623/1625/785 2598/1598/783 2624/1626/785
f 2598/1598/783 2599/1600/737 2624/1626/785
f 2625/1627/787 2600/1602/785 2626/1628/763
f 2600/1602/785 2601/1603/785 2626/1628/763
f 2626/1628/763 2601/1603/785 2627/1629/788
f 2601/1603/785 2602/1604/785 2627/1629/788
f 2627/1629/788 2602/1604/785 2628/1630/767
f 2602/1604/785 2603/1605/785 2628/1630/767
f 2628/1630/767 2603/1605/785 2629/1631/769
f 2603/1605/785 2604/1606/785 2629/1631/769
f 2629/1631/769 2604/1606/785 2630/1632/771
f 2604/1606/785 2605/1607/785 2630/1632/771
f 2630/1632/771 2605/1607/785 2631/1633/773
f 2605/1607/785 2606/1608/785 2631/1633/773
f 2631/1633/773 2606/1608/785 2632/1634/775
f 2606/1608/785 2607/1609/785 2632/1634/775
f 2632/1634/775 2607/1609/785 2633/1635/777
f 2607/1609/785 2608/1610/785 2633/1635/777
f 2633/1635/777 2608/1610/785 2634/1636/789
f 2608/1610/785 2609/1611/785 2634/1636/789
f 2634/1636/789 2609/1611/785 2635/1637/781
f 2609/1611/785 2610/1612/785 2635/1637/781
f 2635/1637/781 2610/1612/785 2636/1638/783
f 2610/1612/785 2611/1613/786 2636/1638/783
f 2636/1638/783 2611/1613/786 2637/1639/790
f 2611/1613/786 2612/1614/785 2637/1639/790
f 2637/1639/790 2612/1614/785 2638/1640/739
f 2612/1614/785 2613/1615/786 2638/1640/739
f 2638/1640/739 2613/1615/786 2639/1641/741
f 2613/1615/786 2614/1616/785 2639/1641/741
f 2639/1641/741 2614/1616/785 2640/1642/791
f 2614/1616/785 2615/1617/786 2640/1642/791
f 2640/1642/791 2615/1617/786 2641/1643/745
f 2615/1617/786 2616/1618/785 2641/1643/745
f 2641/1643/745 2616/1618/785 2642/1644/747
f 2616/1618/785 2617/1619/785 2642/1644/747
f 2642/1644/747 2617/1619/785 2643/1645/749
f 2617/1619/785 2618/1620/785 2643/1645/749
f 2643/1645/749 2618/1620/785 2644/1646/751
f 2618/1620/785 2619/1621/785 2644/1646/751
f 2644/1646/751 2619/1621/785 2645/1647/753
f 2619/1621/785 2620/1622/785 2645/1647/753
f 2645/1647/753 2620/1622/785 2646/1648/755
f 2620/1622/785 2621/1623/785 2646/1648/755
f 2646/1648/755 2621/1623/785 2647/1649/792
f 2621/1623/785 2622/1624/785 2647/1649/792
f 2647/1649/792 2622/1624/785 2648/1650/793
f 2622/1624/785 2623/1625/785 2648/1650/793
f 2648/1650/793 2623/1625/785 2649/1651/787
f 2623/1625/785 2624/1626/785 2649/1651/787
f 2650/1652/762 2625/1627/787 2651/1653/764
f 2625/1627/787 2626/1628/763 2651/1653/764
f 2651/1653/764 2626/1628/763 2652/1654/766
f 2626/1628/763 2627/1629/788 2652/1654/766
f 2652/1654/766 2627/1629/788 2653/1655/794
f 2627/1629/788 2628/1630/767 2653/1655/794
f 2653/1655/794 2628/1630/767 2654/1656/770
f 2628/1630/767 2629/1631/769 2654/1656/770
f 2654/1656/770 2629/1631/769 2655/1657/795
f 2629/1631/769 2630/1632/771 2655/1657/795
f 2655/1657/795 2630/1632/771 2656/1658/774
f 2630/1632/771 2631/1633/773 2656/1658/774
f 2656/1658/774 2631/1633/773 2657/1659/776
f 2631/1633/773 2632/1634/775 2657/1659/776
f 2657/1659/776 2632/1634/775 2658/1660/796
f 2632/1634/775 2633/1635/777 2658/1660/796
f 2658/1660/796 2633/1635/777 2659/1661/780
f 2633/1635/777 2634/1636/789 2659/1661/780
f 2659/1661/780 2634/1636/789 2660/1662/797
f 2634/1636/789 2635/1637/781 2660/1662/797
f 2660/1662/797 2635/1637/781 2661/1663/798
f 2635/1637/781 2636/1638/783 2661/1663/798
f 2661/1663/798 2636/1638/783 2662/1664/799
f 2636/1638/783 2637/1639/790 2662/1664/799
f 2662/1664/799 2637/1639/790 2663/1665/800
f 2637/1639/790 2638/1640/739 2663/1665/800
f 2663/1665/800 2638/1640/739 2664/1666/801
f 2638/1640/739 2639/1641/741 2664/1666/801
f 2664/1666/801 2639/1641/741 2665/1667/802
f 2639/1641/741 2640/1642/791 2665/1667/802
f 2665/1667/802 2640/1642/791 2666/1668/803
f 2640/1642/791 2641/1643/745 2666/1668/803
f 2666/1668/803 2641/1643/745 2667/1669/748
f 2641/1643/745 2642/1644/747 2667/1669/748
f 2667/1669/748 2642/1644/747 2668/1670/750
f 2642/1644/747 2643/1645/749 2668/1670/750
f 2668/1670/750 2643/1645/749 2669/1671/752
f 2643/1645/749 2644/1646/751 2669/1671/752
f 2669/1671/752 2644/1646/751 2670/1672/754
f 2644/1646/751 2645/1647/753 2670/1672/754
f 2670/1672/754 2645/1647/753 2671/1673/804
f 2645/1647/753 2646/1648/755 2671/1673/804
f 2671/1673/804 2646/1648/755 2672/1674/758
f 2646/1648/755 2647/1649/792 2672/1674/758
f 2672/1674/758 2647/1649/792 2673/1675/805
f 2647/1649/792 2648/1650/793 2673/1675/805
f 2673/1675/805 2648/1650/793 2674/1676/762
f 2648/1650/793 2649/1651/787 2674/1676/762
f 2675/1677/806 2650/1652/762 2676/1678/807
f 2650/1652/762 2651/1653/764 2676/1678/807
f 2676/1678/807 2651/1653/764 2677/1679/808
f 2651/1653/764 2652/1654/766 2677/1679/808
f 2677/1679/808 2652/1654/766 2678/1680/809
f 2652/1654/766 2653/1655/794 2678/1680/809
f 2678/1680/809 2653/1655/794 2679/1681/810
f 2653/1655/794 2654/1656/770 2679/1681/810
f 2679/1681/810 2654/1656/770 2680/1682/811
f 2654/1656/770 2655/1657/795 2680/1682/811
f 2680/1682/811 2655/1657/795 2681/1683/812
f 2655/1657/795 2656/1658/774 2681/1683/812
f 2681/1683/812 2656/1658/774 2682/1684/813
f 2656/1658/774 2657/1659/776 2682/1684/813
f 2682/1684/813 2657/1659/776 2683/1685/814
f 2657/1659/776 2658/1660/796 2683/1685/814
f 2683/1685/814 2658/1660/796 2684/1686/815
f 2658/1660/796 2659/1661/780 2684/1686/815
f 2684/1686/815 2659/1661/780 2685/1687/816
f 2659/1661/780 2660/1662/797 2685/1687/816
f 2685/1687/816 2660/1662/797 2686/1688/817
f 2660/1662/797 2661/1663/798 2686/1688/817
f 2686/1688/817 2661/1663/798 2687/1689/818
f 2661/1663/798 2662/1664/799 2687/1689/818
f 2687/1689/818 2662/1664/799 2688/1690/819
f 2662/1664/799 2663/1665/800 2688/1690/819
f 2688/1690/819 2663/1665/800 2689/1691/820
f 2663/1665/800 2664/1666/801 2689/1691/820
f 2689/1691/820 2664/1666/801 2690/1692/821
f 2664/1666/801 2665/1667/802 2690/1692/821
f 2690/1692/821 2665/1667/802 2691/1693/822
f 2665/1667/802 2666/1668/803 2691/1693/822
f 2691/1693/822 2666/1668/803 2692/1694/823
f 2666/1668/803 2667/1669/748 2692/1694/823
f 2692/1694/823 2667/1669/748 2693/1695/824
f 2667/1669/748 2668/1670/750 2693/1695/824
f 2693/1695/824 2668/1670/750 2694/1696/825
f 2668/1670/750 2669/1671/752 2694/1696/825
f 2694/1696/825 2669/1671/752 2695/1697/826
f 2669/1671/752 2670/1672/754 2695/1697/826
f 2695/1697/826 2670/1672/754 2696/1698/827
f 2670/1672/754 2671/1673/804 2696/1698/827
f 2696/1698/827 2671/1673/804 2697/1699/828
f 2671/1673/804 2672/1674/758 2697/1699/828
f 2697/1699/828 2672/1674/758 2698/1700/829
f 2672/1674/758 2673/1675/805 2698/1700/829
f 2698/1700/829 2673/1675/805 2699/1701/806
f 2673/1675/805 2674/1676/762 2699/1701/806
f 2700/1702/830 2675/1677/806 2701/1703/831
f 2675/1677/806 2676/1678/807 2701/1703/831
f 2701/1703/831 2676/1678/807 2702/1704/831
f 2676/1678/807 2677/1679/808 2702/1704/831
f 2702/1704/831 2677/1679/808 2703/1705/831
f 2677/1679/808 2678/1680/809 2703/1705/831
f 2703/1705/831 2678/1680/809 2704/1706/831
f 2678/1680/809 2679/1681/810 2704/1706/831
f 2704/1706/831 2679/1681/810 2705/1707/831
f 2679/1681/810 2680/1682/811 2705/1707/831
f 2705/1707/831 2680/1682/811 2706/1708/831
f 2680/1682/811 2681/1683/812 2706/1708/831
f 2706/1708/831 2681/1683/812 2707/1709/831
f 2681/1683/812 2682/1684/813 2707/1709/831
f 2707/1709/831 2682/1684/813 2708/1710/831
f 2682/1684/813 2683/1685/814 2708/1710/831
f 2708/1710/831 2683/1685/814 2709/1711/831
f 2683/1685/814 2684/1686/815 2709/1711/831
f 2709/1711/831 2684/1686/815 2710/1712/831
f 2684/1686/815 2685/1687/816 2710/1712/831
f 2710/1712/831 2685/1687/816 2711/1713/832
f 2685/1687/816 2686/1688/817 2711/1713/832
f 2711/1713/832 2686/1688/817 2712/1714/831
f 2686/1688/817 2687/1689/818 2712/1714/831
f 2712/1714/831 2687/1689/818 2713/1715/832
f 2687/1689/818 2688/1690/819 2713/1715/832
f 2713/1715/832 2688/1690/819 2714/1716/831
f 2688/1690/819 2689/1691/820 2714/1716/831
f 2714/1716/831 2689/1691/820 2715/1717/831
f 2689/1691/820 2690/1692/821 2715/1717/831
f 2715/1717/831 2690/1692/821 2716/1718/831
f 2690/1692/821 2691/1693/822 2716/1718/831
f 2716/1718/831 2691/1693/822 2717/1719/831
f 2691/1693/822 2692/1694/823 2717/1719/831
f 2717/1719/831 2692/1694/823 2718/1720/831
f 2692/1694/823 2693/1695/824 2718/1720/831
f 2718/1720/831 2693/1695/824 2719/1721/831
f 2693/1695/824 2694/1696/825 2719/1721/831
f 2719/1721/831 2694/1696/825 2720/1722/831
f 2694/1696/825 2695/1697/826 2720/1722/831
f 2720/1722/831 2695/1697/826 2721/1723/831
f 2695/1697/826 2696/1698/827 2721/1723/831
f 2721/1723/831 2696/1698/827 2722/1724/831
f 2696/1698/827 2697/1699/828 2722/1724/831
f 2722/1724/831 2697/1699/828 2723/1725/831
f 2697/1699/828 2698/1700/829 2723/1725/831
f 2723/1725/831 2698/1700/829 2724/1726/830
f 2698/1700/829 2699/1701/806 2724/1726/830
f 2725/1727/833 2700/1702/830 2726/1728/834
f 2700/1702/830 2701/1703/831 2726/1728/834
f 2726/1728/834 2701/1703/831 2727/1729/835
f 2701/1703/831 2702/1704/831 2727/1729/835
f 2727/1729/835 2702/1704/831 2728/1730/821
f 2702/1704/831 2703/1705/831 2728/1730/821
f 2728/1730/821 2703/1705/831 2729/1731/822
f 2703/1705/831 2704/1706/831 2729/1731/822
f 2729/1731/822 2704/1706/831 2730/1732/823
f 2704/1706/831 2705/1707/831 2730/1732/823
f 2730/1732/823 2705/1707/831 2731/1733/824
f 2705/1707/831 2706/1708/831 2731/1733/824
f 2731/1733/824 2706/1708/831 2732/1734/825
f 2706/1708/831 2707/1709/831 2732/1734/825
f 2732/1734/825 2707/1709/831 2733/1735/826
f 2707/1709/831 2708/1710/831 2733/1735/826
f 2733/1735/826 2708/1710/831 2734/1736/827
f 2708/1710/831 2709/1711/831 2734/1736/827
f 2734/1736/827 2709/1711/831 2735/1737/828
f 2709/1711/831 2710/1712/831 2735/1737/828
f 2735/1737/828 2710/1712/831 2736/1738/829
f 2710/1712/831 2711/1713/832 2736/1738/829
f 2736/1738/829 2711/1713/832 2737/1739/836
f 2711/1713/832 2712/1714/831 2737/1739/836
f 2737/1739/836 2712/1714/831 2738/1740/807
f 2712/1714/831 2713/1715/832 2738/1740/807
f 2738/1740/807 2713/1715/832 2739/1741/808
f 2713/1715/832 2714/1716/831 2739/1741/808
f 2739/1741/808 2714/1716/831 2740/1742/809
f 2714/1716/831 2715/1717/831 2740/1742/809
f 2740/1742/809 2715/1717/831 2741/1743/810
f 2715/1717/831 2716/1718/831 2741/1743/810
f 2741/1743/810 2716/1718/831 2742/1744/811
f 2716/1718/831 2717/1719/831 2742/1744/811
f 2742/1744/811 2717/1719/831 2743/1745/812
f 2717/1719/831 2718/1720/831 2743/1745/812
f 2743/1745/812 2718/1720/831 2744/1746/813
f 2718/1720/831 2719/1721/831 2744/1746/813
f 2744/1746/813 2719/1721/831 2745/1747/814
f 2719/1721/831 2720/1722/831 2745/1747/814
f 2745/1747/814 2720/1722/831 2746/1748/815
f 2720/1722/831 2721/1723/831 2746/1748/815
f 2746/1748/815 2721/1723/831 2747/1749/837
f 2721/1723/831 2722/1724/831 2747/1749/837
f 2747/1749/837 2722/1724/831 2748/1750/838
f 2722/1724/831 2723/1725/831 2748/1750/838
f 2748/1750/838 2723/1725/831 2749/1751/833
f 2723/1725/831 2724/1726/830 2749/1751/833
f 2750/1752/839 2725/1727/833 2751/1753/800
f 2725/1727/833 2726/1728/834 2751/1753/800
f 2751/1753/800 2726/1728/834 2752/1754/801
f 2726/1728/834 2727/1729/835 2752/1754/801
f 2752/1754/801 2727/1729/835 2753/1755/802
f 2727/1729/835 2728/1730/821 2753/1755/802
f 2753/1755/802 2728/1730/821 2754/1756/803
f 2728/1730/821 2729/1731/822 2754/1756/803
f 2754/1756/803 2729/1731/822 2755/1757/840
f 2729/1731/822 2730/1732/823 2755/1757/840
f 2755/1757/840 2730/1732/823 2756/1758/750
f 2730/1732/823 2731/1733/824 2756/1758/750
f 2756/1758/750 2731/1733/824 2757/1759/752
f 2731/1733/824 2732/1734/825 2757/1759/752
f 2757/1759/752 2732/1734/825 2758/1760/754
f 2732/1734/825 2733/1735/826 2758/1760/754
f 2758/1760/754 2733/1735/826 2759/1761/841
f 2733/1735/826 2734/1736/827 2759/1761/841
f 2759/1761/841 2734/1736/827 2760/1762/842
f 2734/1736/827 2735/1737/828 2760/1762/842
f 2760/1762/842 2735/1737/828 2761/1763/843
f 2735/1737/828 2736/1738/829 2761/1763/843
f 2761/1763/843 2736/1738/829 2762/1764/844
f 2736/1738/829 2737/1739/836 2762/1764/844
f 2762/1764/844 2737/1739/836 2763/1765/845
f 2737/1739/836 2738/1740/807 2763/1765/845
f 2763/1765/845 2738/1740/807 2764/1766/846
f 2738/1740/807 2739/1741/808 2764/1766/846
f 2764/1766/846 2739/1741/808 2765/1767/794
f 2739/1741/808 2740/1742/809 2765/1767/794
f 2765/1767/794 2740/1742/809 2766/1768/770
f 2740/1742/809 2741/1743/810 2766/1768/770
f 2766/1768/770 2741/1743/810 2767/1769/795
f 2741/1743/810 2742/1744/811 2767/1769/795
f 2767/1769/795 2742/1744/811 2768/1770/774
f 2742/1744/811 2743/1745/812 2768/1770/774
f 2768/1770/774 2743/1745/812 2769/1771/847
f 2743/1745/812 2744/1746/813 2769/1771/847
f 2769/1771/847 2744/1746/813 2770/1772/796
f 2744/1746/813 2745/1747/814 2770/1772/796
f 2770/1772/796 2745/1747/814 2771/1773/848
f 2745/1747/814 2746/1748/815 2771/1773/848
f 2771/1773/848 2746/1748/815 2772/1774/797
f 2746/1748/815 2747/1749/837 2772/1774/797
f 2772/1774/797 2747/1749/837 2773/1775/798
f 2747/1749/837 2748/1750/838 2773/1775/798
f 2773/1775/798 2748/1750/838 2774/1776/839
f 2748/1750/838 2749/1751/833 2774/1776/839
o green_ring6
v 1.708735 0.165297 0.000849
v 1.708729 0.159505 0.044848
v 1.708711 0.142521 0.085849
v 1.708682 0.115506 0.121057
v 1.708644 0.080298 0.148073
v 1.708600 0.039296 0.165056
v 1.708553 -0.004703 0.170849
v 1.708506 -0.048702 0.165056
v 1.708462 -0.089702 0.148073
v 1.708424 -0.124911 0.121057
v 1.708395 -0.151927 0.085849
v 1.708377 -0.168910 0.044848
v 1.708372 -0.174703 0.000849
v 1.708377 -0.168910 -0.043150
v 1.708395 -0.151927 -0.084151
v 1.708424 -0.124911 -0.119359
v 1.708462 -0.089702 -0.146375
v 1.708506 -0.048702 -0.163358
v 1.708553 -0.004703 -0.169151
v 1.708600 0.039296 -0.163358
v 1.708644 0.080298 -0.146375
v 1.708682 0.115506 -0.119359
v 1.708711 0.142521 -0.084151
v 1.708729 0.159505 -0.043150
v 1.708735 0.165297 0.000849
v 1.721457 0.160011 0.000849
v 1.721451 0.154398 0.043484
v 1.721434 0.137942 0.083213
v 1.721406 0.111764 0.117329
v 1.721369 0.077647 0.143508
v 1.721326 0.037918 0.159964
v 1.721281 -0.004716 0.165577
v 1.721236 -0.047351 0.159964
v 1.721193 -0.087080 0.143508
v 1.721157 -0.121196 0.117329
v 1.721129 -0.147374 0.083213
v 1.721110 -0.163831 0.043484
v 1.721104 -0.169444 0.000849
v 1.721110 -0.163831 -0.041786
v 1.721129 -0.147374 -0.081515
v 1.721157 -0.121196 -0.115631
v 1.721193 -0.087080 -0.141810
v 1.721236 -0.047351 -0.158266
v 1.721281 -0.004716 -0.163879
v 1.721326 0.037918 -0.158266
v 1.721369 0.077647 -0.141810
v 1.721406 0.111764 -0.115631
v 1.721434 0.137942 -0.081515
v 1.721451 0.154398 -0.041786
v 1.721457 0.160011 0.000849
v 1.726716 0.147279 0.000849
v 1.726711 0.142098 0.040189
v 1.726693 0.126914 0.076849
v 1.726668 0.102759 0.108329
v 1.726634 0.071278 0.132485
v 1.726595 0.034619 0.147670
v 1.726553 -0.004722 0.152849
v 1.726511 -0.044062 0.147670
v 1.726472 -0.080721 0.132485
v 1.726438 -0.112202 0.108329
v 1.726413 -0.136357 0.076849
v 1.726396 -0.151543 0.040189
v 1.726390 -0.156722 0.000849
v 1.726396 -0.151543 -0.038491
v 1.726413 -0.136357 -0.075151
v 1.726438 -0.112202 -0.106631
v 1.726472 -0.080721 -0.130787
v 1.726511 -0.044062 -0.145972
v 1.726553 -0.004722 -0.151151
v 1.726595 0.034619 -0.145972
v 1.726634 0.071278 -0.130787
v 1.726668 0.102759 -0.106631
v 1.726693 0.126914 -0.075151
v 1.726711 0.142098 -0.038491
v 1.726716 0.147279 0.000849
v 1.721430 0.134556 0.000849
v 1.721425 0.129810 0.036895
v 1.721410 0.115897 0.070485
v 1.721386 0.093764 0.099329
v 1.721355 0.064920 0.121462
v 1.721320 0.031330 0.135375
v 1.721281 -0.004716 0.140121
v 1.721242 -0.040762 0.135375
v 1.721207 -0.074352 0.121462
v 1.721175 -0.103196 0.099329
v 1.721152 -0.125330 0.070485
v 1.721137 -0.139243 0.036895
v 1.721132 -0.143988 0.000849
v 1.721137 -0.139243 -0.035197
v 1.721152 -0.125330 -0.068787
v 1.721175 -0.103196 -0.097631
v 1.721207 -0.074352 -0.119764
v 1.721242 -0.040762 -0.133677
v 1.721281 -0.004716 -0.138423
v 1.721320 0.031330 -0.133677
v 1.721355 0.064920 -0.119764
v 1.721386 0.093764 -0.097631
v 1.721410 0.115897 -0.068787
v 1.721425 0.129810 -0.035197
v 1.721430 0.134556 0.000849
v 1.708696 0.129298 0.000849
v 1.708692 0.124732 0.035531
v 1.708677 0.111345 0.067849
v 1.708655 0.090050 0.095601
v 1.708625 0.062298 0.116896
v 1.708590 0.029979 0.130283
v 1.708553 -0.004703 0.134849
v 1.708516 -0.039384 0.130283
v 1.708481 -0.071702 0.116896
v 1.708452 -0.099455 0.095601
v 1.708429 -0.120750 0.067849
v 1.708415 -0.134136 0.035531
v 1.708409 -0.138702 0.000849
v 1.708415 -0.134136 -0.033833
v 1.708429 -0.120750 -0.066151
v 1.708452 -0.099455 -0.093903
v 1.708481 -0.071702 -0.115198
v 1.708516 -0.039384 -0.128585
v 1.708553 -0.004703 -0.133151
v 1.708590 0.029979 -0.128585
v 1.708625 0.062298 -0.115198
v 1.708655 0.090050 -0.093903
v 1.708677 0.111345 -0.066151
v 1.708692 0.124732 -0.033833
v 1.708696 0.129298 0.000849
v 1.695974 0.134583 0.000849
v 1.695970 0.129837 0.036895
v 1.695954 0.115924 0.070485
v 1.695930 0.093792 0.099329
v 1.695899 0.064947 0.121462
v 1.695864 0.031358 0.135375
v 1.695825 -0.004689 0.140121
v 1.695787 -0.040735 0.135375
v 1.695751 -0.074325 0.121462
v 1.695719 -0.103169 0.099329
v 1.695696 -0.125302 0.070485
v 1.695681 -0.139216 0.036895
v 1.695676 -0.143961 0.000849
v 1.695681 -0.139216 -0.035197
v 1.695696 -0.125302 -0.068787
v 1.695719 -0.103169 -0.097631
v 1.695751 -0.074325 -0.119764
v 1.695787 -0.040735 -0.133677
v 1.695825 -0.004689 -0.138423
v 1.695864 0.031358 -0.133677
v 1.695899 0.064947 -0.119764
v 1.695930 0.093792 -0.097631
v 1.695954 0.115924 -0.068787
v 1.695970 0.129837 -0.035197
v 1.695974 0.134583 0.000849
v 1.690716 0.147316 0.000849
v 1.690710 0.142137 0.040189
v 1.690694 0.126953 0.076849
v 1.690668 0.102796 0.108329
v 1.690635 0.071317 0.132485
v 1.690595 0.034657 0.147670
v 1.690553 -0.004683 0.152849
v 1.690511 -0.044024 0.147670
v 1.690472 -0.080683 0.132485
v 1.690438 -0.112163 0.108329
v 1.690412 -0.136319 0.076849
v 1.690396 -0.151504 0.040189
v 1.690391 -0.156683 0.000849
v 1.690396 -0.151504 -0.038491
v 1.690412 -0.136319 -0.075151
v 1.690438 -0.112163 -0.106631
v 1.690472 -0.080683 -0.130787
v 1.690511 -0.044024 -0.145972
v 1.690553 -0.004683 -0.151151
v 1.690595 0.034657 -0.145972
v 1.690635 0.071317 -0.130787
v 1.690668 0.102796 -0.106631
v 1.690694 0.126953 -0.075151
v 1.690710 0.142137 -0.038491
v 1.690716 0.147316 0.000849
v 1.696002 0.160038 0.000849
v 1.695995 0.154426 0.043484
v 1.695978 0.137970 0.083213
v 1.695950 0.111792 0.117329
v 1.695913 0.077675 0.143508
v 1.695870 0.037945 0.159964
v 1.695825 -0.004689 0.165577
v 1.695780 -0.047324 0.159964
v 1.695737 -0.087053 0.143508
v 1.695701 -0.121169 0.117329
v 1.695673 -0.147347 0.083213
v 1.695655 -0.163804 0.043484
v 1.695649 -0.169417 0.000849
v 1.695655 -0.163804 -0.041786
v 1.695673 -0.147347 -0.081515
v 1.695701 -0.121169 -0.115631
v 1.695737 -0.087053 -0.141810
v 1.695780 -0.047324 -0.158266
v 1.695825 -0.004689 -0.163879
v 1.695870 0.037945 -0.158266
v 1.695913 0.077675 -0.141810
v 1.695950 0.111792 -0.115631
v 1.695978 0.137970 -0.081515
v 1.695995 0.154426 -0.041786
v 1.696002 0.160038 0.000849
v 1.708735 0.165297 0.000849
v 1.708729 0.159505 0.044848
v 1.708711 0.142521 0.085849
v 1.708682 0.115506 0.121057
v 1.708644 0.080298 0.148073
v 1.708600 0.039296 0.165056
v 1.708553 -0.004703 0.170849
v 1.708506 -0.048702 0.165056
v 1.708462 -0.089702 0.148073
v 1.708424 -0.124911 0.121057
v 1.708395 -0.151927 0.085849
v 1.708377 -0.168910 0.044848
v 1.708372 -0.174703 0.000849
v 1.708377 -0.168910 -0.043150
v 1.708395 -0.151927 -0.084151
v 1.708424 -0.124911 -0.119359
v 1.708462 -0.089702 -0.146375
v 1.708506 -0.048702 -0.163358
v 1.708553 -0.004703 -0.169151
v 1.708600 0.039296 -0.163358
v 1.708644 0.080298 -0.146375
v 1.708682 0.115506 -0.119359
v 1.708711 0.142521 -0.084151
v 1.708729 0.159505 -0.043150
v 1.708735 0.165297 0.000849
vn 0.7078 0.7064 -0.0000
vn 0.0012 1.0000 -0.0000
vn 0.7078 0.6823 0.1830
vn 0.0011 0.9659 0.2588
vn 0.7078 0.6116 0.3536
vn 0.0009 0.8660 0.5000
vn 0.7077 0.4992 0.5000
vn 0.0008 0.7071 0.7071
vn 0.7075 0.3528 0.6124
vn 0.0005 0.5000 0.8660
vn 0.7073 0.1823 0.6830
vn 0.0003 0.2588 0.9659
vn 0.7071 -0.0008 0.7071
vn -0.0000 -0.0000 1.0000
vn 0.7069 -0.1838 0.6830
vn -0.0003 -0.2588 0.9659
vn 0.7067 -0.3544 0.6124
vn -0.0005 -0.5000 0.8660
vn 0.7065 -0.5008 0.5000
vn -0.0006 -0.7071 0.7071
vn 0.7065 -0.6131 0.3536
vn -0.0009 -0.8660 0.5000
vn 0.7064 -0.6838 0.1830
vn -0.0010 -0.9659 0.2588
vn 0.7064 -0.7079 -0.0000
vn -0.0010 -1.0000 -0.0000
vn 0.7064 -0.6838 -0.1830
vn -0.0009 -0.9659 -0.2588
vn 0.7065 -0.6131 -0.3536
vn -0.0009 -0.8660 -0.5000
vn 0.7065 -0.5008 -0.5000
vn -0.0006 -0.7071 -0.7071
vn 0.7067 -0.3544 -0.6124
vn -0.0005 -0.5000 -0.8660
vn 0.7069 -0.1838 -0.6830
vn -0.0002 -0.2588 -0.9659
vn 0.7071 -0.0008 -0.7071
vn -0.0000 -0.0000 -1.0000
vn 0.7073 0.1823 -0.6830
vn 0.0003 0.2588 -0.9659
vn 0.7075 0.3528 -0.6124
vn 0.0005 0.5000 -0.8660
vn 0.7077 0.4992 -0.5000
vn 0.0008 0.7071 -0.7071
vn 0.7078 0.6116 -0.3536
vn 0.0009 0.8660 -0.5000
vn 0.7078 0.6823 -0.1830
vn 0.0011 0.9659 -0.2588
vn 1.0000 -0.0010 -0.0000
vn 0.7064 -0.6837 -0.1830
vn 0.7076 0.4992 0.5000
vn 0.7069 -0.1837 0.6830
vn 0.7067 -0.3543 0.6124
vn 0.7064 -0.6132 0.3536
vn 0.7064 -0.7078 -0.0000
vn -0.0010 -0.9659 -0.2588
vn -0.0008 -0.7071 -0.7071
vn -0.0003 -0.2588 -0.9659
vn 0.0010 0.9659 -0.2588
vn 0.0010 1.0000 -0.0000
vn 0.0010 0.9659 0.2588
vn -0.0008 -0.7071 0.7071
vn -0.7079 -0.7064 -0.0000
vn -0.7078 -0.6823 -0.1830
vn -0.7078 -0.6116 -0.3536
vn -0.7077 -0.4992 -0.5000
vn -0.7075 -0.3528 -0.6124
vn -0.7073 -0.1823 -0.6830
vn -0.7071 0.0008 -0.7071
vn -0.7069 0.1837 -0.6830
vn -0.7067 0.3544 -0.6124
vn -0.7065 0.5008 -0.5000
vn -0.7064 0.6132 -0.3536
vn -0.7064 0.6838 -0.1830
vn -0.7064 0.7078 -0.0000
vn -0.7064 0.6838 0.1830
vn -0.7064 0.6132 0.3536
vn -0.7065 0.5008 0.5000
vn -0.7067 0.3544 0.6124
vn -0.7069 0.1837 0.6830
vn -0.7071 0.0008 0.7071
vn -0.7073 -0.1823 0.6830
vn -0.7075 -0.3528 0.6124
vn -0.7077 -0.4992 0.5000
vn -0.7078 -0.6116 0.3536
vn -0.7078 -0.6823 0.1830
vn -0.7078 -0.7064 -0.0000
vn -1.0000 0.0011 -0.0000
vn -1.0000 0.0010 -0.0000
vn -0.7064 0.6131 0.3536
vn -0.7069 0.1838 0.6830
vn -0.7076 -0.4992 -0.5000
vn -0.7069 0.1838 -0.6830
vn -0.7064 0.6131 -0.3536
vn -0.7064 0.7079 -0.0000
vn 0.0009 0.9659 0.2588
vn 0.0006 0.7071 0.7071
vn -0.0006 -0.5000 0.8660
vn -0.0011 -0.9659 0.2588
vn -0.0012 -1.0000 -0.0000
vn -0.0011 -0.9659 -0.2588
vn -0.0007 -0.5001 -0.8660
vn 0.0002 0.2588 -0.9659
vn 0.0006 0.7071 -0.7071
vn 0.0009 0.9659 -0.2588
vt 0.000000 0.125000
vt 0.000000 0.000000
vt 0.041667 0.125000
vt 0.041667 0.000000
vt 0.083333 0.125000
vt 0.083333 0.000000
vt 0.125000 0.125000
vt 0.125000 0.000000
vt 0.166667 0.125000
vt 0.166667 0.000000
vt 0.208333 0.125000
vt 0.208333 0.000000
vt 0.250000 0.125000
vt 0.250000 0.000000
vt 0.291667 0.125000
vt 0.291667 0.000000
vt 0.333333 0.125000
vt 0.333333 0.000000
vt 0.375000 0.125000
vt 0.375000 0.000000
vt 0.416667 0.125000
vt 0.416667 0.000000
vt 0.458333 0.125000
vt 0.458333 0.000000
vt 0.500000 0.125000
vt 0.500000 0.000000
vt 0.541667 0.125000
vt 0.541667 0.000000
vt 0.583333 0.125000
vt 0.583333 0.000000
vt 0.625000 0.125000
vt 0.625000 0.000000
vt 0.666667 0.125000
vt 0.666667 0.000000
vt 0.708333 0.125000
vt 0.708333 0.000000
vt 0.750000 0.125000
vt 0.750000 0.000000
vt 0.791667 0.125000
vt 0.791667 0.000000
vt 0.833333 0.125000
vt 0.833333 0.000000
vt 0.875000 0.125000
vt 0.875000 0.000000
vt 0.916667 0.125000
vt 0.916667 0.000000
vt 0.958333 0.125000
vt 0.958333 0.000000
vt 1.000000 0.125000
vt 1.000000 0.000000
vt 0.000000 0.250000
vt 0.041667 0.250000
vt 0.083333 0.250000
vt 0.125000 0.250000
vt 0.166667 0.250000
vt 0.208333 0.250000
vt 0.250000 0.250000
vt 0.291667 0.250000
vt 0.333333 0.250000
vt 0.375000 0.250000
vt 0.416667 0.250000
vt 0.458333 0.250000
vt 0.500000 0.250000
vt 0.541667 0.250000
vt 0.583333 0.250000
vt 0.625000 0.250000
vt 0.666667 0.250000
vt 0.708333 0.250000
vt 0.750000 0.250000
vt 0.791667 0.250000
vt 0.833333 0.250000
vt 0.875000 0.250000
vt 0.916667 0.250000
vt 0.958333 0.250000
vt 1.000000 0.250000
vt 0.000000 0.375000
vt 0.041667 0.375000
vt 0.083333 0.375000
vt 0.125000 0.375000
vt 0.166667 0.375000
vt 0.208333 0.375000
vt 0.250000 0.375000
vt 0.291667 0.375000
vt 0.333333 0.375000
vt 0.375000 0.375000
vt 0.416667 0.375000
vt 0.458333 0.375000
vt 0.500000 0.375000
vt 0.541667 0.375000
vt 0.583333 0.375000
vt 0.625000 0.375000
vt 0.666667 0.375000
vt 0.708333 0.375000
vt 0.750000 0.375000
vt 0.791667 0.375000
vt 0.833333 0.375000
vt 0.875000 0.375000
vt 0.916667 0.375000
vt 0.958333 0.375000
vt 1.000000 0.375000
vt 0.000000 0.500000
vt 0.041667 0.500000
vt 0.083333 0.500000
vt 0.125000 0.500000
vt 0.166667 0.500000
vt 0.208333 0.500000
vt 0.250000 0.500000
vt 0.291667 0.500000
vt 0.333333 0.500000
vt 0.375000 0.500000
vt 0.416667 0.500000
vt 0.458333 0.500000
vt 0.500000 0.500000
vt 0.541667 0.500000
vt 0.583333 0.500000
vt 0.625000 0.500000
vt 0.666667 0.500000
vt 0.708333 0.500000
vt 0.750000 0.500000
vt 0.791667 0.500000
vt 0.833333 0.500000
vt 0.875000 0.500000
vt 0.916667 0.500000
vt 0.958333 0.500000
vt 1.000000 0.500000
vt 0.000000 0.625000
vt 0.041667 0.625000
vt 0.083333 0.625000
vt 0.125000 0.625000
vt 0.166667 0.625000
vt 0.208333 0.625000
vt 0.250000 0.625000
vt 0.291667 0.625000
vt 0.333333 0.625000
vt 0.375000 0.625000
vt 0.416667 0.625000
vt 0.458333 0.625000
vt 0.500000 0.625000
vt 0.541667 0.625000
vt 0.583333 0.625000
vt 0.625000 0.625000
vt 0.666667 0.625000
vt 0.708333 0.625000
vt 0.750000 0.625000
vt 0.791667 0.625000
vt 0.833333 0.625000
vt 0.875000 0.625000
vt 0.916667 0.625000
vt 0.958333 0.625000
vt 1.000000 0.625000
vt 0.000000 0.750000
vt 0.041667 0.750000
vt 0.083333 0.750000
vt 0.125000 0.750000
vt 0.166667 0.750000
vt 0.208333 0.750000
vt 0.250000 0.750000
vt 0.291667 0.750000
vt 0.333333 0.750000
vt 0.375000 0.750000
vt 0.416667 0.750000
vt 0.458333 0.750000
vt 0.500000 0.750000
vt 0.541667 0.750000
vt 0.583333 0.750000
vt 0.625000 0.750000
vt 0.666667 0.750000
vt 0.708333 0.750000
vt 0.750000 0.750000
vt 0.791667 0.750000
vt 0.833333 0.750000
vt 0.875000 0.750000
vt 0.916667 0.750000
vt 0.958333 0.750000
vt 1.000000 0.750000
vt 0.000000 0.875000
vt 0.041667 0.875000
vt 0.083333 0.875000
vt 0.125000 0.875000
vt 0.166667 0.875000
vt 0.208333 0.875000
vt 0.250000 0.875000
vt 0.291667 0.875000
vt 0.333333 0.875000
vt 0.375000 0.875000
vt 0.416667 0.875000
vt 0.458333 0.875000
vt 0.500000 0.875000
vt 0.541667 0.875000
vt 0.583333 0.875000
vt 0.625000 0.875000
vt 0.666667 0.875000
vt 0.708333 0.875000
vt 0.750000 0.875000
vt 0.791667 0.875000
vt 0.833333 0.875000
vt 0.875000 0.875000
vt 0.916667 0.875000
vt 0.958333 0.875000
vt 1.000000 0.875000
vt 0.000000 1.000000
vt 0.041667 1.000000
vt 0.083333 1.000000
vt 0.125000 1.000000
vt 0.166667 1.000000
vt 0.208333 1.000000
vt 0.250000 1.000000
vt 0.291667 1.000000
vt 0.333333 1.000000
vt 0.375000 1.000000
vt 0.416667 1.000000
vt 0.458333 1.000000
vt 0.500000 1.000000
vt 0.541667 1.000000
vt 0.583333 1.000000
vt 0.625000 1.000000
vt 0.666667 1.000000
vt 0.708333 1.000000
vt 0.750000 1.000000
vt 0.791667 1.000000
vt 0.833333 1.000000
vt 0.875000 1.000000
vt 0.916667 1.000000
vt 0.958333 1.000000
vt 1.000000 1.000000
s 1
usemtl brass
f 2800/1777/849 2775/1778/850 2801/1779/851
f 2775/1778/850 2776/1780/852 2801/1779/851
f 2801/1779/851 2776/1780/852 2802/1781/853
f 2776/1780/852 2777/1782/854 2802/1781/853
f 2802/1781/853 2777/1782/854 2803/1783/855
f 2777/1782/854 2778/1784/856 2803/1783/855
f 2803/1783/855 2778/1784/856 2804/1785/857
f 2778/1784/856 2779/1786/858 2804/1785/857
f 2804/1785/857 2779/1786/858 2805/1787/859
f 2779/1786/858 2780/1788/860 2805/1787/859
f 2805/1787/859 2780/1788/860 2806/1789/861
f 2780/1788/860 2781/1790/862 2806/1789/861
f 2806/1789/861 2781/1790/862 2807/1791/863
f 2781/1790/862 2782/1792/864 2807/1791/863
f 2807/1791/863 2782/1792/864 2808/1793/865
f 2782/1792/864 2783/1794/866 2808/1793/865
f 2808/1793/865 2783/1794/866 2809/1795/867
f 2783/1794/866 2784/1796/868 2809/1795/867
f 2809/1795/867 2784/1796/868 2810/1797/869
f 2784/1796/868 2785/1798/870 2810/1797/869
f 2810/1797/869 2785/1798/870 2811/1799/871
f 2785/1798/870 2786/1800/872 2811/1799/871
f 2811/1799/871 2786/1800/872 2812/1801/873
f 2786/1800/872 2787/1802/874 2812/1801/873
f 2812/1801/873 2787/1802/874 2813/1803/875
f 2787/1802/874 2788/1804/876 2813/1803/875
f 2813/1803/875 2788/1804/876 2814/1805/877
f 2788/1804/876 2789/1806/878 2814/1805/877
f 2814/1805/877 2789/1806/878 2815/1807/879
f 2789/1806/878 2790/1808/880 2815/1807/879
f 2815/1807/879 2790/1808/880 2816/1809/881
f 2790/1808/880 2791/1810/882 2816/1809/881
f 2816/1809/881 2791/1810/882 2817/1811/883
f 2791/1810/882 2792/1812/884 2817/1811/883
f 2817/1811/883 2792/1812/884 2818/1813/885
f 2792/1812/884 2793/1814/886 2818/1813/885
f 2818/1813/885 2793/1814/886 2819/1815/887
f 2793/1814/886 2794/1816/888 2819/1815/887
f 2819/1815/887 2794/1816/888 2820/1817/889
f 2794/1816/888 2795/1818/890 2820/1817/889
f 2820/1817/889 2795/1818/890 2821/1819/891
f 2795/1818/890 2796/1820/892 2821/1819/891
f 2821/1819/891 2796/1820/892 2822/1821/893
f 2796/1820/892 2797/1822/894 2822/1821/893
f 2822/1821/893 2797/1822/894 2823/1823/895
f 2797/1822/894 2798/1824/896 2823/1823/895
f 2823/1823/895 2798/1824/896 2824/1825/849
f 2798/1824/896 2799/1826/850 2824/1825/849
f 2825/1827/897 2800/1777/849 2826/1828/897
f 2800/1777/849 2801/1779/851 2826/1828/897
f 2826/1828/897 2801/1779/851 2827/1829/897
f 2801/1779/851 2802/1781/853 2827/1829/897
f 2827/1829/897 2802/1781/853 2828/1830/897
f 2802/1781/853 2803/1783/855 2828/1830/897
f 2828/1830/897 2803/1783/855 2829/1831/897
f 2803/1783/855 2804/1785/857 2829/1831/897
f 2829/1831/897 2804/1785/857 2830/1832/897
f 2804/1785/857 2805/1787/859 2830/1832/897
f 2830/1832/897 2805/1787/859 2831/1833/897
f 2805/1787/859 2806/1789/861 2831/1833/897
f 2831/1833/897 2806/1789/861 2832/1834/897
f 2806/1789/861 2807/1791/863 2832/1834/897
f 2832/1834/897 2807/1791/863 2833/1835/897
f 2807/1791/863 2808/1793/865 2833/1835/897
f 2833/1835/897 2808/1793/865 2834/1836/897
f 2808/1793/865 2809/1795/867 2834/1836/897
f 2834/1836/897 2809/1795/867 2835/1837/897
f 2809/1795/867 2810/1797/869 2835/1837/897
f 2835/1837/897 2810/1797/869 2836/1838/897
f 2810/1797/869 2811/1799/871 2836/1838/897
f 2836/1838/897 2811/1799/871 2837/1839/897
f 2811/1799/871 2812/1801/873 2837/1839/897
f 2837/1839/897 2812/1801/873 2838/1840/897
f 2812/1801/873 2813/1803/875 2838/1840/897
f 2838/1840/897 2813/1803/875 2839/1841/897
f 2813/1803/875 2814/1805/877 2839/1841/897
f 2839/1841/897 2814/1805/877 2840/1842/897
f 2814/1805/877 2815/1807/879 2840/1842/897
f 2840/1842/897 2815/1807/879 2841/1843/897
f 2815/1807/879 2816/1809/881 2841/1843/897
f 2841/1843/897 2816/1809/881 2842/1844/897
f 2816/1809/881 2817/1811/883 2842/1844/897
f 2842/1844/897 2817/1811/883 2843/1845/897
f 2817/1811/883 2818/1813/885 2843/1845/897
f 2843/1845/897 2818/1813/885 2844/1846/897
f 2818/1813/885 2819/1815/887 2844/1846/897
f 2844/1846/897 2819/1815/887 2845/1847/897
f 2819/1815/887 2820/1817/889 2845/1847/897
f 2845/1847/897 2820/1817/889 2846/1848/897
f 2820/1817/889 2821/1819/891 2846/1848/897
f 2846/1848/897 2821/1819/891 2847/1849/897
f 2821/1819/891 2822/1821/893 2847/1849/897
f 2847/1849/897 2822/1821/893 2848/1850/897
f 2822/1821/893 2823/1823/895 2848/1850/897
f 2848/1850/897 2823/1823/895 2849/1851/897
f 2823/1823/895 2824/1825/849 2849/1851/897
f 2850/1852/873 2825/1827/897 2851/1853/898
f 2825/1827/897 2826/1828/897 2851/1853/898
f 2851/1853/898 2826/1828/897 2852/1854/877
f 2826/1828/897 2827/1829/897 2852/1854/877
f 2852/1854/877 2827/1829/897 2853/1855/879
f 2827/1829/897 2828/1830/897 2853/1855/879
f 2853/1855/879 2828/1830/897 2854/1856/881
f 2828/1830/897 2829/1831/897 2854/1856/881
f 2854/1856/881 2829/1831/897 2855/1857/883
f 2829/1831/897 2830/1832/897 2855/1857/883
f 2855/1857/883 2830/1832/897 2856/1858/885
f 2830/1832/897 2831/1833/897 2856/1858/885
f 2856/1858/885 2831/1833/897 2857/1859/887
f 2831/1833/897 2832/1834/897 2857/1859/887
f 2857/1859/887 2832/1834/897 2858/1860/889
f 2832/1834/897 2833/1835/897 2858/1860/889
f 2858/1860/889 2833/1835/897 2859/1861/891
f 2833/1835/897 2834/1836/897 2859/1861/891
f 2859/1861/891 2834/1836/897 2860/1862/893
f 2834/1836/897 2835/1837/897 2860/1862/893
f 2860/1862/893 2835/1837/897 2861/1863/895
f 2835/1837/897 2836/1838/897 2861/1863/895
f 2861/1863/895 2836/1838/897 2862/1864/849
f 2836/1838/897 2837/1839/897 2862/1864/849
f 2862/1864/849 2837/1839/897 2863/1865/851
f 2837/1839/897 2838/1840/897 2863/1865/851
f 2863/1865/851 2838/1840/897 2864/1866/853
f 2838/1840/897 2839/1841/897 2864/1866/853
f 2864/1866/853 2839/1841/897 2865/1867/899
f 2839/1841/897 2840/1842/897 2865/1867/899
f 2865/1867/899 2840/1842/897 2866/1868/857
f 2840/1842/897 2841/1843/897 2866/1868/857
f 2866/1868/857 2841/1843/897 2867/1869/859
f 2841/1843/897 2842/1844/897 2867/1869/859
f 2867/1869/859 2842/1844/897 2868/1870/861
f 2842/1844/897 2843/1845/897 2868/1870/861
f 2868/1870/861 2843/1845/897 2869/1871/900
f 2843/1845/897 2844/1846/897 2869/1871/900
f 2869/1871/900 2844/1846/897 2870/1872/901
f 2844/1846/897 2845/1847/897 2870/1872/901
f 2870/1872/901 2845/1847/897 2871/1873/867
f 2845/1847/897 2846/1848/897 2871/1873/867
f 2871/1873/867 2846/1848/897 2872/1874/902
f 2846/1848/897 2847/1849/897 2872/1874/902
f 2872/1874/902 2847/1849/897 2873/1875/871
f 2847/1849/897 2848/1850/897 2873/1875/871
f 2873/1875/871 2848/1850/897 2874/1876/903
f 2848/1850/897 2849/1851/897 2874/1876/903
f 2875/1877/874 2850/1852/873 2876/1878/904
f 2850/1852/873 2851/1853/898 2876/1878/904
f 2876/1878/904 2851/1853/898 2877/1879/878
f 2851/1853/898 2852/1854/877 2877/1879/878
f 2877/1879/878 2852/1854/877 2878/1880/905
f 2852/1854/877 2853/1855/879 2878/1880/905
f 2878/1880/905 2853/1855/879 2879/1881/882
f 2853/1855/879 2854/1856/881 2879/1881/882
f 2879/1881/882 2854/1856/881 2880/1882/906
f 2854/1856/881 2855/1857/883 2880/1882/906
f 2880/1882/906 2855/1857/883 2881/1883/886
f 2855/1857/883 2856/1858/885 2881/1883/886
f 2881/1883/886 2856/1858/885 2882/1884/888
f 2856/1858/885 2857/1859/887 2882/1884/888
f 2882/1884/888 2857/1859/887 2883/1885/890
f 2857/1859/887 2858/1860/889 2883/1885/890
f 2883/1885/890 2858/1860/889 2884/1886/892
f 2858/1860/889 2859/1861/891 2884/1886/892
f 2884/1886/892 2859/1861/891 2885/1887/894
f 2859/1861/891 2860/1862/893 2885/1887/894
f 2885/1887/894 2860/1862/893 2886/1888/907
f 2860/1862/893 2861/1863/895 2886/1888/907
f 2886/1888/907 2861/1863/895 2887/1889/908
f 2861/1863/895 2862/1864/849 2887/1889/908
f 2887/1889/908 2862/1864/849 2888/1890/909
f 2862/1864/849 2863/1865/851 2888/1890/909
f 2888/1890/909 2863/1865/851 2889/1891/854
f 2863/1865/851 2864/1866/853 2889/1891/854
f 2889/1891/854 2864/1866/853 2890/1892/856
f 2864/1866/853 2865/1867/899 2890/1892/856
f 2890/1892/856 2865/1867/899 2891/1893/858
f 2865/1867/899 2866/1868/857 2891/1893/858
f 2891/1893/858 2866/1868/857 2892/1894/860
f 2866/1868/857 2867/1869/859 2892/1894/860
f 2892/1894/860 2867/1869/859 2893/1895/862
f 2867/1869/859 2868/1870/861 2893/1895/862
f 2893/1895/862 2868/1870/861 2894/1896/864
f 2868/1870/861 2869/1871/900 2894/1896/864
f 2894/1896/864 2869/1871/900 2895/1897/866
f 2869/1871/900 2870/1872/901 2895/1897/866
f 2895/1897/866 2870/1872/901 2896/1898/910
f 2870/1872/901 2871/1873/867 2896/1898/910
f 2896/1898/910 2871/1873/867 2897/1899/870
f 2871/1873/867 2872/1874/902 2897/1899/870
f 2897/1899/870 2872/1874/902 2898/1900/872
f 2872/1874/902 2873/1875/871 2898/1900/872
f 2898/1900/872 2873/1875/871 2899/1901/874
f 2873/1875/871 2874/1876/903 2899/1901/874
f 2900/1902/911 2875/1877/874 2901/1903/912
f 2875/1877/874 2876/1878/904 2901/1903/912
f 2901/1903/912 2876/1878/904 2902/1904/913
f 2876/1878/904 2877/1879/878 2902/1904/913
f 2902/1904/913 2877/1879/878 2903/1905/914
f 2877/1879/878 2878/1880/905 2903/1905/914
f 2903/1905/914 2878/1880/905 2904/1906/915
f 2878/1880/905 2879/1881/882 2904/1906/915
f 2904/1906/915 2879/1881/882 2905/1907/916
f 2879/1881/882 2880/1882/906 2905/1907/916
f 2905/1907/916 2880/1882/906 2906/1908/917
f 2880/1882/906 2881/1883/886 2906/1908/917
f 2906/1908/917 2881/1883/886 2907/1909/918
f 2881/1883/886 2882/1884/888 2907/1909/918
f 2907/1909/918 2882/1884/888 2908/1910/919
f 2882/1884/888 2883/1885/890 2908/1910/919
f 2908/1910/919 2883/1885/890 2909/1911/920
f 2883/1885/890 2884/1886/892 2909/1911/920
f 2909/1911/920 2884/1886/892 2910/1912/921
f 2884/1886/892 2885/1887/894 2910/1912/921
f 2910/1912/921 2885/1887/894 2911/1913/922
f 2885/1887/894 2886/1888/907 2911/1913/922
f 2911/1913/922 2886/1888/907 2912/1914/923
f 2886/1888/907 2887/1889/908 2912/1914/923
f 2912/1914/923 2887/1889/908 2913/1915/924
f 2887/1889/908 2888/1890/909 2913/1915/924
f 2913/1915/924 2888/1890/909 2914/1916/925
f 2888/1890/909 2889/1891/854 2914/1916/925
f 2914/1916/925 2889/1891/854 2915/1917/926
f 2889/1891/854 2890/1892/856 2915/1917/926
f 2915/1917/926 2890/1892/856 2916/1918/927
f 2890/1892/856 2891/1893/858 2916/1918/927
f 2916/1918/927 2891/1893/858 2917/1919/928
f 2891/1893/858 2892/1894/860 2917/1919/928
f 2917/1919/928 2892/1894/860 2918/1920/929
f 2892/1894/860 2893/1895/862 2918/1920/929
f 2918/1920/929 2893/1895/862 2919/1921/930
f 2893/1895/862 2894/1896/864 2919/1921/930
f 2919/1921/930 2894/1896/864 2920/1922/931
f 2894/1896/864 2895/1897/866 2920/1922/931
f 2920/1922/931 2895/1897/866 2921/1923/932
f 2895/1897/866 2896/1898/910 2921/1923/932
f 2921/1923/932 2896/1898/910 2922/1924/933
f 2896/1898/910 2897/1899/870 2922/1924/933
f 2922/1924/933 2897/1899/870 2923/1925/934
f 2897/1899/870 2898/1900/872 2923/1925/934
f 2923/1925/934 2898/1900/872 2924/1926/935
f 2898/1900/872 2899/1901/874 2924/1926/935
f 2925/1927/936 2900/1902/911 2926/1928/937
f 2900/1902/911 2901/1903/912 2926/1928/937
f 2926/1928/937 2901/1903/912 2927/1929/937
f 2901/1903/912 2902/1904/913 2927/1929/937
f 2927/1929/937 2902/1904/913 2928/1930/937
f 2902/1904/913 2903/1905/914 2928/1930/937
f 2928/1930/937 2903/1905/914 2929/1931/937
f 2903/1905/914 2904/1906/915 2929/1931/937
f 2929/1931/937 2904/1906/915 2930/1932/937
f 2904/1906/915 2905/1907/916 2930/1932/937
f 2930/1932/937 2905/1907/916 2931/1933/937
f 2905/1907/916 2906/1908/917 2931/1933/937
f 2931/1933/937 2906/1908/917 2932/1934/937
f 2906/1908/917 2907/1909/918 2932/1934/937
f 2932/1934/937 2907/1909/918 2933/1935/937
f 2907/1909/918 2908/1910/919 2933/1935/937
f 2933/1935/937 2908/1910/919 2934/1936/937
f 2908/1910/919 2909/1911/920 2934/1936/937
f 2934/1936/937 2909/1911/920 2935/1937/937
f 2909/1911/920 2910/1912/921 2935/1937/937
f 2935/1937/937 2910/1912/921 2936/1938/937
f 2910/1912/921 2911/1913/922 2936/1938/937
f 2936/1938/937 2911/1913/922 2937/1939/936
f 2911/1913/922 2912/1914/923 2937/1939/936
f 2937/1939/936 2912/1914/923 2938/1940/937
f 2912/1914/923 2913/1915/924 2938/1940/937
f 2938/1940/937 2913/1915/924 2939/1941/937
f 2913/1915/924 2914/1916/925 2939/1941/937
f 2939/1941/937 2914/1916/925 2940/1942/937
f 2914/1916/925 2915/1917/926 2940/1942/937
f 2940/1942/937 2915/1917/926 2941/1943/937
f 2915/1917/926 2916/1918/927 2941/1943/937
f 2941/1943/937 2916/1918/927 2942/1944/937
f 2916/1918/927 2917/1919/928 2942/1944/937
f 2942/1944/937 2917/1919/928 2943/1945/937
f 2917/1919/928 2918/1920/929 2943/1945/937
f 2943/1945/937 2918/1920/929 2944/1946/937
f 2918/1920/929 2919/1921/930 2944/1946/937
f 2944/1946/937 2919/1921/930 2945/1947/937
f 2919/1921/930 2920/1922/931 2945/1947/937
f 2945/1947/937 2920/1922/931 2946/1948/937
f 2920/1922/931 2921/1923/932 2946/1948/937
f 2946/1948/937 2921/1923/932 2947/1949/937
f 2921/1923/932 2922/1924/933 2947/1949/937
f 2947/1949/937 2922/1924/933 2948/1950/937
f 2922/1924/933 2923/1925/934 2948/1950/937
f 2948/1950/937 2923/1925/934 2949/1951/936
f 2923/1925/934 2924/1926/935 2949/1951/936
f 2950/1952/923 2925/1927/936 2951/1953/924
f 2925/1927/936 2926/1928/937 2951/1953/924
f 2951/1953/924 2926/1928/937 2952/1954/938
f 2926/1928/937 2927/1929/937 2952/1954/938
f 2952/1954/938 2927/1929/937 2953/1955/926
f 2927/1929/937 2928/1930/937 2953/1955/926
f 2953/1955/926 2928/1930/937 2954/1956/927
f 2928/1930/937 2929/1931/937 2954/1956/927
f 2954/1956/927 2929/1931/937 2955/1957/939
f 2929/1931/937 2930/1932/937 2955/1957/939
f 2955/1957/939 2930/1932/937 2956/1958/929
f 2930/1932/937 2931/1933/937 2956/1958/929
f 2956/1958/929 2931/1933/937 2957/1959/930
f 2931/1933/937 2932/1934/937 2957/1959/930
f 2957/1959/930 2932/1934/937 2958/1960/931
f 2932/1934/937 2933/1935/937 2958/1960/931
f 2958/1960/931 2933/1935/937 2959/1961/932
f 2933/1935/937 2934/1936/937 2959/1961/932
f 2959/1961/932 2934/1936/937 2960/1962/933
f 2934/1936/937 2935/1937/937 2960/1962/933
f 2960/1962/933 2935/1937/937 2961/1963/934
f 2935/1937/937 2936/1938/937 2961/1963/934
f 2961/1963/934 2936/1938/937 2962/1964/935
f 2936/1938/937 2937/1939/936 2962/1964/935
f 2962/1964/935 2937/1939/936 2963/1965/912
f 2937/1939/936 2938/1940/937 2963/1965/912
f 2963/1965/912 2938/1940/937 2964/1966/913
f 2938/1940/937 2939/1941/937 2964/1966/913
f 2964/1966/913 2939/1941/937 2965/1967/940
f 2939/1941/937 2940/1942/937 2965/1967/940
f 2965/1967/940 2940/1942/937 2966/1968/915
f 2940/1942/937 2941/1943/937 2966/1968/915
f 2966/1968/915 2941/1943/937 2967/1969/916
f 2941/1943/937 2942/1944/937 2967/1969/916
f 2967/1969/916 2942/1944/937 2968/1970/917
f 2942/1944/937 2943/1945/937 2968/1970/917
f 2968/1970/917 2943/1945/937 2969/1971/941
f 2943/1945/937 2944/1946/937 2969/1971/941
f 2969/1971/941 2944/1946/937 2970/1972/919
f 2944/1946/937 2945/1947/937 2970/1972/919
f 2970/1972/919 2945/1947/937 2971/1973/920
f 2945/1947/937 2946/1948/937 2971/1973/920
f 2971/1973/920 2946/1948/937 2972/1974/942
f 2946/1948/937 2947/1949/937 2972/1974/942
f 2972/1974/942 2947/1949/937 2973/1975/922
f 2947/1949/937 2948/1950/937 2973/1975/922
f 2973/1975/922 2948/1950/937 2974/1976/943
f 2948/1950/937 2949/1951/936 2974/1976/943
f 2975/1977/908 2950/1952/923 2976/1978/944
f 2950/1952/923 2951/1953/924 2976/1978/944
f 2976/1978/944 2951/1953/924 2977/1979/854
f 2951/1953/924 2952/1954/938 2977/1979/854
f 2977/1979/854 2952/1954/938 2978/1980/945
f 2952/1954/938 2953/1955/926 2978/1980/945
f 2978/1980/945 2953/1955/926 2979/1981/858
f 2953/1955/926 2954/1956/927 2979/1981/858
f 2979/1981/858 2954/1956/927 2980/1982/860
f 2954/1956/927 2955/1957/939 2980/1982/860
f 2980/1982/860 2955/1957/939 2981/1983/862
f 2955/1957/939 2956/1958/929 2981/1983/862
f 2981/1983/862 2956/1958/929 2982/1984/864
f 2956/1958/929 2957/1959/930 2982/1984/864
f 2982/1984/864 2957/1959/930 2983/1985/946
f 2957/1959/930 2958/1960/931 2983/1985/946
f 2983/1985/946 2958/1960/931 2984/1986/910
f 2958/1960/931 2959/1961/932 2984/1986/910
f 2984/1986/910 2959/1961/932 2985/1987/870
f 2959/1961/932 2960/1962/933 2985/1987/870
f 2985/1987/870 2960/1962/933 2986/1988/947
f 2960/1962/933 2961/1963/934 2986/1988/947
f 2986/1988/947 2961/1963/934 2987/1989/948
f 2961/1963/934 2962/1964/935 2987/1989/948
f 2987/1989/948 2962/1964/935 2988/1990/949
f 2962/1964/935 2963/1965/912 2988/1990/949
f 2988/1990/949 2963/1965/912 2989/1991/878
f 2963/1965/912 2964/1966/913 2989/1991/878
f 2989/1991/878 2964/1966/913 2990/1992/905
f 2964/1966/913 2965/1967/940 2990/1992/905
f 2990/1992/905 2965/1967/940 2991/1993/950
f 2965/1967/940 2966/1968/915 2991/1993/950
f 2991/1993/950 2966/1968/915 2992/1994/906
f 2966/1968/915 2967/1969/916 2992/1994/906
f 2992/1994/906 2967/1969/916 2993/1995/886
f 2967/1969/916 2968/1970/917 2993/1995/886
f 2993/1995/886 2968/1970/917 2994/1996/951
f 2968/1970/917 2969/1971/941 2994/1996/951
f 2994/1996/951 2969/1971/941 2995/1997/890
f 2969/1971/941 2970/1972/919 2995/1997/890
f 2995/1997/890 2970/1972/919 2996/1998/952
f 2970/1972/919 2971/1973/920 2996/1998/952
f 2996/1998/952 2971/1973/920 2997/1999/894
f 2971/1973/920 2972/1974/942 2997/1999/894
f 2997/1999/894 2972/1974/942 2998/2000/953
f 2972/1974/942 2973/1975/922 2998/2000/953
f 2998/2000/953 2973/1975/922 2999/2001/908
f 2973/1975/922 2974/1976/943 2999/2001/908
o green_shaft
v 0.488554 -0.003397 -0.099151
v 0.488587 0.027504 -0.094257
v 0.488617 0.055381 -0.080053
v 0.488640 0.077504 -0.057930
v 0.488656 0.091708 -0.030053
v 0.488661 0.096603 0.000849
v 0.488656 0.091708 0.031751
v 0.488640 0.077504 0.059628
v 0.488617 0.055381 0.081751
v 0.488587 0.027504 0.095955
v 0.488554 -0.003397 0.100849
v 0.488522 -0.034299 0.095955
v 0.488492 -0.062176 0.081751
v 0.488468 -0.084298 0.059628
v 0.488452 -0.098503 0.031751
v 0.488447 -0.103397 0.000849
v 0.488452 -0.098503 -0.030053
v 0.488468 -0.084298 -0.057930
v 0.488492 -0.062176 -0.080053
v 0.488522 -0.034299 -0.094257
v 0.488554 -0.003397 -0.099151
v -1.511445 -0.001258 -0.129151
v -1.511401 0.038914 -0.122788
v -1.511363 0.075154 -0.104323
v -1.511332 0.103914 -0.075563
v -1.511313 0.122379 -0.039323
v -1.511306 0.128742 0.000849
v -1.511313 0.122379 0.041021
v -1.511332 0.103914 0.077261
v -1.511363 0.075154 0.106021
v -1.511401 0.038914 0.124486
v -1.511445 -0.001258 0.130849
v -1.511488 -0.041430 0.124486
v -1.511527 -0.077670 0.106021
v -1.511557 -0.106430 0.077261
v -1.511577 -0.124895 0.041021
v -1.511584 -0.131258 0.000849
v -1.511577 -0.124895 -0.039323
v -1.511557 -0.106430 -0.075563
v -1.511527 -0.077670 -0.104323
v -1.511488 -0.041430 -0.122788
v -1.511445 -0.001258 -0.129151
v 0.488554 -0.003397 0.000849
v 0.488554 -0.003397 0.000849
v 0.488554 -0.003397 0.000849
v 0.488554 -0.003397 0.000849
v 0.488554 -0.003397 0.000849
v 0.488554 -0.003397 0.000849
v 0.488554 -0.003397 0.000849
v 0.488554 -0.003397 0.000849
v 0.488554 -0.003397 0.000849
v 0.488554 -0.003397 0.000849
v 0.488554 -0.003397 0.000849
v 0.488554 -0.003397 0.000849
v 0.488554 -0.003397 0.000849
v 0.488554 -0.003397 0.000849
v 0.488554 -0.003397 0.000849
v 0.488554 -0.003397 0.000849
v 0.488554 -0.003397 0.000849
v 0.488554 -0.003397 0.000849
v 0.488554 -0.003397 0.000849
v 0.488554 -0.003397 0.000849
v 0.488554 -0.003397 -0.099151
v 0.488587 0.027504 -0.094257
v 0.488617 0.055381 -0.080053
v 0.488640 0.077504 -0.057930
v 0.488656 0.091708 -0.030053
v 0.488661 0.096603 0.000849
v 0.488656 0.091708 0.031751
v 0.488640 0.077504 0.059628
v 0.488617 0.055381 0.081751
v 0.488587 0.027504 0.095955
v 0.488554 -0.003397 0.100849
v 0.488522 -0.034299 0.095955
v 0.488492 -0.062176 0.081751
v 0.488468 -0.084298 0.059628
v 0.488452 -0.098503 0.031751
v 0.488447 -0.103397 0.000849
v 0.488452 -0.098503 -0.030053
v 0.488468 -0.084298 -0.057930
v 0.488492 -0.062176 -0.080053
v 0.488522 -0.034299 -0.094257
v 0.488554 -0.003397 -0.099151
v -1.511445 -0.001258 0.000849
v -1.511445 -0.001258 0.000849
v -1.511445 -0.001258 0.000849
v -1.511445 -0.001258 0.000849
v -1.511445 -0.001258 0.000849
v -1.511445 -0.001258 0.000849
v -1.511445 -0.001258 0.000849
v -1.511445 -0.001258 0.000849
v -1.511445 -0.001258 0.000849
v -1.511445 -0.001258 0.000849
v -1.511445 -0.001258 0.000849
v -1.511445 -0.001258 0.000849
v -1.511445 -0.001258 0.000849
v -1.511445 -0.001258 0.000849
v -1.511445 -0.001258 0.000849
v -1.511445 -0.001258 0.000849
v -1.511445 -0.001258 0.000849
v -1.511445 -0.001258 0.000849
v -1.511445 -0.001258 0.000849
v -1.511445 -0.001258 0.000849
v -1.511445 -0.001258 -0.129151
v -1.511401 0.038914 -0.122788
v -1.511363 0.075154 -0.104323
v -1.511332 0.103914 -0.075563
v -1.511313 0.122379 -0.039323
v -1.511306 0.128742 0.000849
v -1.511313 0.122379 0.041021
v -1.511332 0.103914 0.077261
v -1.511363 0.075154 0.106021
v -1.511401 0.038914 0.124486
v -1.511445 -0.001258 0.130849
v -1.511488 -0.041430 0.124486
v -1.511527 -0.077670 0.106021
v -1.511557 -0.106430 0.077261
v -1.511577 -0.124895 0.041021
v -1.511584 -0.131258 0.000849
v -1.511577 -0.124895 -0.039323
v -1.511557 -0.106430 -0.075563
v -1.511527 -0.077670 -0.104323
v -1.511488 -0.041430 -0.122788
v -1.511445 -0.001258 -0.129151
vn 0.0150 -0.0000 -0.9999
vn 0.0150 0.0001 -0.9999
vn 0.0153 0.3090 -0.9510
vn 0.0153 0.3090 -0.9509
vn 0.0156 0.5877 -0.8089
vn 0.0159 0.8089 -0.5877
vn 0.0160 0.9509 -0.3090
vn 0.0161 0.9999 -0.0000
vn 0.0160 0.9509 0.3090
vn 0.0159 0.8089 0.5877
vn 0.0156 0.5877 0.8089
vn 0.0153 0.3090 0.9510
vn 0.0153 0.3090 0.9509
vn 0.0150 -0.0000 0.9999
vn 0.0147 -0.3090 0.9510
vn 0.0147 -0.3090 0.9509
vn 0.0144 -0.5877 0.8089
vn 0.0141 -0.8089 0.5877
vn 0.0140 -0.9510 0.3090
vn 0.0139 -0.9999 -0.0000
vn 0.0140 -0.9510 -0.3090
vn 0.0141 -0.8089 -0.5877
vn 0.0144 -0.5877 -0.8089
vn 0.0147 -0.3090 -0.9510
vn 0.0147 -0.3090 -0.9509
vn 0.0150 -0.0001 -0.9999
vn 1.0000 -0.0011 -0.0000
vn 1.0000 -0.0010 -0.0000
vn -1.0000 0.0011 -0.0000
vt 0.000000 1.000000
vt 0.000000 0.000000
vt 0.050000 1.000000
vt 0.050000 0.000000
vt 0.100000 1.000000
vt 0.100000 0.000000
vt 0.150000 1.000000
vt 0.150000 0.000000
vt 0.200000 1.000000
vt 0.200000 0.000000
vt 0.250000 1.000000
vt 0.250000 0.000000
vt 0.300000 1.000000
vt 0.300000 0.000000
vt 0.350000 1.000000
vt 0.350000 0.000000
vt 0.400000 1.000000
vt 0.400000 0.000000
vt 0.450000 1.000000
vt 0.450000 0.000000
vt 0.500000 1.000000
vt 0.500000 0.000000
vt 0.550000 1.000000
vt 0.550000 0.000000
vt 0.600000 1.000000
vt 0.600000 0.000000
vt 0.650000 1.000000
vt 0.650000 0.000000
vt 0.700000 1.000000
vt 0.700000 0.000000
vt 0.750000 1.000000
vt 0.750000 0.000000
vt 0.800000 1.000000
vt 0.800000 0.000000
vt 0.850000 1.000000
vt 0.850000 0.000000
vt 0.900000 1.000000
vt 0.900000 0.000000
vt 0.950000 1.000000
vt 0.950000 0.000000
vt 1.000000 1.000000
vt 1.000000 0.000000
vt 1.000000 0.500000
vt 0.975528 0.654508
vt 0.500000 0.500000
vt 0.904508 0.793893
vt 0.793893 0.904508
vt 0.654508 0.975528
vt 0.345491 0.975528
vt 0.206107 0.904508
vt 0.095492 0.793893
vt 0.024472 0.654508
vt 0.000000 0.500000
vt 0.024472 0.345491
vt 0.095492 0.206107
vt 0.206107 0.095492
vt 0.345491 0.024472
vt 0.654508 0.024472
vt 0.793893 0.095492
vt 0.904508 0.206107
vt 0.975528 0.345491
s 1
usemtl green_plastic
f 3000/2002/954 3021/2003/955 3001/2004/956
f 3021/2003/955 3022/2005/957 3001/2004/956
f 3001/2004/956 3022/2005/957 3002/2006/958
f 3022/2005/957 3023/2007/958 3002/2006/958
f 3002/2006/958 3023/2007/958 3003/2008/959
f 3023/2007/958 3024/2009/959 3003/2008/959
f 3003/2008/959 3024/2009/959 3004/2010/960
f 3024/2009/959 3025/2011/960 3004/2010/960
f 3004/2010/960 3025/2011/960 3005/2012/961
f 3025/2011/960 3026/2013/961 3005/2012/961
f 3005/2012/961 3026/2013/961 3006/2014/962
f 3026/2013/961 3027/2015/962 3006/2014/962
f 3006/2014/962 3027/2015/962 3007/2016/963
f 3027/2015/962 3028/2017/963 3007/2016/963
f 3007/2016/963 3028/2017/963 3008/2018/964
f 3028/2017/963 3029/2019/964 3008/2018/964
f 3008/2018/964 3029/2019/964 3009/2020/965
f 3029/2019/964 3030/2021/966 3009/2020/965
f 3009/2020/965 3030/2021/966 3010/2022/967
f 3030/2021/966 3031/2023/967 3010/2022/967
f 3010/2022/967 3031/2023/967 3011/2024/968
f 3031/2023/967 3032/2025/969 3011/2024/968
f 3011/2024/968 3032/2025/969 3012/2026/970
f 3032/2025/969 3033/2027/970 3012/2026/970
f 3012/2026/970 3033/2027/970 3013/2028/971
f 3033/2027/970 3034/2029/971 3013/2028/971
f 3013/2028/971 3034/2029/971 3014/2030/972
f 3034/2029/971 3035/2031/972 3014/2030/972
f 3014/2030/972 3035/2031/972 3015/2032/973
f 3035/2031/972 3036/2033/973 3015/2032/973
f 3015/2032/973 3036/2033/973 3016/2034/974
f 3036/2033/973 3037/2035/974 3016/2034/974
f 3016/2034/974 3037/2035/974 3017/2036/975
f 3037/2035/974 3038/2037/975 3017/2036/975
f 3017/2036/975 3038/2037/975 3018/2038/976
f 3038/2037/975 3039/2039/976 3018/2038/976
f 3018/2038/976 3039/2039/976 3019/2040/977
f 3039/2039/976 3040/2041/978 3019/2040/977
f 3019/2040/977 3040/2041/978 3020/2042/979
f 3040/2041/978 3041/2043/979 3020/2042/979
f 3062/2044/980 3063/2045/980 3042/2046/980
f 3063/2045/980 3064/2047/980 3043/2046/980
f 3064/2047/980 3065/2048/980 3044/2046/980
f 3065/2048/980 3066/2049/980 3045/2046/980
f 3066/2049/980 3067/2022/980 3046/2046/980
f 3067/2022/980 3068/2050/980 3047/2046/980
f 3068/2050/980 3069/2051/980 3048/2046/980
f 3069/2051/980 3070/2052/980 3049/2046/980
f 3070/2052/980 3071/2053/980 3050/2046/980
f 3071/2053/980 3072/2054/980 3051/2046/980
f 3072/2054/981 3073/2055/981 3052/2046/981
f 3073/2055/980 3074/2056/980 3053/2046/980
f 3074/2056/980 3075/2057/980 3054/2046/980
f 3075/2057/980 3076/2058/980 3055/2046/980
f 3076/2058/980 3077/2023/980 3056/2046/980
f 3077/2023/980 3078/2059/980 3057/2046/980
f 3078/2059/980 3079/2060/980 3058/2046/980
f 3079/2060/980 3080/2061/980 3059/2046/980
f 3080/2061/980 3081/2062/980 3060/2046/980
f 3081/2062/981 3082/2044/981 3061/2046/981
f 3104/2062/982 3103/2044/982 3083/2046/982
f 3105/2061/982 3104/2062/982 3084/2046/982
f 3106/2060/982 3105/2061/982 3085/2046/982
f 3107/2059/982 3106/2060/982 3086/2046/982
f 3108/2023/982 3107/2059/982 3087/2046/982
f 3109/2058/982 3108/2023/982 3088/2046/982
f 3110/2057/982 3109/2058/982 3089/2046/982
f 3111/2056/982 3110/2057/982 3090/2046/982
f 3112/2055/982 3111/2056/982 3091/2046/982
f 3113/2054/982 3112/2055/982 3092/2046/982
f 3114/2053/982 3113/2054/982 3093/2046/982
f 3115/2052/982 3114/2053/982 3094/2046/982
f 3116/2051/982 3115/2052/982 3095/2046/982
f 3117/2050/982 3116/2051/982 3096/2046/982
f 3118/2022/982 3117/2050/982 3097/2046/982
f 3119/2049/982 3118/2022/982 3098/2046/982
f 3120/2048/982 3119/2049/982 3099/2046/982
f 3121/2047/982 3120/2048/982 3100/2046/982
f 3122/2045/982 3121/2047/982 3101/2046/982
f 3123/2044/982 3122/2045/982 3102/2046/982
o green_tip
v 3.088552 -0.006179 -0.009151
v 3.088556 -0.002353 -0.008390
v 3.088560 0.000892 -0.006222
v 3.088562 0.003060 -0.002978
v 3.088563 0.003821 0.000849
v 3.088562 0.003060 0.004676
v 3.088560 0.000892 0.007920
v 3.088556 -0.002353 0.010088
v 3.088552 -0.006179 0.010849
v 3.088547 -0.010006 0.010088
v 3.088544 -0.013250 0.007920
v 3.088542 -0.015417 0.004676
v 3.088542 -0.016179 0.000849
v 3.088542 -0.015417 -0.002978
v 3.088544 -0.013250 -0.006222
v 3.088547 -0.010006 -0.008390
v 3.088552 -0.006179 -0.009151
v 1.988553 -0.005002 -0.044151
v 1.988571 0.012219 -0.040726
v 1.988587 0.026818 -0.030971
v 1.988597 0.036572 -0.016372
v 1.988601 0.039998 0.000849
v 1.988597 0.036572 0.018070
v 1.988587 0.026818 0.032669
v 1.988571 0.012219 0.042424
v 1.988553 -0.005002 0.045849
v 1.988535 -0.022223 0.042424
v 1.988519 -0.036822 0.032669
v 1.988508 -0.046576 0.018070
v 1.988504 -0.050002 0.000849
v 1.988508 -0.046576 -0.016372
v 1.988519 -0.036822 -0.030971
v 1.988535 -0.022223 -0.040726
v 1.988553 -0.005002 -0.044151
v 3.088552 -0.006179 0.000849
v 3.088552 -0.006179 0.000849
v 3.088552 -0.006179 0.000849
v 3.088552 -0.006179 0.000849
v 3.088552 -0.006179 0.000849
v 3.088552 -0.006179 0.000849
v 3.088552 -0.006179 0.000849
v 3.088552 -0.006179 0.000849
v 3.088552 -0.006179 0.000849
v 3.088552 -0.006179 0.000849
v 3.088552 -0.006179 0.000849
v 3.088552 -0.006179 0.000849
v 3.088552 -0.006179 0.000849
v 3.088552 -0.006179 0.000849
v 3.088552 -0.006179 0.000849
v 3.088552 -0.006179 0.000849
v 3.088552 -0.006179 -0.009151
v 3.088556 -0.002353 -0.008390
v 3.088560 0.000892 -0.006222
v 3.088562 0.003060 -0.002978
v 3.088563 0.003821 0.000849
v 3.088562 0.003060 0.004676
v 3.088560 0.000892 0.007920
v 3.088556 -0.002353 0.010088
v 3.088552 -0.006179 0.010849
v 3.088547 -0.010006 0.010088
v 3.088544 -0.013250 0.007920
v 3.088542 -0.015417 0.004676
v 3.088542 -0.016179 0.000849
v 3.088542 -0.015417 -0.002978
v 3.088544 -0.013250 -0.006222
v 3.088547 -0.010006 -0.008390
v 3.088552 -0.006179 -0.009151
v 1.988553 -0.005002 0.000849
v 1.988553 -0.005002 0.000849
v 1.988553 -0.005002 0.000849
v 1.988553 -0.005002 0.000849
v 1.988553 -0.005002 0.000849
v 1.988553 -0.005002 0.000849
v 1.988553 -0.005002 0.000849
v 1.988553 -0.005002 0.000849
v 1.988553 -0.005002 0.000849
v 1.988553 -0.005002 0.000849
v 1.988553 -0.005002 0.000849
v 1.988553 -0.005002 0.000849
v 1.988553 -0.005002 0.000849
v 1.988553 -0.005002 0.000849
v 1.988553 -0.005002 0.000849
v 1.988553 -0.005002 0.000849
v 1.988553 -0.005002 -0.044151
v 1.988571 0.012219 -0.040726
v 1.988587 0.026818 -0.030971
v 1.988597 0.036572 -0.016372
v 1.988601 0.039998 0.000849
v 1.988597 0.036572 0.018070
v 1.988587 0.026818 0.032669
v 1.988571 0.012219 0.042424
v 1.988553 -0.005002 0.045849
v 1.988535 -0.022223 0.042424
v 1.988519 -0.036822 0.032669
v 1.988508 -0.046576 0.018070
v 1.988504 -0.050002 0.000849
v 1.988508 -0.046576 -0.016372
v 1.988519 -0.036822 -0.030971
v 1.988535 -0.022223 -0.040726
v 1.988553 -0.005002 -0.044151
vn 0.0319 0.0001 -0.9995
vn 0.0317 -0.0000 -0.9995
vn 0.0322 0.3825 -0.9234
vn 0.0326 0.7067 -0.7068
vn 0.0326 0.7067 -0.7067
vn 0.0328 0.9234 -0.3825
vn 0.0329 0.9995 -0.0000
vn 0.0328 0.9234 0.3825
vn 0.0326 0.7067 0.7068
vn 0.0326 0.7067 0.7067
vn 0.0322 0.3825 0.9234
vn 0.0318 -0.0000 0.9995
vn 0.0314 -0.3825 0.9234
vn 0.0310 -0.7068 0.7067
vn 0.0308 -0.9234 0.3825
vn 0.0307 -0.9995 -0.0000
vn 0.0308 -0.9234 -0.3825
vn 0.0310 -0.7068 -0.7067
vn 0.0314 -0.3825 -0.9234
vn 0.0318 -0.0001 -0.9995
vn 1.0000 -0.0012 -0.0000
vn 1.0000 -0.0011 -0.0000
vn 1.0000 -0.0012 -0.0001
vn 1.0000 -0.0012 0.0001
vn 1.0000 -0.0009 0.0002
vn 1.0000 -0.0010 -0.0001
vn 1.0000 -0.0010 0.0001
vn 1.0000 -0.0009 -0.0002
vn -1.0000 0.0010 -0.0000
vn -1.0000 0.0011 -0.0000
vt 0.000000 1.000000
vt 0.000000 0.000000
vt 0.062500 1.000000
vt 0.062500 0.000000
vt 0.125000 1.000000
vt 0.125000 0.000000
vt 0.187500 1.000000
vt 0.187500 0.000000
vt 0.250000 1.000000
vt 0.250000 0.000000
vt 0.312500 1.000000
vt 0.312500 0.000000
vt 0.375000 1.000000
vt 0.375000 0.000000
vt 0.437500 1.000000
vt 0.437500 0.000000
vt 0.500000 1.000000
vt 0.500000 0.000000
vt 0.562500 1.000000
vt 0.562500 0.000000
vt 0.625000 1.000000
vt 0.625000 0.000000
vt 0.687500 1.000000
vt 0.687500 0.000000
vt 0.750000 1.000000
vt 0.750000 0.000000
vt 0.812500 1.000000
vt 0.812500 0.000000
vt 0.875000 1.000000
vt 0.875000 0.000000
vt 0.937500 1.000000
vt 0.937500 0.000000
vt 1.000000 1.000000
vt 1.000000 0.000000
vt 1.000000 0.500000
vt 0.961940 0.691342
vt 0.500000 0.500000
vt 0.853553 0.853553
vt 0.691342 0.961940
vt 0.308658 0.961940
vt 0.146447 0.853553
vt 0.038060 0.691342
vt 0.000000 0.500000
vt 0.038060 0.308658
vt 0.146447 0.146447
vt 0.308658 0.038060
vt 0.691342 0.038060
vt 0.853553 0.146447
vt 0.961940 0.308658
s 1
usemtl steel
f 3124/2063/983 3141/2064/984 3125/2065/985
f 3141/2064/984 3142/2066/985 3125/2065/985
f 3125/2065/985 3142/2066/985 3126/2067/986
f 3142/2066/985 3143/2068/987 3126/2067/986
f 3126/2067/986 3143/2068/987 3127/2069/988
f 3143/2068/987 3144/2070/988 3127/2069/988
f 3127/2069/988 3144/2070/988 3128/2071/989
f 3144/2070/988 3145/2072/989 3128/2071/989
f 3128/2071/989 3145/2072/989 3129/2073/990
f 3145/2072/989 3146/2074/990 3129/2073/990
f 3129/2073/990 3146/2074/990 3130/2075/991
f 3146/2074/990 3147/2076/992 3130/2075/991
f 3130/2075/991 3147/2076/992 3131/2077/993
f 3147/2076/992 3148/2078/993 3131/2077/993
f 3131/2077/993 3148/2078/993 3132/2079/994
f 3148/2078/993 3149/2080/994 3132/2079/994
f 3132/2079/994 3149/2080/994 3133/2081/995
f 3149/2080/994 3150/2082/995 3133/2081/995
f 3133/2081/995 3150/2082/995 3134/2083/996
f 3150/2082/995 3151/2084/996 3134/2083/996
f 3134/2083/996 3151/2084/996 3135/2085/997
f 3151/2084/996 3152/2086/997 3135/2085/997
f 3135/2085/997 3152/2086/997 3136/2087/998
f 3152/2086/997 3153/2088/998 3136/2087/998
f 3136/2087/998 3153/2088/998 3137/2089/999
f 3153/2088/998 3154/2090/999 3137/2089/999
f 3137/2089/999 3154/2090/999 3138/2091/1000
f 3154/2090/999 3155/2092/1000 3138/2091/1000
f 3138/2091/1000 3155/2092/1000 3139/2093/1001
f 3155/2092/1000 3156/2094/1001 3139/2093/1001
f 3139/2093/1001 3156/2094/1001 3140/2095/1002
f 3156/2094/1001 3157/2096/1002 3140/2095/1002
f 3174/2097/1003 3175/2098/1003 3158/2099/1003
f 3175/2098/1004 3176/2100/1004 3159/2099/1004
f 3176/2100/1004 3177/2101/1004 3160/2099/1004
f 3177/2101/1005 3178/2079/1005 3161/2099/1005
f 3178/2079/1006 3179/2102/1006 3162/2099/1006
f 3179/2102/1004 3180/2103/1004 3163/2099/1004
f 3180/2103/1004 3181/2104/1004 3164/2099/1004
f 3181/2104/1003 3182/2105/1003 3165/2099/1003
f 3182/2105/1004 3183/2106/1004 3166/2099/1004
f 3183/2106/1004 3184/2107/1004 3167/2099/1004
f 3184/2107/1007 3185/2108/1007 3168/2099/1007
f 3185/2108/1008 3186/2080/1008 3169/2099/1008
f 3186/2080/1009 3187/2109/1009 3170/2099/1009
f 3187/2109/1010 3188/2110/1010 3171/2099/1010
f 3188/2110/1004 3189/2111/1004 3172/2099/1004
f 3189/2111/1004 3190/2097/1004 3173/2099/1004
f 3208/2111/1011 3207/2097/1011 3191/2099/1011
f 3209/2110/1012 3208/2111/1012 3192/2099/1012
f 3210/2109/1012 3209/2110/1012 3193/2099/1012
f 3211/2080/1012 3210/2109/1012 3194/2099/1012
f 3212/2108/1012 3211/2080/1012 3195/2099/1012
f 3213/2107/1012 3212/2108/1012 3196/2099/1012
f 3214/2106/1012 3213/2107/1012 3197/2099/1012
f 3215/2105/1011 3214/2106/1011 3198/2099/1011
f 3216/2104/1011 3215/2105/1011 3199/2099/1011
f 3217/2103/1012 3216/2104/1012 3200/2099/1012
f 3218/2102/1012 3217/2103/1012 3201/2099/1012
f 3219/2079/1012 3218/2102/1012 3202/2099/1012
f 3220/2101/1012 3219/2079/1012 3203/2099/1012
f 3221/2100/1012 3220/2101/1012 3204/2099/1012
f 3222/2098/1012 3221/2100/1012 3205/2099/1012
f 3223/2097/1011 3222/2098/1011 3206/2099/1011
