mtllib DartBoard_Complete.mtl
o DartBoard_Numbers_3D
v -0.283326 3.490686 0.310000
v -0.283326 3.418697 0.310000
v -0.257392 3.433340 0.310000
v -0.283326 3.490686 0.365000
v -0.283326 3.418697 0.365000
v -0.257392 3.433340 0.365000
v -0.283326 3.490686 0.310000
v -0.257392 3.433340 0.310000
v -0.254969 3.498973 0.310000
v -0.283326 3.490686 0.365000
v -0.257392 3.433340 0.365000
v -0.254969 3.498973 0.365000
v -0.254969 3.498973 0.310000
v -0.257392 3.433340 0.310000
v -0.233109 3.443840 0.310000
v -0.254969 3.498973 0.365000
v -0.257392 3.433340 0.365000
v -0.233109 3.443840 0.365000
v -0.254969 3.498973 0.310000
v -0.233109 3.443840 0.310000
v -0.226929 3.505013 0.310000
v -0.254969 3.498973 0.365000
v -0.233109 3.443840 0.365000
v -0.226929 3.505013 0.365000
v -0.226929 3.505013 0.310000
v -0.233109 3.443840 0.310000
v -0.210529 3.450161 0.310000
v -0.226929 3.505013 0.365000
v -0.233109 3.443840 0.365000
v -0.210529 3.450161 0.365000
v -0.226929 3.505013 0.310000
v -0.210529 3.450161 0.310000
v -0.199327 3.508753 0.310000
v -0.226929 3.505013 0.365000
v -0.210529 3.450161 0.365000
v -0.199327 3.508753 0.365000
v -0.199327 3.508753 0.310000
v -0.210529 3.450161 0.310000
v -0.189845 3.452268 0.310000
v -0.199327 3.508753 0.365000
v -0.210529 3.450161 0.365000
v -0.189845 3.452268 0.365000
v -0.199327 3.508753 0.310000
v -0.189845 3.452268 0.310000
v -0.172287 3.510000 0.310000
v -0.199327 3.508753 0.365000
v -0.189845 3.452268 0.365000
v -0.172287 3.510000 0.365000
v -0.172287 3.510000 0.310000
v -0.189845 3.452268 0.310000
v -0.166703 3.448756 0.310000
v -0.172287 3.510000 0.365000
v -0.189845 3.452268 0.365000
v -0.166703 3.448756 0.365000
v -0.172287 3.510000 0.310000
v -0.166703 3.448756 0.310000
v -0.119998 3.503521 0.310000
v -0.172287 3.510000 0.365000
v -0.166703 3.448756 0.365000
v -0.119998 3.503521 0.365000
v -0.119998 3.503521 0.310000
v -0.166703 3.448756 0.310000
v -0.148689 3.438221 0.310000
v -0.119998 3.503521 0.365000
v -0.166703 3.448756 0.365000
v -0.148689 3.438221 0.365000
v -0.119998 3.503521 0.310000
v -0.148689 3.438221 0.310000
v -0.080843 3.484084 0.310000
v -0.119998 3.503521 0.365000
v -0.148689 3.438221 0.365000
v -0.080843 3.484084 0.365000
v -0.080843 3.484084 0.310000
v -0.148689 3.438221 0.310000
v -0.137100 3.421927 0.310000
v -0.080843 3.484084 0.365000
v -0.148689 3.438221 0.365000
v -0.137100 3.421927 0.365000
v -0.080843 3.484084 0.310000
v -0.137100 3.421927 0.310000
v -0.056402 3.453111 0.310000
v -0.080843 3.484084 0.365000
v -0.137100 3.421927 0.365000
v -0.056402 3.453111 0.365000
v -0.056402 3.453111 0.310000
v -0.137100 3.421927 0.310000
v -0.048255 3.411884 0.310000
v -0.056402 3.453111 0.365000
v -0.137100 3.421927 0.365000
v -0.048255 3.411884 0.365000
v -0.048255 3.411884 0.310000
v -0.137100 3.421927 0.310000
v -0.133237 3.401138 0.310000
v -0.048255 3.411884 0.365000
v -0.137100 3.421927 0.365000
v -0.133237 3.401138 0.365000
v -0.048255 3.411884 0.310000
v -0.133237 3.401138 0.310000
v -0.051714 3.386020 0.310000
v -0.048255 3.411884 0.365000
v -0.133237 3.401138 0.365000
v -0.051714 3.386020 0.365000
v -0.046078 3.176391 0.310000
v -0.046078 3.238478 0.310000
v -0.190267 3.238478 0.310000
v -0.046078 3.176391 0.365000
v -0.046078 3.238478 0.365000
v -0.190267 3.238478 0.365000
v -0.046078 3.176391 0.310000
v -0.190267 3.238478 0.310000
v -0.284239 3.176391 0.310000
v -0.046078 3.176391 0.365000
v -0.190267 3.238478 0.365000
v -0.284239 3.176391 0.365000
v -0.284239 3.176391 0.310000
v -0.190267 3.238478 0.310000
v -0.284239 3.238478 0.310000
v -0.284239 3.176391 0.365000
v -0.190267 3.238478 0.365000
v -0.284239 3.238478 0.365000
v -0.284239 3.238478 0.310000
v -0.190267 3.238478 0.310000
v -0.164632 3.344109 0.310000
v -0.284239 3.238478 0.365000
v -0.190267 3.238478 0.365000
v -0.164632 3.344109 0.365000
v -0.133237 3.401138 0.310000
v -0.135151 3.386512 0.310000
v -0.062091 3.361948 0.310000
v -0.133237 3.401138 0.365000
v -0.135151 3.386512 0.365000
v -0.062091 3.361948 0.365000
v -0.133237 3.401138 0.310000
v -0.062091 3.361948 0.310000
v -0.051714 3.386020 0.310000
v -0.133237 3.401138 0.365000
v -0.062091 3.361948 0.365000
v -0.051714 3.386020 0.365000
v -0.190267 3.238478 0.310000
v -0.120244 3.299932 0.310000
v -0.164632 3.344109 0.310000
v -0.190267 3.238478 0.365000
v -0.120244 3.299932 0.365000
v -0.164632 3.344109 0.365000
v -0.164632 3.344109 0.310000
v -0.120244 3.299932 0.310000
v -0.150655 3.358419 0.310000
v -0.164632 3.344109 0.365000
v -0.120244 3.299932 0.365000
v -0.150655 3.358419 0.365000
v -0.150655 3.358419 0.310000
v -0.120244 3.299932 0.310000
v -0.083547 3.334891 0.310000
v -0.150655 3.358419 0.365000
v -0.120244 3.299932 0.365000
v -0.083547 3.334891 0.365000
v -0.150655 3.358419 0.310000
v -0.083547 3.334891 0.310000
v -0.140893 3.372413 0.310000
v -0.150655 3.358419 0.365000
v -0.083547 3.334891 0.365000
v -0.140893 3.372413 0.365000
v -0.140893 3.372413 0.310000
v -0.083547 3.334891 0.310000
v -0.135151 3.386512 0.310000
v -0.140893 3.372413 0.365000
v -0.083547 3.334891 0.365000
v -0.135151 3.386512 0.365000
v -0.135151 3.386512 0.310000
v -0.083547 3.334891 0.310000
v -0.062091 3.361948 0.310000
v -0.135151 3.386512 0.365000
v -0.083547 3.334891 0.365000
v -0.062091 3.361948 0.365000
v -0.046078 3.238478 0.310000
v -0.046078 3.176391 0.310000
v -0.046078 3.176391 0.365000
v -0.046078 3.238478 0.365000
v -0.046078 3.176391 0.310000
v -0.284239 3.176391 0.310000
v -0.284239 3.176391 0.365000
v -0.046078 3.176391 0.365000
v -0.284239 3.176391 0.310000
v -0.284239 3.238478 0.310000
v -0.284239 3.238478 0.365000
v -0.284239 3.176391 0.365000
v -0.284239 3.238478 0.310000
v -0.164632 3.344109 0.310000
v -0.164632 3.344109 0.365000
v -0.284239 3.238478 0.365000
v -0.164632 3.344109 0.310000
v -0.150655 3.358419 0.310000
v -0.150655 3.358419 0.365000
v -0.164632 3.344109 0.365000
v -0.150655 3.358419 0.310000
v -0.140893 3.372413 0.310000
v -0.140893 3.372413 0.365000
v -0.150655 3.358419 0.365000
v -0.140893 3.372413 0.310000
v -0.135151 3.386512 0.310000
v -0.135151 3.386512 0.365000
v -0.140893 3.372413 0.365000
v -0.135151 3.386512 0.310000
v -0.133237 3.401138 0.310000
v -0.133237 3.401138 0.365000
v -0.135151 3.386512 0.365000
v -0.133237 3.401138 0.310000
v -0.137100 3.421927 0.310000
v -0.137100 3.421927 0.365000
v -0.133237 3.401138 0.365000
v -0.137100 3.421927 0.310000
v -0.148689 3.438221 0.310000
v -0.148689 3.438221 0.365000
v -0.137100 3.421927 0.365000
v -0.148689 3.438221 0.310000
v -0.166703 3.448756 0.310000
v -0.166703 3.448756 0.365000
v -0.148689 3.438221 0.365000
v -0.166703 3.448756 0.310000
v -0.189845 3.452268 0.310000
v -0.189845 3.452268 0.365000
v -0.166703 3.448756 0.365000
v -0.189845 3.452268 0.310000
v -0.210529 3.450161 0.310000
v -0.210529 3.450161 0.365000
v -0.189845 3.452268 0.365000
v -0.210529 3.450161 0.310000
v -0.233109 3.443840 0.310000
v -0.233109 3.443840 0.365000
v -0.210529 3.450161 0.365000
v -0.233109 3.443840 0.310000
v -0.257392 3.433340 0.310000
v -0.257392 3.433340 0.365000
v -0.233109 3.443840 0.365000
v -0.257392 3.433340 0.310000
v -0.283326 3.418697 0.310000
v -0.283326 3.418697 0.365000
v -0.257392 3.433340 0.365000
v -0.283326 3.418697 0.310000
v -0.283326 3.490686 0.310000
v -0.283326 3.490686 0.365000
v -0.283326 3.418697 0.365000
v -0.283326 3.490686 0.310000
v -0.254969 3.498973 0.310000
v -0.254969 3.498973 0.365000
v -0.283326 3.490686 0.365000
v -0.254969 3.498973 0.310000
v -0.226929 3.505013 0.310000
v -0.226929 3.505013 0.365000
v -0.254969 3.498973 0.365000
v -0.226929 3.505013 0.310000
v -0.199327 3.508753 0.310000
v -0.199327 3.508753 0.365000
v -0.226929 3.505013 0.365000
v -0.199327 3.508753 0.310000
v -0.172287 3.510000 0.310000
v -0.172287 3.510000 0.365000
v -0.199327 3.508753 0.365000
v -0.172287 3.510000 0.310000
v -0.119998 3.503521 0.310000
v -0.119998 3.503521 0.365000
v -0.172287 3.510000 0.365000
v -0.119998 3.503521 0.310000
v -0.080843 3.484084 0.310000
v -0.080843 3.484084 0.365000
v -0.119998 3.503521 0.365000
v -0.080843 3.484084 0.310000
v -0.056402 3.453111 0.310000
v -0.056402 3.453111 0.365000
v -0.080843 3.484084 0.365000
v -0.056402 3.453111 0.310000
v -0.048255 3.411884 0.310000
v -0.048255 3.411884 0.365000
v -0.056402 3.453111 0.365000
v -0.048255 3.411884 0.310000
v -0.051714 3.386020 0.310000
v -0.051714 3.386020 0.365000
v -0.048255 3.411884 0.365000
v -0.051714 3.386020 0.310000
v -0.062091 3.361948 0.310000
v -0.062091 3.361948 0.365000
v -0.051714 3.386020 0.365000
v -0.062091 3.361948 0.310000
v -0.083547 3.334891 0.310000
v -0.083547 3.334891 0.365000
v -0.062091 3.361948 0.365000
v -0.083547 3.334891 0.310000
v -0.120244 3.299932 0.310000
v -0.120244 3.299932 0.365000
v -0.083547 3.334891 0.365000
v -0.120244 3.299932 0.310000
v -0.190267 3.238478 0.310000
v -0.190267 3.238478 0.365000
v -0.120244 3.299932 0.365000
v -0.190267 3.238478 0.310000
v -0.046078 3.238478 0.310000
v -0.046078 3.238478 0.365000
v -0.190267 3.238478 0.365000
v 0.049589 3.465753 0.310000
v 0.023252 3.412200 0.310000
v 0.110622 3.427125 0.310000
v 0.049589 3.465753 0.365000
v 0.023252 3.412200 0.365000
v 0.110622 3.427125 0.365000
v 0.049589 3.465753 0.310000
v 0.110622 3.427125 0.310000
v 0.092116 3.498938 0.310000
v 0.049589 3.465753 0.365000
v 0.110622 3.427125 0.365000
v 0.092116 3.498938 0.365000
v 0.092116 3.498938 0.310000
v 0.110622 3.427125 0.310000
v 0.126161 3.445982 0.310000
v 0.092116 3.498938 0.365000
v 0.110622 3.427125 0.365000
v 0.126161 3.445982 0.365000
v 0.092116 3.498938 0.310000
v 0.126161 3.445982 0.310000
v 0.149461 3.510000 0.310000
v 0.092116 3.498938 0.365000
v 0.126161 3.445982 0.365000
v 0.149461 3.510000 0.365000
v 0.149461 3.510000 0.310000
v 0.126161 3.445982 0.310000
v 0.149461 3.452268 0.310000
v 0.149461 3.510000 0.365000
v 0.126161 3.445982 0.365000
v 0.149461 3.452268 0.365000
v 0.149461 3.510000 0.310000
v 0.149461 3.452268 0.310000
v 0.172779 3.445982 0.310000
v 0.149461 3.510000 0.365000
v 0.149461 3.452268 0.365000
v 0.172779 3.445982 0.365000
v 0.149461 3.510000 0.310000
v 0.172779 3.445982 0.310000
v 0.206649 3.498938 0.310000
v 0.149461 3.510000 0.365000
v 0.172779 3.445982 0.365000
v 0.206649 3.498938 0.365000
v 0.206649 3.498938 0.310000
v 0.172779 3.445982 0.310000
v 0.188230 3.427125 0.310000
v 0.206649 3.498938 0.365000
v 0.172779 3.445982 0.365000
v 0.188230 3.427125 0.365000
v 0.206649 3.498938 0.310000
v 0.188230 3.427125 0.310000
v 0.249122 3.465753 0.310000
v 0.206649 3.498938 0.365000
v 0.188230 3.427125 0.365000
v 0.249122 3.465753 0.365000
v 0.249122 3.465753 0.310000
v 0.188230 3.427125 0.310000
v 0.275460 3.412200 0.310000
v 0.249122 3.465753 0.365000
v 0.188230 3.427125 0.365000
v 0.275460 3.412200 0.365000
v 0.275460 3.412200 0.310000
v 0.188230 3.427125 0.310000
v 0.196869 3.392956 0.310000
v 0.275460 3.412200 0.365000
v 0.188230 3.427125 0.365000
v 0.196869 3.392956 0.365000
v 0.275460 3.412200 0.310000
v 0.196869 3.392956 0.310000
v 0.284239 3.339895 0.310000
v 0.275460 3.412200 0.365000
v 0.196869 3.392956 0.365000
v 0.284239 3.339895 0.365000
v 0.284239 3.339895 0.310000
v 0.196869 3.392956 0.310000
v 0.199748 3.340597 0.310000
v 0.284239 3.339895 0.365000
v 0.196869 3.392956 0.365000
v 0.199748 3.340597 0.365000
v 0.284239 3.339895 0.310000
v 0.199748 3.340597 0.310000
v 0.196834 3.287606 0.310000
v 0.284239 3.339895 0.365000
v 0.199748 3.340597 0.365000
v 0.196834 3.287606 0.365000
v 0.284239 3.339895 0.310000
v 0.196834 3.287606 0.310000
v 0.275460 3.267782 0.310000
v 0.284239 3.339895 0.365000
v 0.196834 3.287606 0.365000
v 0.275460 3.267782 0.365000
v 0.249122 3.214247 0.310000
v 0.275460 3.267782 0.310000
v 0.188089 3.252946 0.310000
v 0.249122 3.214247 0.365000
v 0.275460 3.267782 0.365000
v 0.188089 3.252946 0.365000
v 0.249122 3.214247 0.310000
v 0.188089 3.252946 0.310000
v 0.206649 3.181062 0.310000
v 0.249122 3.214247 0.365000
v 0.188089 3.252946 0.365000
v 0.206649 3.181062 0.365000
v 0.206649 3.181062 0.310000
v 0.188089 3.252946 0.310000
v 0.172638 3.233877 0.310000
v 0.206649 3.181062 0.365000
v 0.188089 3.252946 0.365000
v 0.172638 3.233877 0.365000
v 0.206649 3.181062 0.310000
v 0.172638 3.233877 0.310000
v 0.149461 3.170000 0.310000
v 0.206649 3.181062 0.365000
v 0.172638 3.233877 0.365000
v 0.149461 3.170000 0.365000
v 0.149461 3.170000 0.310000
v 0.172638 3.233877 0.310000
v 0.149461 3.227521 0.310000
v 0.149461 3.170000 0.365000
v 0.172638 3.233877 0.365000
v 0.149461 3.227521 0.365000
v 0.149461 3.170000 0.310000
v 0.149461 3.227521 0.310000
v 0.126161 3.233877 0.310000
v 0.149461 3.170000 0.365000
v 0.149461 3.227521 0.365000
v 0.126161 3.233877 0.365000
v 0.149461 3.170000 0.310000
v 0.126161 3.233877 0.310000
v 0.092116 3.181062 0.310000
v 0.149461 3.170000 0.365000
v 0.126161 3.233877 0.365000
v 0.092116 3.181062 0.365000
v 0.092116 3.181062 0.310000
v 0.126161 3.233877 0.310000
v 0.110622 3.252946 0.310000
v 0.092116 3.181062 0.365000
v 0.126161 3.233877 0.365000
v 0.110622 3.252946 0.365000
v 0.092116 3.181062 0.310000
v 0.110622 3.252946 0.310000
v 0.049589 3.214247 0.310000
v 0.092116 3.181062 0.365000
v 0.110622 3.252946 0.365000
v 0.049589 3.214247 0.365000
v 0.049589 3.214247 0.310000
v 0.110622 3.252946 0.310000
v 0.023252 3.267782 0.310000
v 0.049589 3.214247 0.365000
v 0.110622 3.252946 0.365000
v 0.023252 3.267782 0.365000
v 0.023252 3.267782 0.310000
v 0.110622 3.252946 0.310000
v 0.101878 3.287606 0.310000
v 0.023252 3.267782 0.365000
v 0.110622 3.252946 0.365000
v 0.101878 3.287606 0.365000
v 0.023252 3.267782 0.310000
v 0.101878 3.287606 0.310000
v 0.014472 3.339895 0.310000
v 0.023252 3.267782 0.365000
v 0.101878 3.287606 0.365000
v 0.014472 3.339895 0.365000
v 0.014472 3.339895 0.310000
v 0.101878 3.287606 0.310000
v 0.098963 3.340597 0.310000
v 0.014472 3.339895 0.365000
v 0.101878 3.287606 0.365000
v 0.098963 3.340597 0.365000
v 0.014472 3.339895 0.310000
v 0.098963 3.340597 0.310000
v 0.101878 3.392956 0.310000
v 0.014472 3.339895 0.365000
v 0.098963 3.340597 0.365000
v 0.101878 3.392956 0.365000
v 0.014472 3.339895 0.310000
v 0.101878 3.392956 0.310000
v 0.023252 3.412200 0.310000
v 0.014472 3.339895 0.365000
v 0.101878 3.392956 0.365000
v 0.023252 3.412200 0.365000
v 0.023252 3.412200 0.310000
v 0.101878 3.392956 0.310000
v 0.110622 3.427125 0.310000
v 0.023252 3.412200 0.365000
v 0.101878 3.392956 0.365000
v 0.110622 3.427125 0.365000
v 0.196834 3.287606 0.310000
v 0.188089 3.252946 0.310000
v 0.275460 3.267782 0.310000
v 0.196834 3.287606 0.365000
v 0.188089 3.252946 0.365000
v 0.275460 3.267782 0.365000
v 0.275460 3.267782 0.310000
v 0.249122 3.214247 0.310000
v 0.249122 3.214247 0.365000
v 0.275460 3.267782 0.365000
v 0.249122 3.214247 0.310000
v 0.206649 3.181062 0.310000
v 0.206649 3.181062 0.365000
v 0.249122 3.214247 0.365000
v 0.206649 3.181062 0.310000
v 0.149461 3.170000 0.310000
v 0.149461 3.170000 0.365000
v 0.206649 3.181062 0.365000
v 0.149461 3.170000 0.310000
v 0.092116 3.181062 0.310000
v 0.092116 3.181062 0.365000
v 0.149461 3.170000 0.365000
v 0.092116 3.181062 0.310000
v 0.049589 3.214247 0.310000
v 0.049589 3.214247 0.365000
v 0.092116 3.181062 0.365000
v 0.049589 3.214247 0.310000
v 0.023252 3.267782 0.310000
v 0.023252 3.267782 0.365000
v 0.049589 3.214247 0.365000
v 0.023252 3.267782 0.310000
v 0.014472 3.339895 0.310000
v 0.014472 3.339895 0.365000
v 0.023252 3.267782 0.365000
v 0.014472 3.339895 0.310000
v 0.023252 3.412200 0.310000
v 0.023252 3.412200 0.365000
v 0.014472 3.339895 0.365000
v 0.023252 3.412200 0.310000
v 0.049589 3.465753 0.310000
v 0.049589 3.465753 0.365000
v 0.023252 3.412200 0.365000
v 0.049589 3.465753 0.310000
v 0.092116 3.498938 0.310000
v 0.092116 3.498938 0.365000
v 0.049589 3.465753 0.365000
v 0.092116 3.498938 0.310000
v 0.149461 3.510000 0.310000
v 0.149461 3.510000 0.365000
v 0.092116 3.498938 0.365000
v 0.149461 3.510000 0.310000
v 0.206649 3.498938 0.310000
v 0.206649 3.498938 0.365000
v 0.149461 3.510000 0.365000
v 0.206649 3.498938 0.310000
v 0.249122 3.465753 0.310000
v 0.249122 3.465753 0.365000
v 0.206649 3.498938 0.365000
v 0.249122 3.465753 0.310000
v 0.275460 3.412200 0.310000
v 0.275460 3.412200 0.365000
v 0.249122 3.465753 0.365000
v 0.275460 3.412200 0.310000
v 0.284239 3.339895 0.310000
v 0.284239 3.339895 0.365000
v 0.275460 3.412200 0.365000
v 0.284239 3.339895 0.310000
v 0.275460 3.267782 0.310000
v 0.275460 3.267782 0.365000
v 0.284239 3.339895 0.365000
v 0.196869 3.392956 0.310000
v 0.188230 3.427125 0.310000
v 0.188230 3.427125 0.365000
v 0.196869 3.392956 0.365000
v 0.188230 3.427125 0.310000
v 0.172779 3.445982 0.310000
v 0.172779 3.445982 0.365000
v 0.188230 3.427125 0.365000
v 0.172779 3.445982 0.310000
v 0.149461 3.452268 0.310000
v 0.149461 3.452268 0.365000
v 0.172779 3.445982 0.365000
v 0.149461 3.452268 0.310000
v 0.126161 3.445982 0.310000
v 0.126161 3.445982 0.365000
v 0.149461 3.452268 0.365000
v 0.126161 3.445982 0.310000
v 0.110622 3.427125 0.310000
v 0.110622 3.427125 0.365000
v 0.126161 3.445982 0.365000
v 0.110622 3.427125 0.310000
v 0.101878 3.392956 0.310000
v 0.101878 3.392956 0.365000
v 0.110622 3.427125 0.365000
v 0.101878 3.392956 0.310000
v 0.098963 3.340597 0.310000
v 0.098963 3.340597 0.365000
v 0.101878 3.392956 0.365000
v 0.098963 3.340597 0.310000
v 0.101878 3.287606 0.310000
v 0.101878 3.287606 0.365000
v 0.098963 3.340597 0.365000
v 0.101878 3.287606 0.310000
v 0.110622 3.252946 0.310000
v 0.110622 3.252946 0.365000
v 0.101878 3.287606 0.365000
v 0.110622 3.252946 0.310000
v 0.126161 3.233877 0.310000
v 0.126161 3.233877 0.365000
v 0.110622 3.252946 0.365000
v 0.126161 3.233877 0.310000
v 0.149461 3.227521 0.310000
v 0.149461 3.227521 0.365000
v 0.126161 3.233877 0.365000
v 0.149461 3.227521 0.310000
v 0.172638 3.233877 0.310000
v 0.172638 3.233877 0.365000
v 0.149461 3.227521 0.365000
v 0.172638 3.233877 0.310000
v 0.188089 3.252946 0.310000
v 0.188089 3.252946 0.365000
v 0.172638 3.233877 0.365000
v 0.188089 3.252946 0.310000
v 0.196834 3.287606 0.310000
v 0.196834 3.287606 0.365000
v 0.188089 3.252946 0.365000
v 0.196834 3.287606 0.310000
v 0.199748 3.340597 0.310000
v 0.199748 3.340597 0.365000
v 0.196834 3.287606 0.365000
v 0.199748 3.340597 0.310000
v 0.196869 3.392956 0.310000
v 0.196869 3.392956 0.365000
v 0.199748 3.340597 0.365000
v 0.965548 3.359668 0.310000
v 0.947107 3.302910 0.310000
v 1.027780 3.293937 0.310000
v 0.965548 3.359668 0.365000
v 0.947107 3.302910 0.365000
v 1.027780 3.293937 0.365000
v 0.965548 3.359668 0.310000
v 1.027780 3.293937 0.310000
v 1.045737 3.350852 0.310000
v 0.965548 3.359668 0.365000
v 1.027780 3.293937 0.365000
v 1.045737 3.350852 0.365000
v 1.045737 3.350852 0.310000
v 1.027780 3.293937 0.310000
v 1.125018 3.325092 0.310000
v 1.045737 3.350852 0.365000
v 1.027780 3.293937 0.365000
v 1.125018 3.325092 0.365000
v 1.125018 3.325092 0.310000
v 1.027780 3.293937 0.310000
v 1.038664 3.059322 0.310000
v 1.125018 3.325092 0.365000
v 1.027780 3.293937 0.365000
v 1.038664 3.059322 0.365000
v 1.112331 3.035386 0.310000
v 1.038664 3.059322 0.310000
v 1.093619 2.977797 0.310000
v 1.112331 3.035386 0.365000
v 1.038664 3.059322 0.365000
v 1.093619 2.977797 0.365000
v 1.093619 2.977797 0.310000
v 1.038664 3.059322 0.310000
v 0.867489 3.051271 0.310000
v 1.093619 2.977797 0.365000
v 1.038664 3.059322 0.365000
v 0.867489 3.051271 0.365000
v 0.867489 3.051271 0.310000
v 1.038664 3.059322 0.310000
v 0.959868 3.084924 0.310000
v 0.867489 3.051271 0.365000
v 1.038664 3.059322 0.365000
v 0.959868 3.084924 0.365000
v 0.867489 3.051271 0.310000
v 0.959868 3.084924 0.310000
v 0.886201 3.108860 0.310000
v 0.867489 3.051271 0.365000
v 0.959868 3.084924 0.365000
v 0.886201 3.108860 0.365000
v 1.027780 3.293937 0.310000
v 0.959868 3.084924 0.310000
v 1.038664 3.059322 0.310000
v 1.027780 3.293937 0.365000
v 0.959868 3.084924 0.365000
v 1.038664 3.059322 0.365000
v 0.886201 3.108860 0.310000
v 0.959868 3.084924 0.310000
v 0.959868 3.084924 0.365000
v 0.886201 3.108860 0.365000
v 0.959868 3.084924 0.310000
v 1.027780 3.293937 0.310000
v 1.027780 3.293937 0.365000
v 0.959868 3.084924 0.365000
v 1.027780 3.293937 0.310000
v 0.947107 3.302910 0.310000
v 0.947107 3.302910 0.365000
v 1.027780 3.293937 0.365000
v 0.947107 3.302910 0.310000
v 0.965548 3.359668 0.310000
v 0.965548 3.359668 0.365000
v 0.947107 3.302910 0.365000
v 0.965548 3.359668 0.310000
v 1.045737 3.350852 0.310000
v 1.045737 3.350852 0.365000
v 0.965548 3.359668 0.365000
v 1.045737 3.350852 0.310000
v 1.125018 3.325092 0.310000
v 1.125018 3.325092 0.365000
v 1.045737 3.350852 0.365000
v 1.125018 3.325092 0.310000
v 1.038664 3.059322 0.310000
v 1.038664 3.059322 0.365000
v 1.125018 3.325092 0.365000
v 1.038664 3.059322 0.310000
v 1.112331 3.035386 0.310000
v 1.112331 3.035386 0.365000
v 1.038664 3.059322 0.365000
v 1.112331 3.035386 0.310000
v 1.093619 2.977797 0.310000
v 1.093619 2.977797 0.365000
v 1.112331 3.035386 0.365000
v 1.093619 2.977797 0.310000
v 0.867489 3.051271 0.310000
v 0.867489 3.051271 0.365000
v 1.093619 2.977797 0.365000
v 0.867489 3.051271 0.310000
v 0.886201 3.108860 0.310000
v 0.886201 3.108860 0.365000
v 0.867489 3.051271 0.365000
v 1.829138 2.982827 0.310000
v 1.795328 2.936291 0.310000
v 1.866607 2.904037 0.310000
v 1.829138 2.982827 0.365000
v 1.795328 2.936291 0.365000
v 1.866607 2.904037 0.365000
v 1.829138 2.982827 0.310000
v 1.866607 2.904037 0.310000
v 1.900019 2.950862 0.310000
v 1.829138 2.982827 0.365000
v 1.866607 2.904037 0.365000
v 1.900019 2.950862 0.365000
v 1.900019 2.950862 0.310000
v 1.866607 2.904037 0.310000
v 1.965021 2.903635 0.310000
v 1.900019 2.950862 0.365000
v 1.866607 2.904037 0.365000
v 1.965021 2.903635 0.365000
v 1.965021 2.903635 0.310000
v 1.866607 2.904037 0.310000
v 1.806704 2.685730 0.310000
v 1.965021 2.903635 0.365000
v 1.866607 2.904037 0.365000
v 1.806704 2.685730 0.365000
v 1.867104 2.641847 0.310000
v 1.806704 2.685730 0.310000
v 1.832798 2.594630 0.310000
v 1.867104 2.641847 0.365000
v 1.806704 2.685730 0.365000
v 1.832798 2.594630 0.365000
v 1.832798 2.594630 0.310000
v 1.806704 2.685730 0.310000
v 1.647395 2.729333 0.310000
v 1.832798 2.594630 0.365000
v 1.806704 2.685730 0.365000
v 1.647395 2.729333 0.365000
v 1.647395 2.729333 0.310000
v 1.806704 2.685730 0.310000
v 1.742100 2.732668 0.310000
v 1.647395 2.729333 0.365000
v 1.806704 2.685730 0.365000
v 1.742100 2.732668 0.365000
v 1.647395 2.729333 0.310000
v 1.742100 2.732668 0.310000
v 1.681700 2.776551 0.310000
v 1.647395 2.729333 0.365000
v 1.742100 2.732668 0.365000
v 1.681700 2.776551 0.365000
v 1.866607 2.904037 0.310000
v 1.742100 2.732668 0.310000
v 1.806704 2.685730 0.310000
v 1.866607 2.904037 0.365000
v 1.742100 2.732668 0.365000
v 1.806704 2.685730 0.365000
v 1.866607 2.904037 0.310000
v 1.795328 2.936291 0.310000
v 1.795328 2.936291 0.365000
v 1.866607 2.904037 0.365000
v 1.795328 2.936291 0.310000
v 1.829138 2.982827 0.310000
v 1.829138 2.982827 0.365000
v 1.795328 2.936291 0.365000
v 1.829138 2.982827 0.310000
v 1.900019 2.950862 0.310000
v 1.900019 2.950862 0.365000
v 1.829138 2.982827 0.365000
v 1.900019 2.950862 0.310000
v 1.965021 2.903635 0.310000
v 1.965021 2.903635 0.365000
v 1.900019 2.950862 0.365000
v 1.965021 2.903635 0.310000
v 1.806704 2.685730 0.310000
v 1.806704 2.685730 0.365000
v 1.965021 2.903635 0.365000
v 1.806704 2.685730 0.310000
v 1.867104 2.641847 0.310000
v 1.867104 2.641847 0.365000
v 1.806704 2.685730 0.365000
v 1.867104 2.641847 0.310000
v 1.832798 2.594630 0.310000
v 1.832798 2.594630 0.365000
v 1.867104 2.641847 0.365000
v 1.832798 2.594630 0.310000
v 1.647395 2.729333 0.310000
v 1.647395 2.729333 0.365000
v 1.832798 2.594630 0.365000
v 1.647395 2.729333 0.310000
v 1.681700 2.776551 0.310000
v 1.681700 2.776551 0.365000
v 1.647395 2.729333 0.365000
v 1.681700 2.776551 0.310000
v 1.742100 2.732668 0.310000
v 1.742100 2.732668 0.365000
v 1.681700 2.776551 0.365000
v 1.742100 2.732668 0.310000
v 1.866607 2.904037 0.310000
v 1.866607 2.904037 0.365000
v 1.742100 2.732668 0.365000
v 2.094169 2.790184 0.310000
v 2.059762 2.782258 0.310000
v 2.103888 2.715647 0.310000
v 2.094169 2.790184 0.365000
v 2.059762 2.782258 0.365000
v 2.103888 2.715647 0.365000
v 2.094169 2.790184 0.310000
v 2.103888 2.715647 0.310000
v 2.117975 2.721147 0.310000
v 2.094169 2.790184 0.365000
v 2.103888 2.715647 0.365000
v 2.117975 2.721147 0.365000
v 2.094169 2.790184 0.310000
v 2.117975 2.721147 0.310000
v 2.134677 2.780937 0.310000
v 2.094169 2.790184 0.365000
v 2.117975 2.721147 0.365000
v 2.134677 2.780937 0.365000
v 2.134677 2.780937 0.310000
v 2.117975 2.721147 0.310000
v 2.133302 2.719778 0.310000
v 2.134677 2.780937 0.365000
v 2.117975 2.721147 0.365000
v 2.133302 2.719778 0.365000
v 2.134677 2.780937 0.310000
v 2.133302 2.719778 0.310000
v 2.180492 2.754379 0.310000
v 2.134677 2.780937 0.365000
v 2.133302 2.719778 0.365000
v 2.180492 2.754379 0.365000
v 2.180492 2.754379 0.310000
v 2.133302 2.719778 0.310000
v 2.149282 2.711423 0.310000
v 2.180492 2.754379 0.365000
v 2.133302 2.719778 0.365000
v 2.149282 2.711423 0.365000
v 2.180492 2.754379 0.310000
v 2.149282 2.711423 0.310000
v 2.161893 2.699027 0.310000
v 2.180492 2.754379 0.365000
v 2.149282 2.711423 0.365000
v 2.161893 2.699027 0.365000
v 2.180492 2.754379 0.310000
v 2.161893 2.699027 0.310000
v 2.219658 2.719238 0.310000
v 2.180492 2.754379 0.365000
v 2.161893 2.699027 0.365000
v 2.219658 2.719238 0.365000
v 2.219658 2.719238 0.310000
v 2.161893 2.699027 0.310000
v 2.167791 2.685040 0.310000
v 2.219658 2.719238 0.365000
v 2.161893 2.699027 0.365000
v 2.167791 2.685040 0.365000
v 2.219658 2.719238 0.310000
v 2.167791 2.685040 0.310000
v 2.240904 2.683748 0.310000
v 2.219658 2.719238 0.365000
v 2.167791 2.685040 0.365000
v 2.240904 2.683748 0.365000
v 2.240904 2.683748 0.310000
v 2.167791 2.685040 0.310000
v 2.166902 2.670016 0.310000
v 2.240904 2.683748 0.365000
v 2.167791 2.685040 0.365000
v 2.166902 2.670016 0.365000
v 2.240904 2.683748 0.310000
v 2.166902 2.670016 0.310000
v 2.244041 2.648545 0.310000
v 2.240904 2.683748 0.365000
v 2.166902 2.670016 0.365000
v 2.244041 2.648545 0.365000
v 2.244041 2.648545 0.310000
v 2.166902 2.670016 0.310000
v 2.228766 2.614348 0.310000
v 2.244041 2.648545 0.365000
v 2.166902 2.670016 0.365000
v 2.228766 2.614348 0.365000
v 2.228766 2.614348 0.310000
v 2.166902 2.670016 0.310000
v 2.158955 2.654477 0.310000
v 2.228766 2.614348 0.365000
v 2.166902 2.670016 0.365000
v 2.158955 2.654477 0.365000
v 2.228766 2.614348 0.310000
v 2.158955 2.654477 0.310000
v 2.210647 2.595891 0.310000
v 2.228766 2.614348 0.365000
v 2.158955 2.654477 0.365000
v 2.210647 2.595891 0.365000
v 2.142472 2.483624 0.310000
v 2.156011 2.509489 0.310000
v 2.080427 2.534085 0.310000
v 2.142472 2.483624 0.365000
v 2.156011 2.509489 0.365000
v 2.080427 2.534085 0.365000
v 2.142472 2.483624 0.310000
v 2.080427 2.534085 0.310000
v 2.065359 2.518663 0.310000
v 2.142472 2.483624 0.365000
v 2.080427 2.534085 0.365000
v 2.065359 2.518663 0.365000
v 2.142472 2.483624 0.310000
v 2.065359 2.518663 0.310000
v 2.110772 2.453765 0.310000
v 2.142472 2.483624 0.365000
v 2.065359 2.518663 0.365000
v 2.110772 2.453765 0.365000
v 2.072973 2.443051 0.310000
v 2.110772 2.453765 0.310000
v 2.065359 2.518663 0.310000
v 2.072973 2.443051 0.365000
v 2.110772 2.453765 0.365000
v 2.065359 2.518663 0.365000
v 2.072973 2.443051 0.310000
v 2.065359 2.518663 0.310000
v 2.048557 2.511489 0.310000
v 2.072973 2.443051 0.365000
v 2.065359 2.518663 0.365000
v 2.048557 2.511489 0.365000
v 2.072973 2.443051 0.310000
v 2.048557 2.511489 0.310000
v 2.029466 2.451547 0.310000
v 2.072973 2.443051 0.365000
v 2.048557 2.511489 0.365000
v 2.029466 2.451547 0.365000
v 2.029466 2.451547 0.310000
v 2.048557 2.511489 0.310000
v 2.030578 2.512702 0.310000
v 2.029466 2.451547 0.365000
v 2.048557 2.511489 0.365000
v 2.030578 2.512702 0.365000
v 2.029466 2.451547 0.310000
v 2.030578 2.512702 0.310000
v 1.980645 2.479313 0.310000
v 2.029466 2.451547 0.365000
v 2.030578 2.512702 0.365000
v 1.980645 2.479313 0.365000
v 1.980645 2.479313 0.310000
v 2.030578 2.512702 0.310000
v 2.011895 2.522326 0.310000
v 1.980645 2.479313 0.365000
v 2.030578 2.512702 0.365000
v 2.011895 2.522326 0.365000
v 1.980645 2.479313 0.310000
v 2.011895 2.522326 0.310000
v 1.996827 2.537223 0.310000
v 1.980645 2.479313 0.365000
v 2.011895 2.522326 0.365000
v 1.996827 2.537223 0.365000
v 1.980645 2.479313 0.310000
v 1.996827 2.537223 0.310000
v 1.938980 2.517289 0.310000
v 1.980645 2.479313 0.365000
v 1.996827 2.537223 0.365000
v 1.938980 2.517289 0.365000
v 1.938980 2.517289 0.310000
v 1.996827 2.537223 0.310000
v 1.989919 2.554092 0.310000
v 1.938980 2.517289 0.365000
v 1.996827 2.537223 0.365000
v 1.989919 2.554092 0.365000
v 1.938980 2.517289 0.310000
v 1.989919 2.554092 0.310000
v 1.917286 2.556165 0.310000
v 1.938980 2.517289 0.365000
v 1.989919 2.554092 0.365000
v 1.917286 2.556165 0.365000
v 1.917286 2.556165 0.310000
v 1.989919 2.554092 0.310000
v 1.991422 2.572382 0.310000
v 1.917286 2.556165 0.365000
v 1.989919 2.554092 0.365000
v 1.991422 2.572382 0.365000
v 1.917286 2.556165 0.310000
v 1.991422 2.572382 0.310000
v 1.915666 2.595517 0.310000
v 1.917286 2.556165 0.365000
v 1.991422 2.572382 0.365000
v 1.915666 2.595517 0.365000
v 1.915666 2.595517 0.310000
v 1.991422 2.572382 0.310000
v 1.934226 2.634924 0.310000
v 1.915666 2.595517 0.365000
v 1.991422 2.572382 0.365000
v 1.934226 2.634924 0.365000
v 1.934226 2.634924 0.310000
v 1.991422 2.572382 0.310000
v 2.001390 2.591509 0.310000
v 1.934226 2.634924 0.365000
v 1.991422 2.572382 0.365000
v 2.001390 2.591509 0.365000
v 1.934226 2.634924 0.310000
v 2.001390 2.591509 0.310000
v 1.954641 2.655793 0.310000
v 1.934226 2.634924 0.365000
v 2.001390 2.591509 0.365000
v 1.954641 2.655793 0.365000
v 2.032055 2.757267 0.310000
v 2.020073 2.734351 0.310000
v 2.091623 2.703397 0.310000
v 2.032055 2.757267 0.365000
v 2.020073 2.734351 0.365000
v 2.091623 2.703397 0.365000
v 2.032055 2.757267 0.310000
v 2.091623 2.703397 0.310000
v 2.103888 2.715647 0.310000
v 2.032055 2.757267 0.365000
v 2.091623 2.703397 0.365000
v 2.103888 2.715647 0.365000
v 2.032055 2.757267 0.310000
v 2.103888 2.715647 0.310000
v 2.059762 2.782258 0.310000
v 2.032055 2.757267 0.365000
v 2.103888 2.715647 0.365000
v 2.059762 2.782258 0.365000
v 2.158955 2.654477 0.310000
v 2.146612 2.642089 0.310000
v 2.189066 2.585634 0.310000
v 2.158955 2.654477 0.365000
v 2.146612 2.642089 0.365000
v 2.189066 2.585634 0.365000
v 2.158955 2.654477 0.310000
v 2.189066 2.585634 0.310000
v 2.210647 2.595891 0.310000
v 2.158955 2.654477 0.365000
v 2.189066 2.585634 0.365000
v 2.210647 2.595891 0.365000
v 2.156011 2.509489 0.310000
v 2.159477 2.535946 0.310000
v 2.090531 2.553309 0.310000
v 2.156011 2.509489 0.365000
v 2.159477 2.535946 0.365000
v 2.090531 2.553309 0.365000
v 2.156011 2.509489 0.310000
v 2.090531 2.553309 0.310000
v 2.080427 2.534085 0.310000
v 2.156011 2.509489 0.365000
v 2.090531 2.553309 0.365000
v 2.080427 2.534085 0.365000
v 2.001390 2.591509 0.310000
v 2.016511 2.606914 0.310000
v 1.954641 2.655793 0.310000
v 2.001390 2.591509 0.365000
v 2.016511 2.606914 0.365000
v 1.954641 2.655793 0.365000
v 1.954641 2.655793 0.310000
v 2.016511 2.606914 0.310000
v 1.978732 2.667264 0.310000
v 1.954641 2.655793 0.365000
v 2.016511 2.606914 0.365000
v 1.978732 2.667264 0.365000
v 2.020073 2.734351 0.310000
v 2.016902 2.710719 0.310000
v 2.091623 2.703397 0.310000
v 2.020073 2.734351 0.365000
v 2.016902 2.710719 0.365000
v 2.091623 2.703397 0.365000
v 2.091623 2.703397 0.310000
v 2.016902 2.710719 0.310000
v 2.083670 2.687819 0.310000
v 2.091623 2.703397 0.365000
v 2.016902 2.710719 0.365000
v 2.083670 2.687819 0.365000
v 2.101684 2.645909 0.310000
v 2.088800 2.658526 0.310000
v 2.070598 2.603124 0.310000
v 2.101684 2.645909 0.365000
v 2.088800 2.658526 0.365000
v 2.070598 2.603124 0.365000
v 2.101684 2.645909 0.310000
v 2.070598 2.603124 0.310000
v 2.117380 2.637761 0.310000
v 2.101684 2.645909 0.365000
v 2.070598 2.603124 0.365000
v 2.117380 2.637761 0.365000
v 2.117380 2.637761 0.310000
v 2.070598 2.603124 0.310000
v 2.085514 2.588315 0.310000
v 2.117380 2.637761 0.365000
v 2.070598 2.603124 0.365000
v 2.085514 2.588315 0.365000
v 2.117380 2.637761 0.310000
v 2.085514 2.588315 0.310000
v 2.136323 2.589750 0.310000
v 2.117380 2.637761 0.365000
v 2.085514 2.588315 0.365000
v 2.136323 2.589750 0.365000
v 2.117380 2.637761 0.310000
v 2.136323 2.589750 0.310000
v 2.132536 2.636516 0.310000
v 2.117380 2.637761 0.365000
v 2.136323 2.589750 0.365000
v 2.132536 2.636516 0.365000
v 2.146612 2.642089 0.310000
v 2.132536 2.636516 0.310000
v 2.136323 2.589750 0.310000
v 2.146612 2.642089 0.365000
v 2.132536 2.636516 0.365000
v 2.136323 2.589750 0.365000
v 2.146612 2.642089 0.310000
v 2.136323 2.589750 0.310000
v 2.164246 2.583614 0.310000
v 2.146612 2.642089 0.365000
v 2.136323 2.589750 0.365000
v 2.164246 2.583614 0.365000
v 2.146612 2.642089 0.310000
v 2.164246 2.583614 0.310000
v 2.189066 2.585634 0.310000
v 2.146612 2.642089 0.365000
v 2.164246 2.583614 0.365000
v 2.189066 2.585634 0.365000
v 2.159477 2.535946 0.310000
v 2.152902 2.562773 0.310000
v 2.090531 2.553309 0.310000
v 2.159477 2.535946 0.365000
v 2.152902 2.562773 0.365000
v 2.090531 2.553309 0.365000
v 2.090531 2.553309 0.310000
v 2.152902 2.562773 0.310000
v 2.092192 2.571548 0.310000
v 2.090531 2.553309 0.365000
v 2.152902 2.562773 0.365000
v 2.092192 2.571548 0.365000
v 2.085514 2.588315 0.310000
v 2.092192 2.571548 0.310000
v 2.136323 2.589750 0.310000
v 2.085514 2.588315 0.365000
v 2.092192 2.571548 0.365000
v 2.136323 2.589750 0.365000
v 2.136323 2.589750 0.310000
v 2.092192 2.571548 0.310000
v 2.152902 2.562773 0.310000
v 2.136323 2.589750 0.365000
v 2.092192 2.571548 0.365000
v 2.152902 2.562773 0.365000
v 2.070598 2.603124 0.310000
v 2.088800 2.658526 0.310000
v 2.051743 2.612808 0.310000
v 2.070598 2.603124 0.365000
v 2.088800 2.658526 0.365000
v 2.051743 2.612808 0.365000
v 2.016511 2.606914 0.310000
v 2.033472 2.614038 0.310000
v 2.006278 2.669302 0.310000
v 2.016511 2.606914 0.365000
v 2.033472 2.614038 0.365000
v 2.006278 2.669302 0.365000
v 2.016511 2.606914 0.310000
v 2.006278 2.669302 0.310000
v 1.978732 2.667264 0.310000
v 2.016511 2.606914 0.365000
v 2.006278 2.669302 0.365000
v 1.978732 2.667264 0.365000
v 2.016902 2.710719 0.310000
v 2.022608 2.686520 0.310000
v 2.083670 2.687819 0.310000
v 2.016902 2.710719 0.365000
v 2.022608 2.686520 0.365000
v 2.083670 2.687819 0.365000
v 2.083670 2.687819 0.310000
v 2.022608 2.686520 0.310000
v 2.037058 2.661870 0.310000
v 2.083670 2.687819 0.365000
v 2.022608 2.686520 0.365000
v 2.037058 2.661870 0.365000
v 2.083670 2.687819 0.310000
v 2.037058 2.661870 0.310000
v 2.082762 2.672679 0.310000
v 2.083670 2.687819 0.365000
v 2.037058 2.661870 0.365000
v 2.082762 2.672679 0.365000
v 2.088800 2.658526 0.310000
v 2.082762 2.672679 0.310000
v 2.037058 2.661870 0.310000
v 2.088800 2.658526 0.365000
v 2.082762 2.672679 0.365000
v 2.037058 2.661870 0.365000
v 2.088800 2.658526 0.310000
v 2.037058 2.661870 0.310000
v 2.051743 2.612808 0.310000
v 2.088800 2.658526 0.365000
v 2.037058 2.661870 0.365000
v 2.051743 2.612808 0.365000
v 2.051743 2.612808 0.310000
v 2.037058 2.661870 0.310000
v 2.033472 2.614038 0.310000
v 2.051743 2.612808 0.365000
v 2.037058 2.661870 0.365000
v 2.033472 2.614038 0.365000
v 2.033472 2.614038 0.310000
v 2.037058 2.661870 0.310000
v 2.006278 2.669302 0.310000
v 2.033472 2.614038 0.365000
v 2.037058 2.661870 0.365000
v 2.006278 2.669302 0.365000
v 2.016902 2.710719 0.310000
v 2.020073 2.734351 0.310000
v 2.020073 2.734351 0.365000
v 2.016902 2.710719 0.365000
v 2.020073 2.734351 0.310000
v 2.032055 2.757267 0.310000
v 2.032055 2.757267 0.365000
v 2.020073 2.734351 0.365000
v 2.032055 2.757267 0.310000
v 2.059762 2.782258 0.310000
v 2.059762 2.782258 0.365000
v 2.032055 2.757267 0.365000
v 2.059762 2.782258 0.310000
v 2.094169 2.790184 0.310000
v 2.094169 2.790184 0.365000
v 2.059762 2.782258 0.365000
v 2.094169 2.790184 0.310000
v 2.134677 2.780937 0.310000
v 2.134677 2.780937 0.365000
v 2.094169 2.790184 0.365000
v 2.134677 2.780937 0.310000
v 2.180492 2.754379 0.310000
v 2.180492 2.754379 0.365000
v 2.134677 2.780937 0.365000
v 2.180492 2.754379 0.310000
v 2.219658 2.719238 0.310000
v 2.219658 2.719238 0.365000
v 2.180492 2.754379 0.365000
v 2.219658 2.719238 0.310000
v 2.240904 2.683748 0.310000
v 2.240904 2.683748 0.365000
v 2.219658 2.719238 0.365000
v 2.240904 2.683748 0.310000
v 2.244041 2.648545 0.310000
v 2.244041 2.648545 0.365000
v 2.240904 2.683748 0.365000
v 2.244041 2.648545 0.310000
v 2.228766 2.614348 0.310000
v 2.228766 2.614348 0.365000
v 2.244041 2.648545 0.365000
v 2.228766 2.614348 0.310000
v 2.210647 2.595891 0.310000
v 2.210647 2.595891 0.365000
v 2.228766 2.614348 0.365000
v 2.210647 2.595891 0.310000
v 2.189066 2.585634 0.310000
v 2.189066 2.585634 0.365000
v 2.210647 2.595891 0.365000
v 2.189066 2.585634 0.310000
v 2.164246 2.583614 0.310000
v 2.164246 2.583614 0.365000
v 2.189066 2.585634 0.365000
v 2.164246 2.583614 0.310000
v 2.136323 2.589750 0.310000
v 2.136323 2.589750 0.365000
v 2.164246 2.583614 0.365000
v 2.136323 2.589750 0.310000
v 2.152902 2.562773 0.310000
v 2.152902 2.562773 0.365000
v 2.136323 2.589750 0.365000
v 2.152902 2.562773 0.310000
v 2.159477 2.535946 0.310000
v 2.159477 2.535946 0.365000
v 2.152902 2.562773 0.365000
v 2.159477 2.535946 0.310000
v 2.156011 2.509489 0.310000
v 2.156011 2.509489 0.365000
v 2.159477 2.535946 0.365000
v 2.156011 2.509489 0.310000
v 2.142472 2.483624 0.310000
v 2.142472 2.483624 0.365000
v 2.156011 2.509489 0.365000
v 2.142472 2.483624 0.310000
v 2.110772 2.453765 0.310000
v 2.110772 2.453765 0.365000
v 2.142472 2.483624 0.365000
v 2.110772 2.453765 0.310000
v 2.072973 2.443051 0.310000
v 2.072973 2.443051 0.365000
v 2.110772 2.453765 0.365000
v 2.072973 2.443051 0.310000
v 2.029466 2.451547 0.310000
v 2.029466 2.451547 0.365000
v 2.072973 2.443051 0.365000
v 2.029466 2.451547 0.310000
v 1.980645 2.479313 0.310000
v 1.980645 2.479313 0.365000
v 2.029466 2.451547 0.365000
v 1.980645 2.479313 0.310000
v 1.938980 2.517289 0.310000
v 1.938980 2.517289 0.365000
v 1.980645 2.479313 0.365000
v 1.938980 2.517289 0.310000
v 1.917286 2.556165 0.310000
v 1.917286 2.556165 0.365000
v 1.938980 2.517289 0.365000
v 1.917286 2.556165 0.310000
v 1.915666 2.595517 0.310000
v 1.915666 2.595517 0.365000
v 1.917286 2.556165 0.365000
v 1.915666 2.595517 0.310000
v 1.934226 2.634924 0.310000
v 1.934226 2.634924 0.365000
v 1.915666 2.595517 0.365000
v 1.934226 2.634924 0.310000
v 1.954641 2.655793 0.310000
v 1.954641 2.655793 0.365000
v 1.934226 2.634924 0.365000
v 1.954641 2.655793 0.310000
v 1.978732 2.667264 0.310000
v 1.978732 2.667264 0.365000
v 1.954641 2.655793 0.365000
v 1.978732 2.667264 0.310000
v 2.006278 2.669302 0.310000
v 2.006278 2.669302 0.365000
v 1.978732 2.667264 0.365000
v 2.006278 2.669302 0.310000
v 2.037058 2.661870 0.310000
v 2.037058 2.661870 0.365000
v 2.006278 2.669302 0.365000
v 2.037058 2.661870 0.310000
v 2.022608 2.686520 0.310000
v 2.022608 2.686520 0.365000
v 2.037058 2.661870 0.365000
v 2.022608 2.686520 0.310000
v 2.016902 2.710719 0.310000
v 2.016902 2.710719 0.365000
v 2.022608 2.686520 0.365000
v 2.033472 2.614038 0.310000
v 2.016511 2.606914 0.310000
v 2.016511 2.606914 0.365000
v 2.033472 2.614038 0.365000
v 2.016511 2.606914 0.310000
v 2.001390 2.591509 0.310000
v 2.001390 2.591509 0.365000
v 2.016511 2.606914 0.365000
v 2.001390 2.591509 0.310000
v 1.991422 2.572382 0.310000
v 1.991422 2.572382 0.365000
v 2.001390 2.591509 0.365000
v 1.991422 2.572382 0.310000
v 1.989919 2.554092 0.310000
v 1.989919 2.554092 0.365000
v 1.991422 2.572382 0.365000
v 1.989919 2.554092 0.310000
v 1.996827 2.537223 0.310000
v 1.996827 2.537223 0.365000
v 1.989919 2.554092 0.365000
v 1.996827 2.537223 0.310000
v 2.011895 2.522326 0.310000
v 2.011895 2.522326 0.365000
v 1.996827 2.537223 0.365000
v 2.011895 2.522326 0.310000
v 2.030578 2.512702 0.310000
v 2.030578 2.512702 0.365000
v 2.011895 2.522326 0.365000
v 2.030578 2.512702 0.310000
v 2.048557 2.511489 0.310000
v 2.048557 2.511489 0.365000
v 2.030578 2.512702 0.365000
v 2.048557 2.511489 0.310000
v 2.065359 2.518663 0.310000
v 2.065359 2.518663 0.365000
v 2.048557 2.511489 0.365000
v 2.065359 2.518663 0.310000
v 2.080427 2.534085 0.310000
v 2.080427 2.534085 0.365000
v 2.065359 2.518663 0.365000
v 2.080427 2.534085 0.310000
v 2.090531 2.553309 0.310000
v 2.090531 2.553309 0.365000
v 2.080427 2.534085 0.365000
v 2.090531 2.553309 0.310000
v 2.092192 2.571548 0.310000
v 2.092192 2.571548 0.365000
v 2.090531 2.553309 0.365000
v 2.092192 2.571548 0.310000
v 2.085514 2.588315 0.310000
v 2.085514 2.588315 0.365000
v 2.092192 2.571548 0.365000
v 2.085514 2.588315 0.310000
v 2.070598 2.603124 0.310000
v 2.070598 2.603124 0.365000
v 2.085514 2.588315 0.365000
v 2.070598 2.603124 0.310000
v 2.051743 2.612808 0.310000
v 2.051743 2.612808 0.365000
v 2.070598 2.603124 0.365000
v 2.051743 2.612808 0.310000
v 2.033472 2.614038 0.310000
v 2.033472 2.614038 0.365000
v 2.051743 2.612808 0.365000
v 2.083670 2.687819 0.310000
v 2.082762 2.672679 0.310000
v 2.082762 2.672679 0.365000
v 2.083670 2.687819 0.365000
v 2.082762 2.672679 0.310000
v 2.088800 2.658526 0.310000
v 2.088800 2.658526 0.365000
v 2.082762 2.672679 0.365000
v 2.088800 2.658526 0.310000
v 2.101684 2.645909 0.310000
v 2.101684 2.645909 0.365000
v 2.088800 2.658526 0.365000
v 2.101684 2.645909 0.310000
v 2.117380 2.637761 0.310000
v 2.117380 2.637761 0.365000
v 2.101684 2.645909 0.365000
v 2.117380 2.637761 0.310000
v 2.132536 2.636516 0.310000
v 2.132536 2.636516 0.365000
v 2.117380 2.637761 0.365000
v 2.132536 2.636516 0.310000
v 2.146612 2.642089 0.310000
v 2.146612 2.642089 0.365000
v 2.132536 2.636516 0.365000
v 2.146612 2.642089 0.310000
v 2.158955 2.654477 0.310000
v 2.158955 2.654477 0.365000
v 2.146612 2.642089 0.365000
v 2.158955 2.654477 0.310000
v 2.166902 2.670016 0.310000
v 2.166902 2.670016 0.365000
v 2.158955 2.654477 0.365000
v 2.166902 2.670016 0.310000
v 2.167791 2.685040 0.310000
v 2.167791 2.685040 0.365000
v 2.166902 2.670016 0.365000
v 2.167791 2.685040 0.310000
v 2.161893 2.699027 0.310000
v 2.161893 2.699027 0.365000
v 2.167791 2.685040 0.365000
v 2.161893 2.699027 0.310000
v 2.149282 2.711423 0.310000
v 2.149282 2.711423 0.365000
v 2.161893 2.699027 0.365000
v 2.149282 2.711423 0.310000
v 2.133302 2.719778 0.310000
v 2.133302 2.719778 0.365000
v 2.149282 2.711423 0.365000
v 2.133302 2.719778 0.310000
v 2.117975 2.721147 0.310000
v 2.117975 2.721147 0.365000
v 2.133302 2.719778 0.365000
v 2.117975 2.721147 0.310000
v 2.103888 2.715647 0.310000
v 2.103888 2.715647 0.365000
v 2.117975 2.721147 0.365000
v 2.103888 2.715647 0.310000
v 2.091623 2.703397 0.310000
v 2.091623 2.703397 0.365000
v 2.103888 2.715647 0.365000
v 2.091623 2.703397 0.310000
v 2.083670 2.687819 0.310000
v 2.083670 2.687819 0.365000
v 2.091623 2.703397 0.365000
v 2.836759 2.067105 0.310000
v 2.592572 2.057943 0.310000
v 2.786904 2.012870 0.310000
v 2.836759 2.067105 0.365000
v 2.592572 2.057943 0.365000
v 2.786904 2.012870 0.365000
v 2.836759 2.067105 0.310000
v 2.786904 2.012870 0.310000
v 2.894066 1.988229 0.310000
v 2.836759 2.067105 0.365000
v 2.786904 2.012870 0.365000
v 2.894066 1.988229 0.365000
v 2.894066 1.988229 0.310000
v 2.786904 2.012870 0.310000
v 2.720514 1.862136 0.310000
v 2.894066 1.988229 0.365000
v 2.786904 2.012870 0.365000
v 2.720514 1.862136 0.365000
v 2.748996 1.822933 0.310000
v 2.720514 1.862136 0.310000
v 2.697591 1.785585 0.310000
v 2.748996 1.822933 0.365000
v 2.720514 1.862136 0.365000
v 2.697591 1.785585 0.365000
v 2.619000 1.788382 0.310000
v 2.669108 1.824788 0.310000
v 2.620367 1.891874 0.310000
v 2.619000 1.788382 0.365000
v 2.669108 1.824788 0.365000
v 2.620367 1.891874 0.365000
v 2.619000 1.788382 0.310000
v 2.620367 1.891874 0.310000
v 2.570259 1.855468 0.310000
v 2.619000 1.788382 0.365000
v 2.620367 1.891874 0.365000
v 2.570259 1.855468 0.365000
v 2.531794 2.013785 0.310000
v 2.620367 1.891874 0.310000
v 2.615322 2.006920 0.310000
v 2.531794 2.013785 0.365000
v 2.620367 1.891874 0.365000
v 2.615322 2.006920 0.365000
v 2.531794 2.013785 0.310000
v 2.615322 2.006920 0.310000
v 2.592572 2.057943 0.310000
v 2.531794 2.013785 0.365000
v 2.615322 2.006920 0.365000
v 2.592572 2.057943 0.365000
v 2.592572 2.057943 0.310000
v 2.615322 2.006920 0.310000
v 2.786904 2.012870 0.310000
v 2.592572 2.057943 0.365000
v 2.615322 2.006920 0.365000
v 2.786904 2.012870 0.365000
v 2.786904 2.012870 0.310000
v 2.671773 1.929222 0.310000
v 2.720514 1.862136 0.310000
v 2.786904 2.012870 0.365000
v 2.671773 1.929222 0.365000
v 2.720514 1.862136 0.365000
v 2.720514 1.862136 0.310000
v 2.671773 1.929222 0.310000
v 2.669108 1.824788 0.310000
v 2.720514 1.862136 0.365000
v 2.671773 1.929222 0.365000
v 2.669108 1.824788 0.365000
v 2.720514 1.862136 0.310000
v 2.669108 1.824788 0.310000
v 2.697591 1.785585 0.310000
v 2.720514 1.862136 0.365000
v 2.669108 1.824788 0.365000
v 2.697591 1.785585 0.365000
v 2.669108 1.824788 0.310000
v 2.671773 1.929222 0.310000
v 2.620367 1.891874 0.310000
v 2.669108 1.824788 0.365000
v 2.671773 1.929222 0.365000
v 2.620367 1.891874 0.365000
v 2.620367 1.891874 0.310000
v 2.671773 1.929222 0.310000
v 2.615322 2.006920 0.310000
v 2.620367 1.891874 0.365000
v 2.671773 1.929222 0.365000
v 2.615322 2.006920 0.365000
v 2.894066 1.988229 0.310000
v 2.720514 1.862136 0.310000
v 2.720514 1.862136 0.365000
v 2.894066 1.988229 0.365000
v 2.720514 1.862136 0.310000
v 2.748996 1.822933 0.310000
v 2.748996 1.822933 0.365000
v 2.720514 1.862136 0.365000
v 2.748996 1.822933 0.310000
v 2.697591 1.785585 0.310000
v 2.697591 1.785585 0.365000
v 2.748996 1.822933 0.365000
v 2.697591 1.785585 0.310000
v 2.669108 1.824788 0.310000
v 2.669108 1.824788 0.365000
v 2.697591 1.785585 0.365000
v 2.669108 1.824788 0.310000
v 2.619000 1.788382 0.310000
v 2.619000 1.788382 0.365000
v 2.669108 1.824788 0.365000
v 2.619000 1.788382 0.310000
v 2.570259 1.855468 0.310000
v 2.570259 1.855468 0.365000
v 2.619000 1.788382 0.365000
v 2.570259 1.855468 0.310000
v 2.620367 1.891874 0.310000
v 2.620367 1.891874 0.365000
v 2.570259 1.855468 0.365000
v 2.620367 1.891874 0.310000
v 2.531794 2.013785 0.310000
v 2.531794 2.013785 0.365000
v 2.620367 1.891874 0.365000
v 2.531794 2.013785 0.310000
v 2.592572 2.057943 0.310000
v 2.592572 2.057943 0.365000
v 2.531794 2.013785 0.365000
v 2.592572 2.057943 0.310000
v 2.836759 2.067105 0.310000
v 2.836759 2.067105 0.365000
v 2.592572 2.057943 0.365000
v 2.836759 2.067105 0.310000
v 2.894066 1.988229 0.310000
v 2.894066 1.988229 0.365000
v 2.836759 2.067105 0.365000
v 2.615322 2.006920 0.310000
v 2.671773 1.929222 0.310000
v 2.671773 1.929222 0.365000
v 2.615322 2.006920 0.365000
v 2.671773 1.929222 0.310000
v 2.786904 2.012870 0.310000
v 2.786904 2.012870 0.365000
v 2.671773 1.929222 0.365000
v 2.786904 2.012870 0.310000
v 2.615322 2.006920 0.310000
v 2.615322 2.006920 0.365000
v 2.786904 2.012870 0.365000
v 3.234281 1.334277 0.310000
v 3.179575 1.316502 0.310000
v 3.218282 1.248511 0.310000
v 3.234281 1.334277 0.365000
v 3.179575 1.316502 0.365000
v 3.218282 1.248511 0.365000
v 3.234281 1.334277 0.310000
v 3.218282 1.248511 0.310000
v 3.272836 1.266753 0.310000
v 3.234281 1.334277 0.365000
v 3.218282 1.248511 0.365000
v 3.272836 1.266753 0.365000
v 3.272836 1.266753 0.310000
v 3.218282 1.248511 0.310000
v 3.297665 1.190339 0.310000
v 3.272836 1.266753 0.365000
v 3.218282 1.248511 0.365000
v 3.297665 1.190339 0.365000
v 3.297665 1.190339 0.310000
v 3.218282 1.248511 0.310000
v 3.041502 1.107107 0.310000
v 3.297665 1.190339 0.365000
v 3.218282 1.248511 0.365000
v 3.041502 1.107107 0.365000
v 3.064573 1.036102 0.310000
v 3.041502 1.107107 0.310000
v 3.009065 1.018067 0.310000
v 3.064573 1.036102 0.365000
v 3.041502 1.107107 0.365000
v 3.009065 1.018067 0.365000
v 3.009065 1.018067 0.310000
v 3.041502 1.107107 0.310000
v 2.938247 1.236022 0.310000
v 3.009065 1.018067 0.365000
v 3.041502 1.107107 0.365000
v 2.938247 1.236022 0.365000
v 2.938247 1.236022 0.310000
v 3.041502 1.107107 0.310000
v 3.016825 1.183054 0.310000
v 2.938247 1.236022 0.365000
v 3.041502 1.107107 0.365000
v 3.016825 1.183054 0.365000
v 2.938247 1.236022 0.310000
v 3.016825 1.183054 0.310000
v 2.993755 1.254058 0.310000
v 2.938247 1.236022 0.365000
v 3.016825 1.183054 0.365000
v 2.993755 1.254058 0.365000
v 3.218282 1.248511 0.310000
v 3.016825 1.183054 0.310000
v 3.041502 1.107107 0.310000
v 3.218282 1.248511 0.365000
v 3.016825 1.183054 0.365000
v 3.041502 1.107107 0.365000
v 2.993755 1.254058 0.310000
v 3.016825 1.183054 0.310000
v 3.016825 1.183054 0.365000
v 2.993755 1.254058 0.365000
v 3.016825 1.183054 0.310000
v 3.218282 1.248511 0.310000
v 3.218282 1.248511 0.365000
v 3.016825 1.183054 0.365000
v 3.218282 1.248511 0.310000
v 3.179575 1.316502 0.310000
v 3.179575 1.316502 0.365000
v 3.218282 1.248511 0.365000
v 3.179575 1.316502 0.310000
v 3.234281 1.334277 0.310000
v 3.234281 1.334277 0.365000
v 3.179575 1.316502 0.365000
v 3.234281 1.334277 0.310000
v 3.272836 1.266753 0.310000
v 3.272836 1.266753 0.365000
v 3.234281 1.334277 0.365000
v 3.272836 1.266753 0.310000
v 3.297665 1.190339 0.310000
v 3.297665 1.190339 0.365000
v 3.272836 1.266753 0.365000
v 3.297665 1.190339 0.310000
v 3.041502 1.107107 0.310000
v 3.041502 1.107107 0.365000
v 3.297665 1.190339 0.365000
v 3.041502 1.107107 0.310000
v 3.064573 1.036102 0.310000
v 3.064573 1.036102 0.365000
v 3.041502 1.107107 0.365000
v 3.064573 1.036102 0.310000
v 3.009065 1.018067 0.310000
v 3.009065 1.018067 0.365000
v 3.064573 1.036102 0.365000
v 3.009065 1.018067 0.310000
v 2.938247 1.236022 0.310000
v 2.938247 1.236022 0.365000
v 3.009065 1.018067 0.365000
v 2.938247 1.236022 0.310000
v 2.993755 1.254058 0.310000
v 2.993755 1.254058 0.365000
v 2.938247 1.236022 0.365000
v 3.336169 1.045471 0.310000
v 3.277322 1.026350 0.310000
v 3.291216 1.009098 0.310000
v 3.336169 1.045471 0.365000
v 3.277322 1.026350 0.365000
v 3.291216 1.009098 0.365000
v 3.336169 1.045471 0.310000
v 3.291216 1.009098 0.310000
v 3.349707 1.023691 0.310000
v 3.336169 1.045471 0.365000
v 3.291216 1.009098 0.365000
v 3.349707 1.023691 0.365000
v 3.349707 1.023691 0.310000
v 3.291216 1.009098 0.310000
v 3.303040 0.991062 0.310000
v 3.349707 1.023691 0.365000
v 3.291216 1.009098 0.365000
v 3.303040 0.991062 0.365000
v 3.349707 1.023691 0.310000
v 3.303040 0.991062 0.310000
v 3.361511 1.001568 0.310000
v 3.349707 1.023691 0.365000
v 3.303040 0.991062 0.365000
v 3.361511 1.001568 0.365000
v 3.361511 1.001568 0.310000
v 3.303040 0.991062 0.310000
v 3.312754 0.972415 0.310000
v 3.361511 1.001568 0.365000
v 3.303040 0.991062 0.365000
v 3.312754 0.972415 0.365000
v 3.361511 1.001568 0.310000
v 3.312754 0.972415 0.310000
v 3.371547 0.979204 0.310000
v 3.361511 1.001568 0.365000
v 3.312754 0.972415 0.365000
v 3.371547 0.979204 0.365000
v 3.371547 0.979204 0.310000
v 3.312754 0.972415 0.310000
v 3.320188 0.953286 0.310000
v 3.371547 0.979204 0.365000
v 3.312754 0.972415 0.365000
v 3.320188 0.953286 0.365000
v 3.371547 0.979204 0.310000
v 3.320188 0.953286 0.310000
v 3.379782 0.956698 0.310000
v 3.371547 0.979204 0.365000
v 3.320188 0.953286 0.365000
v 3.379782 0.956698 0.365000
v 3.379782 0.956698 0.310000
v 3.320188 0.953286 0.310000
v 3.325313 0.929160 0.310000
v 3.379782 0.956698 0.365000
v 3.320188 0.953286 0.365000
v 3.325313 0.929160 0.365000
v 3.379782 0.956698 0.310000
v 3.325313 0.929160 0.310000
v 3.392033 0.902006 0.310000
v 3.379782 0.956698 0.365000
v 3.325313 0.929160 0.365000
v 3.392033 0.902006 0.365000
v 3.392033 0.902006 0.310000
v 3.325313 0.929160 0.310000
v 3.323587 0.909416 0.310000
v 3.392033 0.902006 0.365000
v 3.325313 0.929160 0.365000
v 3.323587 0.909416 0.365000
v 3.392033 0.902006 0.310000
v 3.323587 0.909416 0.310000
v 3.389327 0.859366 0.310000
v 3.392033 0.902006 0.365000
v 3.323587 0.909416 0.365000
v 3.389327 0.859366 0.365000
v 3.389327 0.859366 0.310000
v 3.323587 0.909416 0.310000
v 3.315263 0.894749 0.310000
v 3.389327 0.859366 0.365000
v 3.323587 0.909416 0.365000
v 3.315263 0.894749 0.365000
v 3.389327 0.859366 0.310000
v 3.315263 0.894749 0.310000
v 3.371736 0.828616 0.310000
v 3.389327 0.859366 0.365000
v 3.315263 0.894749 0.365000
v 3.371736 0.828616 0.365000
v 3.371736 0.828616 0.310000
v 3.315263 0.894749 0.310000
v 3.339154 0.809685 0.310000
v 3.371736 0.828616 0.365000
v 3.315263 0.894749 0.365000
v 3.339154 0.809685 0.365000
v 3.339154 0.809685 0.310000
v 3.315263 0.894749 0.310000
v 3.300554 0.885982 0.310000
v 3.339154 0.809685 0.365000
v 3.315263 0.894749 0.365000
v 3.300554 0.885982 0.365000
v 3.339154 0.809685 0.310000
v 3.300554 0.885982 0.310000
v 3.313134 0.805218 0.310000
v 3.339154 0.809685 0.365000
v 3.300554 0.885982 0.365000
v 3.313134 0.805218 0.365000
v 3.192720 0.753982 0.310000
v 3.219757 0.767309 0.310000
v 3.169550 0.835293 0.310000
v 3.192720 0.753982 0.365000
v 3.219757 0.767309 0.365000
v 3.169550 0.835293 0.365000
v 3.192720 0.753982 0.310000
v 3.169550 0.835293 0.310000
v 3.149038 0.749611 0.310000
v 3.192720 0.753982 0.365000
v 3.169550 0.835293 0.365000
v 3.149038 0.749611 0.365000
v 3.110704 0.766621 0.310000
v 3.149038 0.749611 0.310000
v 3.149864 0.833604 0.310000
v 3.110704 0.766621 0.365000
v 3.149038 0.749611 0.365000
v 3.149864 0.833604 0.365000
v 3.110704 0.766621 0.310000
v 3.149864 0.833604 0.310000
v 3.132221 0.841995 0.310000
v 3.110704 0.766621 0.365000
v 3.149864 0.833604 0.365000
v 3.132221 0.841995 0.365000
v 3.110704 0.766621 0.310000
v 3.132221 0.841995 0.310000
v 3.078452 0.804345 0.310000
v 3.110704 0.766621 0.365000
v 3.132221 0.841995 0.365000
v 3.078452 0.804345 0.365000
v 3.078452 0.804345 0.310000
v 3.132221 0.841995 0.310000
v 3.117210 0.860066 0.310000
v 3.078452 0.804345 0.365000
v 3.132221 0.841995 0.365000
v 3.117210 0.860066 0.365000
v 3.078452 0.804345 0.310000
v 3.117210 0.860066 0.310000
v 3.052972 0.862253 0.310000
v 3.078452 0.804345 0.365000
v 3.117210 0.860066 0.365000
v 3.052972 0.862253 0.365000
v 3.052972 0.862253 0.310000
v 3.117210 0.860066 0.310000
v 3.105291 0.887375 0.310000
v 3.052972 0.862253 0.365000
v 3.117210 0.860066 0.365000
v 3.105291 0.887375 0.365000
v 3.052972 0.862253 0.310000
v 3.105291 0.887375 0.310000
v 3.046122 0.886631 0.310000
v 3.052972 0.862253 0.365000
v 3.105291 0.887375 0.365000
v 3.046122 0.886631 0.365000
v 3.046122 0.886631 0.310000
v 3.105291 0.887375 0.310000
v 3.099679 0.909534 0.310000
v 3.046122 0.886631 0.365000
v 3.105291 0.887375 0.365000
v 3.099679 0.909534 0.365000
v 3.046122 0.886631 0.310000
v 3.099679 0.909534 0.310000
v 3.041198 0.911671 0.310000
v 3.046122 0.886631 0.365000
v 3.099679 0.909534 0.365000
v 3.041198 0.911671 0.365000
v 3.041198 0.911671 0.310000
v 3.099679 0.909534 0.310000
v 3.096820 0.932993 0.310000
v 3.041198 0.911671 0.365000
v 3.099679 0.909534 0.365000
v 3.096820 0.932993 0.365000
v 3.041198 0.911671 0.310000
v 3.096820 0.932993 0.310000
v 3.038250 0.937225 0.310000
v 3.041198 0.911671 0.365000
v 3.096820 0.932993 0.365000
v 3.038250 0.937225 0.365000
v 3.038250 0.937225 0.310000
v 3.096820 0.932993 0.310000
v 3.096712 0.957586 0.310000
v 3.038250 0.937225 0.365000
v 3.096820 0.932993 0.365000
v 3.096712 0.957586 0.365000
v 3.038250 0.937225 0.310000
v 3.096712 0.957586 0.310000
v 3.037325 0.963140 0.310000
v 3.038250 0.937225 0.365000
v 3.096712 0.957586 0.365000
v 3.037325 0.963140 0.365000
v 3.037325 0.963140 0.310000
v 3.096712 0.957586 0.310000
v 3.099311 0.983281 0.310000
v 3.037325 0.963140 0.365000
v 3.096712 0.957586 0.365000
v 3.099311 0.983281 0.365000
v 3.300554 0.885982 0.310000
v 3.282400 0.884182 0.310000
v 3.269078 0.822566 0.310000
v 3.300554 0.885982 0.365000
v 3.282400 0.884182 0.365000
v 3.269078 0.822566 0.365000
v 3.300554 0.885982 0.310000
v 3.269078 0.822566 0.310000
v 3.289713 0.809571 0.310000
v 3.300554 0.885982 0.365000
v 3.269078 0.822566 0.365000
v 3.289713 0.809571 0.365000
v 3.300554 0.885982 0.310000
v 3.289713 0.809571 0.310000
v 3.313134 0.805218 0.310000
v 3.300554 0.885982 0.365000
v 3.289713 0.809571 0.365000
v 3.313134 0.805218 0.365000
v 3.219757 0.767309 0.310000
v 3.238614 0.787060 0.310000
v 3.186853 0.845733 0.310000
v 3.219757 0.767309 0.365000
v 3.238614 0.787060 0.365000
v 3.186853 0.845733 0.365000
v 3.219757 0.767309 0.310000
v 3.186853 0.845733 0.310000
v 3.169550 0.835293 0.310000
v 3.219757 0.767309 0.365000
v 3.186853 0.845733 0.365000
v 3.169550 0.835293 0.365000
v 3.169550 0.835293 0.310000
v 3.149864 0.833604 0.310000
v 3.149038 0.749611 0.310000
v 3.169550 0.835293 0.365000
v 3.149864 0.833604 0.365000
v 3.149038 0.749611 0.365000
v 3.179930 0.950397 0.310000
v 3.190369 0.918268 0.310000
v 3.231697 0.967217 0.310000
v 3.179930 0.950397 0.365000
v 3.190369 0.918268 0.365000
v 3.231697 0.967217 0.365000
v 3.231697 0.967217 0.310000
v 3.190369 0.918268 0.310000
v 3.242679 0.933418 0.310000
v 3.231697 0.967217 0.365000
v 3.190369 0.918268 0.365000
v 3.242679 0.933418 0.365000
v 3.242679 0.933418 0.310000
v 3.190369 0.918268 0.310000
v 3.253639 0.907754 0.310000
v 3.242679 0.933418 0.365000
v 3.190369 0.918268 0.365000
v 3.253639 0.907754 0.365000
v 3.253639 0.907754 0.310000
v 3.190369 0.918268 0.310000
v 3.197348 0.887470 0.310000
v 3.253639 0.907754 0.365000
v 3.190369 0.918268 0.365000
v 3.197348 0.887470 0.365000
v 3.253639 0.907754 0.310000
v 3.197348 0.887470 0.310000
v 3.266813 0.891413 0.310000
v 3.253639 0.907754 0.365000
v 3.197348 0.887470 0.365000
v 3.266813 0.891413 0.365000
v 3.266813 0.891413 0.310000
v 3.197348 0.887470 0.310000
v 3.251374 0.844155 0.310000
v 3.266813 0.891413 0.365000
v 3.197348 0.887470 0.365000
v 3.251374 0.844155 0.365000
v 3.266813 0.891413 0.310000
v 3.251374 0.844155 0.310000
v 3.282400 0.884182 0.310000
v 3.266813 0.891413 0.365000
v 3.251374 0.844155 0.365000
v 3.282400 0.884182 0.365000
v 3.282400 0.884182 0.310000
v 3.251374 0.844155 0.310000
v 3.269078 0.822566 0.310000
v 3.282400 0.884182 0.365000
v 3.251374 0.844155 0.365000
v 3.269078 0.822566 0.365000
v 3.238614 0.787060 0.310000
v 3.249231 0.812794 0.310000
v 3.186853 0.845733 0.310000
v 3.238614 0.787060 0.365000
v 3.249231 0.812794 0.365000
v 3.186853 0.845733 0.365000
v 3.186853 0.845733 0.310000
v 3.249231 0.812794 0.310000
v 3.251374 0.844155 0.310000
v 3.186853 0.845733 0.365000
v 3.249231 0.812794 0.365000
v 3.251374 0.844155 0.365000
v 3.186853 0.845733 0.310000
v 3.251374 0.844155 0.310000
v 3.196148 0.863209 0.310000
v 3.186853 0.845733 0.365000
v 3.251374 0.844155 0.365000
v 3.196148 0.863209 0.365000
v 3.196148 0.863209 0.310000
v 3.251374 0.844155 0.310000
v 3.197348 0.887470 0.310000
v 3.196148 0.863209 0.365000
v 3.251374 0.844155 0.365000
v 3.197348 0.887470 0.365000
v 3.251374 0.844155 0.310000
v 3.249231 0.812794 0.310000
v 3.249231 0.812794 0.365000
v 3.251374 0.844155 0.365000
v 3.249231 0.812794 0.310000
v 3.238614 0.787060 0.310000
v 3.238614 0.787060 0.365000
v 3.249231 0.812794 0.365000
v 3.238614 0.787060 0.310000
v 3.219757 0.767309 0.310000
v 3.219757 0.767309 0.365000
v 3.238614 0.787060 0.365000
v 3.219757 0.767309 0.310000
v 3.192720 0.753982 0.310000
v 3.192720 0.753982 0.365000
v 3.219757 0.767309 0.365000
v 3.192720 0.753982 0.310000
v 3.149038 0.749611 0.310000
v 3.149038 0.749611 0.365000
v 3.192720 0.753982 0.365000
v 3.149038 0.749611 0.310000
v 3.110704 0.766621 0.310000
v 3.110704 0.766621 0.365000
v 3.149038 0.749611 0.365000
v 3.110704 0.766621 0.310000
v 3.078452 0.804345 0.310000
v 3.078452 0.804345 0.365000
v 3.110704 0.766621 0.365000
v 3.078452 0.804345 0.310000
v 3.052972 0.862253 0.310000
v 3.052972 0.862253 0.365000
v 3.078452 0.804345 0.365000
v 3.052972 0.862253 0.310000
v 3.046122 0.886631 0.310000
v 3.046122 0.886631 0.365000
v 3.052972 0.862253 0.365000
v 3.046122 0.886631 0.310000
v 3.041198 0.911671 0.310000
v 3.041198 0.911671 0.365000
v 3.046122 0.886631 0.365000
v 3.041198 0.911671 0.310000
v 3.038250 0.937225 0.310000
v 3.038250 0.937225 0.365000
v 3.041198 0.911671 0.365000
v 3.038250 0.937225 0.310000
v 3.037325 0.963140 0.310000
v 3.037325 0.963140 0.365000
v 3.038250 0.937225 0.365000
v 3.037325 0.963140 0.310000
v 3.099311 0.983281 0.310000
v 3.099311 0.983281 0.365000
v 3.037325 0.963140 0.365000
v 3.099311 0.983281 0.310000
v 3.096712 0.957586 0.310000
v 3.096712 0.957586 0.365000
v 3.099311 0.983281 0.365000
v 3.096712 0.957586 0.310000
v 3.096820 0.932993 0.310000
v 3.096820 0.932993 0.365000
v 3.096712 0.957586 0.365000
v 3.096820 0.932993 0.310000
v 3.099679 0.909534 0.310000
v 3.099679 0.909534 0.365000
v 3.096820 0.932993 0.365000
v 3.099679 0.909534 0.310000
v 3.105291 0.887375 0.310000
v 3.105291 0.887375 0.365000
v 3.099679 0.909534 0.365000
v 3.105291 0.887375 0.310000
v 3.117210 0.860066 0.310000
v 3.117210 0.860066 0.365000
v 3.105291 0.887375 0.365000
v 3.117210 0.860066 0.310000
v 3.132221 0.841995 0.310000
v 3.132221 0.841995 0.365000
v 3.117210 0.860066 0.365000
v 3.132221 0.841995 0.310000
v 3.149864 0.833604 0.310000
v 3.149864 0.833604 0.365000
v 3.132221 0.841995 0.365000
v 3.149864 0.833604 0.310000
v 3.169550 0.835293 0.310000
v 3.169550 0.835293 0.365000
v 3.149864 0.833604 0.365000
v 3.169550 0.835293 0.310000
v 3.186853 0.845733 0.310000
v 3.186853 0.845733 0.365000
v 3.169550 0.835293 0.365000
v 3.186853 0.845733 0.310000
v 3.196148 0.863209 0.310000
v 3.196148 0.863209 0.365000
v 3.186853 0.845733 0.365000
v 3.196148 0.863209 0.310000
v 3.197348 0.887470 0.310000
v 3.197348 0.887470 0.365000
v 3.196148 0.863209 0.365000
v 3.197348 0.887470 0.310000
v 3.190369 0.918268 0.310000
v 3.190369 0.918268 0.365000
v 3.197348 0.887470 0.365000
v 3.190369 0.918268 0.310000
v 3.179930 0.950397 0.310000
v 3.179930 0.950397 0.365000
v 3.190369 0.918268 0.365000
v 3.179930 0.950397 0.310000
v 3.231697 0.967217 0.310000
v 3.231697 0.967217 0.365000
v 3.179930 0.950397 0.365000
v 3.231697 0.967217 0.310000
v 3.242679 0.933418 0.310000
v 3.242679 0.933418 0.365000
v 3.231697 0.967217 0.365000
v 3.242679 0.933418 0.310000
v 3.253639 0.907754 0.310000
v 3.253639 0.907754 0.365000
v 3.242679 0.933418 0.365000
v 3.253639 0.907754 0.310000
v 3.266813 0.891413 0.310000
v 3.266813 0.891413 0.365000
v 3.253639 0.907754 0.365000
v 3.266813 0.891413 0.310000
v 3.282400 0.884182 0.310000
v 3.282400 0.884182 0.365000
v 3.266813 0.891413 0.365000
v 3.282400 0.884182 0.310000
v 3.300554 0.885982 0.310000
v 3.300554 0.885982 0.365000
v 3.282400 0.884182 0.365000
v 3.300554 0.885982 0.310000
v 3.315263 0.894749 0.310000
v 3.315263 0.894749 0.365000
v 3.300554 0.885982 0.365000
v 3.315263 0.894749 0.310000
v 3.323587 0.909416 0.310000
v 3.323587 0.909416 0.365000
v 3.315263 0.894749 0.365000
v 3.323587 0.909416 0.310000
v 3.325313 0.929160 0.310000
v 3.325313 0.929160 0.365000
v 3.323587 0.909416 0.365000
v 3.325313 0.929160 0.310000
v 3.320188 0.953286 0.310000
v 3.320188 0.953286 0.365000
v 3.325313 0.929160 0.365000
v 3.320188 0.953286 0.310000
v 3.312754 0.972415 0.310000
v 3.312754 0.972415 0.365000
v 3.320188 0.953286 0.365000
v 3.312754 0.972415 0.310000
v 3.303040 0.991062 0.310000
v 3.303040 0.991062 0.365000
v 3.312754 0.972415 0.365000
v 3.303040 0.991062 0.310000
v 3.291216 1.009098 0.310000
v 3.291216 1.009098 0.365000
v 3.303040 0.991062 0.365000
v 3.291216 1.009098 0.310000
v 3.277322 1.026350 0.310000
v 3.277322 1.026350 0.365000
v 3.291216 1.009098 0.365000
v 3.277322 1.026350 0.310000
v 3.336169 1.045471 0.310000
v 3.336169 1.045471 0.365000
v 3.277322 1.026350 0.365000
v 3.336169 1.045471 0.310000
v 3.349707 1.023691 0.310000
v 3.349707 1.023691 0.365000
v 3.336169 1.045471 0.365000
v 3.349707 1.023691 0.310000
v 3.361511 1.001568 0.310000
v 3.361511 1.001568 0.365000
v 3.349707 1.023691 0.365000
v 3.361511 1.001568 0.310000
v 3.371547 0.979204 0.310000
v 3.371547 0.979204 0.365000
v 3.361511 1.001568 0.365000
v 3.371547 0.979204 0.310000
v 3.379782 0.956698 0.310000
v 3.379782 0.956698 0.365000
v 3.371547 0.979204 0.365000
v 3.379782 0.956698 0.310000
v 3.392033 0.902006 0.310000
v 3.392033 0.902006 0.365000
v 3.379782 0.956698 0.365000
v 3.392033 0.902006 0.310000
v 3.389327 0.859366 0.310000
v 3.389327 0.859366 0.365000
v 3.392033 0.902006 0.365000
v 3.389327 0.859366 0.310000
v 3.371736 0.828616 0.310000
v 3.371736 0.828616 0.365000
v 3.389327 0.859366 0.365000
v 3.371736 0.828616 0.310000
v 3.339154 0.809685 0.310000
v 3.339154 0.809685 0.365000
v 3.371736 0.828616 0.365000
v 3.339154 0.809685 0.310000
v 3.313134 0.805218 0.310000
v 3.313134 0.805218 0.365000
v 3.339154 0.809685 0.365000
v 3.313134 0.805218 0.310000
v 3.289713 0.809571 0.310000
v 3.289713 0.809571 0.365000
v 3.313134 0.805218 0.365000
v 3.289713 0.809571 0.310000
v 3.269078 0.822566 0.310000
v 3.269078 0.822566 0.365000
v 3.289713 0.809571 0.365000
v 3.269078 0.822566 0.310000
v 3.251374 0.844155 0.310000
v 3.251374 0.844155 0.365000
v 3.269078 0.822566 0.365000
v 3.463518 0.089518 0.310000
v 3.408334 0.120266 0.310000
v 3.407525 0.041946 0.310000
v 3.463518 0.089518 0.365000
v 3.408334 0.120266 0.365000
v 3.407525 0.041946 0.365000
v 3.463518 0.089518 0.310000
v 3.407525 0.041946 0.310000
v 3.433562 0.025245 0.310000
v 3.463518 0.089518 0.365000
v 3.407525 0.041946 0.365000
v 3.433562 0.025245 0.365000
v 3.463518 0.089518 0.310000
v 3.433562 0.025245 0.310000
v 3.498380 0.040927 0.310000
v 3.463518 0.089518 0.365000
v 3.433562 0.025245 0.365000
v 3.498380 0.040927 0.365000
v 3.498380 0.040927 0.310000
v 3.433562 0.025245 0.310000
v 3.449331 -0.000018 0.310000
v 3.498380 0.040927 0.365000
v 3.433562 0.025245 0.365000
v 3.449331 -0.000018 0.365000
v 3.498380 0.040927 0.310000
v 3.449331 -0.000018 0.310000
v 3.510000 -0.022854 0.310000
v 3.498380 0.040927 0.365000
v 3.449331 -0.000018 0.365000
v 3.510000 -0.022854 0.365000
v 3.510000 -0.022854 0.310000
v 3.449331 -0.000018 0.310000
v 3.454587 -0.033613 0.310000
v 3.510000 -0.022854 0.365000
v 3.449331 -0.000018 0.365000
v 3.454587 -0.033613 0.365000
v 3.510000 -0.022854 0.310000
v 3.454587 -0.033613 0.310000
v 3.509121 -0.045163 0.310000
v 3.510000 -0.022854 0.365000
v 3.454587 -0.033613 0.365000
v 3.509121 -0.045163 0.365000
v 3.509121 -0.045163 0.310000
v 3.454587 -0.033613 0.310000
v 3.453410 -0.051404 0.310000
v 3.509121 -0.045163 0.365000
v 3.454587 -0.033613 0.365000
v 3.453410 -0.051404 0.365000
v 3.509121 -0.045163 0.310000
v 3.453410 -0.051404 0.310000
v 3.506484 -0.066805 0.310000
v 3.509121 -0.045163 0.365000
v 3.453410 -0.051404 0.365000
v 3.506484 -0.066805 0.365000
v 3.506484 -0.066805 0.310000
v 3.453410 -0.051404 0.310000
v 3.449876 -0.069617 0.310000
v 3.506484 -0.066805 0.365000
v 3.453410 -0.051404 0.365000
v 3.449876 -0.069617 0.365000
v 3.506484 -0.066805 0.310000
v 3.449876 -0.069617 0.310000
v 3.502089 -0.088006 0.310000
v 3.506484 -0.066805 0.365000
v 3.449876 -0.069617 0.365000
v 3.502089 -0.088006 0.365000
v 3.502089 -0.088006 0.310000
v 3.449876 -0.069617 0.310000
v 3.443863 -0.088709 0.310000
v 3.502089 -0.088006 0.365000
v 3.449876 -0.069617 0.365000
v 3.443863 -0.088709 0.365000
v 3.502089 -0.088006 0.310000
v 3.443863 -0.088709 0.310000
v 3.495936 -0.108997 0.310000
v 3.502089 -0.088006 0.365000
v 3.443863 -0.088709 0.365000
v 3.495936 -0.108997 0.365000
v 3.495936 -0.108997 0.310000
v 3.443863 -0.088709 0.310000
v 3.435249 -0.108997 0.310000
v 3.495936 -0.108997 0.365000
v 3.443863 -0.088709 0.365000
v 3.435249 -0.108997 0.365000
v 3.286310 -0.130515 0.310000
v 3.329417 -0.122797 0.310000
v 3.305965 -0.046236 0.310000
v 3.286310 -0.130515 0.365000
v 3.329417 -0.122797 0.365000
v 3.305965 -0.046236 0.365000
v 3.286310 -0.130515 0.310000
v 3.305965 -0.046236 0.310000
v 3.280755 -0.049013 0.310000
v 3.286310 -0.130515 0.365000
v 3.305965 -0.046236 0.365000
v 3.280755 -0.049013 0.365000
v 3.286310 -0.130515 0.310000
v 3.280755 -0.049013 0.310000
v 3.238809 -0.121883 0.310000
v 3.286310 -0.130515 0.365000
v 3.280755 -0.049013 0.365000
v 3.238809 -0.121883 0.365000
v 3.201785 -0.095988 0.310000
v 3.238809 -0.121883 0.310000
v 3.255580 -0.046236 0.310000
v 3.201785 -0.095988 0.365000
v 3.238809 -0.121883 0.365000
v 3.255580 -0.046236 0.365000
v 3.201785 -0.095988 0.310000
v 3.255580 -0.046236 0.310000
v 3.237578 -0.037903 0.310000
v 3.201785 -0.095988 0.365000
v 3.255580 -0.046236 0.365000
v 3.237578 -0.037903 0.365000
v 3.201785 -0.095988 0.310000
v 3.237578 -0.037903 0.310000
v 3.177946 -0.055641 0.310000
v 3.201785 -0.095988 0.365000
v 3.237578 -0.037903 0.365000
v 3.177946 -0.055641 0.365000
v 3.177946 -0.055641 0.310000
v 3.237578 -0.037903 0.310000
v 3.226819 -0.023979 0.310000
v 3.177946 -0.055641 0.365000
v 3.237578 -0.037903 0.365000
v 3.226819 -0.023979 0.365000
v 3.177946 -0.055641 0.310000
v 3.226819 -0.023979 0.310000
v 3.170000 -0.003516 0.310000
v 3.177946 -0.055641 0.365000
v 3.226819 -0.023979 0.365000
v 3.170000 -0.003516 0.365000
v 3.170000 -0.003516 0.310000
v 3.226819 -0.023979 0.310000
v 3.223233 -0.004430 0.310000
v 3.170000 -0.003516 0.365000
v 3.226819 -0.023979 0.365000
v 3.223233 -0.004430 0.365000
v 3.170000 -0.003516 0.310000
v 3.223233 -0.004430 0.310000
v 3.226819 0.015013 0.310000
v 3.170000 -0.003516 0.365000
v 3.223233 -0.004430 0.365000
v 3.226819 0.015013 0.365000
v 3.170000 -0.003516 0.310000
v 3.226819 0.015013 0.310000
v 3.180794 0.053198 0.310000
v 3.170000 -0.003516 0.365000
v 3.226819 0.015013 0.365000
v 3.180794 0.053198 0.365000
v 3.180794 0.053198 0.310000
v 3.226819 0.015013 0.310000
v 3.237578 0.028902 0.310000
v 3.180794 0.053198 0.365000
v 3.226819 0.015013 0.365000
v 3.237578 0.028902 0.365000
v 3.180794 0.053198 0.310000
v 3.237578 0.028902 0.310000
v 3.213177 0.095495 0.310000
v 3.180794 0.053198 0.365000
v 3.237578 0.028902 0.365000
v 3.213177 0.095495 0.365000
v 3.213177 0.095495 0.310000
v 3.237578 0.028902 0.310000
v 3.255580 0.037235 0.310000
v 3.213177 0.095495 0.365000
v 3.237578 0.028902 0.365000
v 3.255580 0.037235 0.365000
v 3.213177 0.095495 0.310000
v 3.255580 0.037235 0.310000
v 3.265443 0.121760 0.310000
v 3.213177 0.095495 0.365000
v 3.255580 0.037235 0.365000
v 3.265443 0.121760 0.365000
v 3.265443 0.121760 0.310000
v 3.255580 0.037235 0.310000
v 3.280755 0.040012 0.310000
v 3.265443 0.121760 0.365000
v 3.255580 0.037235 0.365000
v 3.280755 0.040012 0.365000
v 3.265443 0.121760 0.310000
v 3.280755 0.040012 0.310000
v 3.305965 0.037235 0.310000
v 3.265443 0.121760 0.365000
v 3.280755 0.040012 0.365000
v 3.305965 0.037235 0.365000
v 3.265443 0.121760 0.310000
v 3.305965 0.037235 0.310000
v 3.335746 0.130515 0.310000
v 3.265443 0.121760 0.365000
v 3.305965 0.037235 0.365000
v 3.335746 0.130515 0.365000
v 3.335746 0.130515 0.310000
v 3.305965 0.037235 0.310000
v 3.371328 0.049857 0.310000
v 3.335746 0.130515 0.365000
v 3.305965 0.037235 0.365000
v 3.371328 0.049857 0.365000
v 3.335746 0.130515 0.310000
v 3.371328 0.049857 0.310000
v 3.408334 0.120266 0.310000
v 3.335746 0.130515 0.365000
v 3.371328 0.049857 0.365000
v 3.408334 0.120266 0.365000
v 3.408334 0.120266 0.310000
v 3.371328 0.049857 0.310000
v 3.407525 0.041946 0.310000
v 3.408334 0.120266 0.365000
v 3.371328 0.049857 0.365000
v 3.407525 0.041946 0.365000
v 3.329417 -0.122797 0.310000
v 3.363382 -0.099644 0.310000
v 3.305965 -0.046236 0.310000
v 3.329417 -0.122797 0.365000
v 3.363382 -0.099644 0.365000
v 3.305965 -0.046236 0.365000
v 3.305965 -0.046236 0.310000
v 3.363382 -0.099644 0.310000
v 3.323932 -0.037903 0.310000
v 3.305965 -0.046236 0.365000
v 3.363382 -0.099644 0.365000
v 3.323932 -0.037903 0.365000
v 3.280755 -0.049013 0.310000
v 3.255580 -0.046236 0.310000
v 3.238809 -0.121883 0.310000
v 3.280755 -0.049013 0.365000
v 3.255580 -0.046236 0.365000
v 3.238809 -0.121883 0.365000
v 3.305965 0.037235 0.310000
v 3.323932 0.028902 0.310000
v 3.371328 0.049857 0.310000
v 3.305965 0.037235 0.365000
v 3.323932 0.028902 0.365000
v 3.371328 0.049857 0.365000
v 3.371328 0.049857 0.310000
v 3.323932 0.028902 0.310000
v 3.334744 0.015013 0.310000
v 3.371328 0.049857 0.365000
v 3.323932 0.028902 0.365000
v 3.334744 0.015013 0.365000
v 3.371328 0.049857 0.310000
v 3.334744 0.015013 0.310000
v 3.380733 0.034774 0.310000
v 3.371328 0.049857 0.365000
v 3.334744 0.015013 0.365000
v 3.380733 0.034774 0.365000
v 3.380733 0.034774 0.310000
v 3.334744 0.015013 0.310000
v 3.387431 0.018494 0.310000
v 3.380733 0.034774 0.365000
v 3.334744 0.015013 0.365000
v 3.387431 0.018494 0.365000
v 3.387431 0.018494 0.310000
v 3.334744 0.015013 0.310000
v 3.338347 -0.004430 0.310000
v 3.387431 0.018494 0.365000
v 3.334744 0.015013 0.365000
v 3.338347 -0.004430 0.365000
v 3.387431 0.018494 0.310000
v 3.338347 -0.004430 0.310000
v 3.391492 0.000774 0.310000
v 3.387431 0.018494 0.365000
v 3.338347 -0.004430 0.365000
v 3.391492 0.000774 0.365000
v 3.391492 0.000774 0.310000
v 3.338347 -0.004430 0.310000
v 3.392846 -0.018494 0.310000
v 3.391492 0.000774 0.365000
v 3.338347 -0.004430 0.365000
v 3.392846 -0.018494 0.365000
v 3.392846 -0.018494 0.310000
v 3.338347 -0.004430 0.310000
v 3.334744 -0.023979 0.310000
v 3.392846 -0.018494 0.365000
v 3.338347 -0.004430 0.365000
v 3.334744 -0.023979 0.365000
v 3.392846 -0.018494 0.310000
v 3.334744 -0.023979 0.310000
v 3.385480 -0.063921 0.310000
v 3.392846 -0.018494 0.365000
v 3.334744 -0.023979 0.365000
v 3.385480 -0.063921 0.365000
v 3.385480 -0.063921 0.310000
v 3.334744 -0.023979 0.310000
v 3.323932 -0.037903 0.310000
v 3.385480 -0.063921 0.365000
v 3.334744 -0.023979 0.365000
v 3.323932 -0.037903 0.365000
v 3.385480 -0.063921 0.310000
v 3.323932 -0.037903 0.310000
v 3.363382 -0.099644 0.310000
v 3.385480 -0.063921 0.365000
v 3.323932 -0.037903 0.365000
v 3.363382 -0.099644 0.365000
v 3.435249 -0.108997 0.310000
v 3.443863 -0.088709 0.310000
v 3.443863 -0.088709 0.365000
v 3.435249 -0.108997 0.365000
v 3.443863 -0.088709 0.310000
v 3.449876 -0.069617 0.310000
v 3.449876 -0.069617 0.365000
v 3.443863 -0.088709 0.365000
v 3.449876 -0.069617 0.310000
v 3.453410 -0.051404 0.310000
v 3.453410 -0.051404 0.365000
v 3.449876 -0.069617 0.365000
v 3.453410 -0.051404 0.310000
v 3.454587 -0.033613 0.310000
v 3.454587 -0.033613 0.365000
v 3.453410 -0.051404 0.365000
v 3.454587 -0.033613 0.310000
v 3.449331 -0.000018 0.310000
v 3.449331 -0.000018 0.365000
v 3.454587 -0.033613 0.365000
v 3.449331 -0.000018 0.310000
v 3.433562 0.025245 0.310000
v 3.433562 0.025245 0.365000
v 3.449331 -0.000018 0.365000
v 3.433562 0.025245 0.310000
v 3.407525 0.041946 0.310000
v 3.407525 0.041946 0.365000
v 3.433562 0.025245 0.365000
v 3.407525 0.041946 0.310000
v 3.371328 0.049857 0.310000
v 3.371328 0.049857 0.365000
v 3.407525 0.041946 0.365000
v 3.371328 0.049857 0.310000
v 3.380733 0.034774 0.310000
v 3.380733 0.034774 0.365000
v 3.371328 0.049857 0.365000
v 3.380733 0.034774 0.310000
v 3.387431 0.018494 0.310000
v 3.387431 0.018494 0.365000
v 3.380733 0.034774 0.365000
v 3.387431 0.018494 0.310000
v 3.391492 0.000774 0.310000
v 3.391492 0.000774 0.365000
v 3.387431 0.018494 0.365000
v 3.391492 0.000774 0.310000
v 3.392846 -0.018494 0.310000
v 3.392846 -0.018494 0.365000
v 3.391492 0.000774 0.365000
v 3.392846 -0.018494 0.310000
v 3.385480 -0.063921 0.310000
v 3.385480 -0.063921 0.365000
v 3.392846 -0.018494 0.365000
v 3.385480 -0.063921 0.310000
v 3.363382 -0.099644 0.310000
v 3.363382 -0.099644 0.365000
v 3.385480 -0.063921 0.365000
v 3.363382 -0.099644 0.310000
v 3.329417 -0.122797 0.310000
v 3.329417 -0.122797 0.365000
v 3.363382 -0.099644 0.365000
v 3.329417 -0.122797 0.310000
v 3.286310 -0.130515 0.310000
v 3.286310 -0.130515 0.365000
v 3.329417 -0.122797 0.365000
v 3.286310 -0.130515 0.310000
v 3.238809 -0.121883 0.310000
v 3.238809 -0.121883 0.365000
v 3.286310 -0.130515 0.365000
v 3.238809 -0.121883 0.310000
v 3.201785 -0.095988 0.310000
v 3.201785 -0.095988 0.365000
v 3.238809 -0.121883 0.365000
v 3.201785 -0.095988 0.310000
v 3.177946 -0.055641 0.310000
v 3.177946 -0.055641 0.365000
v 3.201785 -0.095988 0.365000
v 3.177946 -0.055641 0.310000
v 3.170000 -0.003516 0.310000
v 3.170000 -0.003516 0.365000
v 3.177946 -0.055641 0.365000
v 3.170000 -0.003516 0.310000
v 3.180794 0.053198 0.310000
v 3.180794 0.053198 0.365000
v 3.170000 -0.003516 0.365000
v 3.180794 0.053198 0.310000
v 3.213177 0.095495 0.310000
v 3.213177 0.095495 0.365000
v 3.180794 0.053198 0.365000
v 3.213177 0.095495 0.310000
v 3.265443 0.121760 0.310000
v 3.265443 0.121760 0.365000
v 3.213177 0.095495 0.365000
v 3.265443 0.121760 0.310000
v 3.335746 0.130515 0.310000
v 3.335746 0.130515 0.365000
v 3.265443 0.121760 0.365000
v 3.335746 0.130515 0.310000
v 3.408334 0.120266 0.310000
v 3.408334 0.120266 0.365000
v 3.335746 0.130515 0.365000
v 3.408334 0.120266 0.310000
v 3.463518 0.089518 0.310000
v 3.463518 0.089518 0.365000
v 3.408334 0.120266 0.365000
v 3.463518 0.089518 0.310000
v 3.498380 0.040927 0.310000
v 3.498380 0.040927 0.365000
v 3.463518 0.089518 0.365000
v 3.498380 0.040927 0.310000
v 3.510000 -0.022854 0.310000
v 3.510000 -0.022854 0.365000
v 3.498380 0.040927 0.365000
v 3.510000 -0.022854 0.310000
v 3.509121 -0.045163 0.310000
v 3.509121 -0.045163 0.365000
v 3.510000 -0.022854 0.365000
v 3.509121 -0.045163 0.310000
v 3.506484 -0.066805 0.310000
v 3.506484 -0.066805 0.365000
v 3.509121 -0.045163 0.365000
v 3.506484 -0.066805 0.310000
v 3.502089 -0.088006 0.310000
v 3.502089 -0.088006 0.365000
v 3.506484 -0.066805 0.365000
v 3.502089 -0.088006 0.310000
v 3.495936 -0.108997 0.310000
v 3.495936 -0.108997 0.365000
v 3.502089 -0.088006 0.365000
v 3.495936 -0.108997 0.310000
v 3.435249 -0.108997 0.310000
v 3.435249 -0.108997 0.365000
v 3.495936 -0.108997 0.365000
v 3.334744 0.015013 0.310000
v 3.323932 0.028902 0.310000
v 3.323932 0.028902 0.365000
v 3.334744 0.015013 0.365000
v 3.323932 0.028902 0.310000
v 3.305965 0.037235 0.310000
v 3.305965 0.037235 0.365000
v 3.323932 0.028902 0.365000
v 3.305965 0.037235 0.310000
v 3.280755 0.040012 0.310000
v 3.280755 0.040012 0.365000
v 3.305965 0.037235 0.365000
v 3.280755 0.040012 0.310000
v 3.255580 0.037235 0.310000
v 3.255580 0.037235 0.365000
v 3.280755 0.040012 0.365000
v 3.255580 0.037235 0.310000
v 3.237578 0.028902 0.310000
v 3.237578 0.028902 0.365000
v 3.255580 0.037235 0.365000
v 3.237578 0.028902 0.310000
v 3.226819 0.015013 0.310000
v 3.226819 0.015013 0.365000
v 3.237578 0.028902 0.365000
v 3.226819 0.015013 0.310000
v 3.223233 -0.004430 0.310000
v 3.223233 -0.004430 0.365000
v 3.226819 0.015013 0.365000
v 3.223233 -0.004430 0.310000
v 3.226819 -0.023979 0.310000
v 3.226819 -0.023979 0.365000
v 3.223233 -0.004430 0.365000
v 3.226819 -0.023979 0.310000
v 3.237578 -0.037903 0.310000
v 3.237578 -0.037903 0.365000
v 3.226819 -0.023979 0.365000
v 3.237578 -0.037903 0.310000
v 3.255580 -0.046236 0.310000
v 3.255580 -0.046236 0.365000
v 3.237578 -0.037903 0.365000
v 3.255580 -0.046236 0.310000
v 3.280755 -0.049013 0.310000
v 3.280755 -0.049013 0.365000
v 3.255580 -0.046236 0.365000
v 3.280755 -0.049013 0.310000
v 3.305965 -0.046236 0.310000
v 3.305965 -0.046236 0.365000
v 3.280755 -0.049013 0.365000
v 3.305965 -0.046236 0.310000
v 3.323932 -0.037903 0.310000
v 3.323932 -0.037903 0.365000
v 3.305965 -0.046236 0.365000
v 3.323932 -0.037903 0.310000
v 3.334744 -0.023979 0.310000
v 3.334744 -0.023979 0.365000
v 3.323932 -0.037903 0.365000
v 3.334744 -0.023979 0.310000
v 3.338347 -0.004430 0.310000
v 3.338347 -0.004430 0.365000
v 3.334744 -0.023979 0.365000
v 3.338347 -0.004430 0.310000
v 3.334744 0.015013 0.310000
v 3.334744 0.015013 0.365000
v 3.338347 -0.004430 0.365000
v 3.403059 -0.814830 0.310000
v 3.348353 -0.797055 0.310000
v 3.339704 -0.874812 0.310000
v 3.403059 -0.814830 0.365000
v 3.348353 -0.797055 0.365000
v 3.339704 -0.874812 0.365000
v 3.403059 -0.814830 0.310000
v 3.339704 -0.874812 0.310000
v 3.394562 -0.892120 0.310000
v 3.403059 -0.814830 0.365000
v 3.339704 -0.874812 0.365000
v 3.394562 -0.892120 0.365000
v 3.394562 -0.892120 0.310000
v 3.339704 -0.874812 0.310000
v 3.369733 -0.968535 0.310000
v 3.394562 -0.892120 0.365000
v 3.339704 -0.874812 0.365000
v 3.369733 -0.968535 0.365000
v 3.369733 -0.968535 0.310000
v 3.339704 -0.874812 0.310000
v 3.113571 -0.885302 0.310000
v 3.369733 -0.968535 0.365000
v 3.339704 -0.874812 0.365000
v 3.113571 -0.885302 0.365000
v 3.090500 -0.956306 0.310000
v 3.113571 -0.885302 0.310000
v 3.034993 -0.938271 0.310000
v 3.090500 -0.956306 0.365000
v 3.113571 -0.885302 0.365000
v 3.034993 -0.938271 0.365000
v 3.034993 -0.938271 0.310000
v 3.113571 -0.885302 0.310000
v 3.105811 -0.720316 0.310000
v 3.034993 -0.938271 0.365000
v 3.113571 -0.885302 0.365000
v 3.105811 -0.720316 0.365000
v 3.105811 -0.720316 0.310000
v 3.113571 -0.885302 0.310000
v 3.138247 -0.809355 0.310000
v 3.105811 -0.720316 0.365000
v 3.113571 -0.885302 0.365000
v 3.138247 -0.809355 0.365000
v 3.105811 -0.720316 0.310000
v 3.138247 -0.809355 0.310000
v 3.161318 -0.738351 0.310000
v 3.105811 -0.720316 0.365000
v 3.138247 -0.809355 0.365000
v 3.161318 -0.738351 0.365000
v 3.339704 -0.874812 0.310000
v 3.138247 -0.809355 0.310000
v 3.113571 -0.885302 0.310000
v 3.339704 -0.874812 0.365000
v 3.138247 -0.809355 0.365000
v 3.113571 -0.885302 0.365000
v 3.138247 -0.809355 0.310000
v 3.339704 -0.874812 0.310000
v 3.339704 -0.874812 0.365000
v 3.138247 -0.809355 0.365000
v 3.339704 -0.874812 0.310000
v 3.348353 -0.797055 0.310000
v 3.348353 -0.797055 0.365000
v 3.339704 -0.874812 0.365000
v 3.348353 -0.797055 0.310000
v 3.403059 -0.814830 0.310000
v 3.403059 -0.814830 0.365000
v 3.348353 -0.797055 0.365000
v 3.403059 -0.814830 0.310000
v 3.394562 -0.892120 0.310000
v 3.394562 -0.892120 0.365000
v 3.403059 -0.814830 0.365000
v 3.394562 -0.892120 0.310000
v 3.369733 -0.968535 0.310000
v 3.369733 -0.968535 0.365000
v 3.394562 -0.892120 0.365000
v 3.369733 -0.968535 0.310000
v 3.113571 -0.885302 0.310000
v 3.113571 -0.885302 0.365000
v 3.369733 -0.968535 0.365000
v 3.113571 -0.885302 0.310000
v 3.090500 -0.956306 0.310000
v 3.090500 -0.956306 0.365000
v 3.113571 -0.885302 0.365000
v 3.090500 -0.956306 0.310000
v 3.034993 -0.938271 0.310000
v 3.034993 -0.938271 0.365000
v 3.090500 -0.956306 0.365000
v 3.034993 -0.938271 0.310000
v 3.105811 -0.720316 0.310000
v 3.105811 -0.720316 0.365000
v 3.034993 -0.938271 0.365000
v 3.105811 -0.720316 0.310000
v 3.161318 -0.738351 0.310000
v 3.161318 -0.738351 0.365000
v 3.105811 -0.720316 0.365000
v 3.161318 -0.738351 0.310000
v 3.138247 -0.809355 0.310000
v 3.138247 -0.809355 0.365000
v 3.161318 -0.738351 0.365000
v 3.283147 -1.110925 0.310000
v 3.240354 -1.069327 0.310000
v 3.227549 -1.157034 0.310000
v 3.283147 -1.110925 0.365000
v 3.240354 -1.069327 0.365000
v 3.227549 -1.157034 0.365000
v 3.283147 -1.110925 0.310000
v 3.227549 -1.157034 0.310000
v 3.301567 -1.161624 0.310000
v 3.283147 -1.110925 0.365000
v 3.227549 -1.157034 0.365000
v 3.301567 -1.161624 0.365000
v 3.301567 -1.161624 0.310000
v 3.227549 -1.157034 0.310000
v 3.240682 -1.177640 0.310000
v 3.301567 -1.161624 0.365000
v 3.227549 -1.157034 0.365000
v 3.240682 -1.177640 0.365000
v 3.301567 -1.161624 0.310000
v 3.240682 -1.177640 0.310000
v 3.294366 -1.219582 0.310000
v 3.301567 -1.161624 0.365000
v 3.240682 -1.177640 0.365000
v 3.294366 -1.219582 0.365000
v 3.294366 -1.219582 0.310000
v 3.240682 -1.177640 0.310000
v 3.239460 -1.201742 0.310000
v 3.294366 -1.219582 0.365000
v 3.240682 -1.177640 0.365000
v 3.239460 -1.201742 0.365000
v 3.294366 -1.219582 0.310000
v 3.239460 -1.201742 0.310000
v 3.226276 -1.221975 0.310000
v 3.294366 -1.219582 0.365000
v 3.239460 -1.201742 0.365000
v 3.226276 -1.221975 0.365000
v 3.294366 -1.219582 0.310000
v 3.226276 -1.221975 0.310000
v 3.266174 -1.270552 0.310000
v 3.294366 -1.219582 0.365000
v 3.226276 -1.221975 0.365000
v 3.266174 -1.270552 0.365000
v 3.266174 -1.270552 0.310000
v 3.226276 -1.221975 0.310000
v 3.203567 -1.230843 0.310000
v 3.266174 -1.270552 0.365000
v 3.226276 -1.221975 0.365000
v 3.203567 -1.230843 0.365000
v 3.266174 -1.270552 0.310000
v 3.203567 -1.230843 0.310000
v 3.221488 -1.300692 0.310000
v 3.266174 -1.270552 0.365000
v 3.203567 -1.230843 0.365000
v 3.221488 -1.300692 0.365000
v 3.221488 -1.300692 0.310000
v 3.203567 -1.230843 0.310000
v 3.162417 -1.309192 0.310000
v 3.221488 -1.300692 0.365000
v 3.203567 -1.230843 0.365000
v 3.162417 -1.309192 0.365000
v 3.162417 -1.309192 0.310000
v 3.203567 -1.230843 0.310000
v 3.168401 -1.228500 0.310000
v 3.162417 -1.309192 0.365000
v 3.203567 -1.230843 0.365000
v 3.168401 -1.228500 0.365000
v 3.162417 -1.309192 0.310000
v 3.168401 -1.228500 0.310000
v 3.090938 -1.295198 0.310000
v 3.162417 -1.309192 0.365000
v 3.168401 -1.228500 0.365000
v 3.090938 -1.295198 0.365000
v 3.090938 -1.295198 0.310000
v 3.168401 -1.228500 0.310000
v 3.117715 -1.215059 0.310000
v 3.090938 -1.295198 0.365000
v 3.168401 -1.228500 0.365000
v 3.117715 -1.215059 0.365000
v 3.090938 -1.295198 0.310000
v 3.117715 -1.215059 0.310000
v 3.068218 -1.195912 0.310000
v 3.090938 -1.295198 0.365000
v 3.117715 -1.215059 0.365000
v 3.068218 -1.195912 0.365000
v 3.090938 -1.295198 0.310000
v 3.068218 -1.195912 0.310000
v 3.025068 -1.264564 0.310000
v 3.090938 -1.295198 0.365000
v 3.068218 -1.195912 0.365000
v 3.025068 -1.264564 0.365000
v 2.982292 -1.222972 0.310000
v 3.025068 -1.264564 0.310000
v 3.037956 -1.176885 0.310000
v 2.982292 -1.222972 0.365000
v 3.025068 -1.264564 0.365000
v 3.037956 -1.176885 0.365000
v 2.982292 -1.222972 0.310000
v 3.037956 -1.176885 0.310000
v 2.963856 -1.172323 0.310000
v 2.982292 -1.222972 0.365000
v 3.037956 -1.176885 0.365000
v 2.963856 -1.172323 0.365000
v 2.963856 -1.172323 0.310000
v 3.037956 -1.176885 0.310000
v 3.024596 -1.156298 0.310000
v 2.963856 -1.172323 0.365000
v 3.037956 -1.176885 0.365000
v 3.024596 -1.156298 0.365000
v 2.963856 -1.172323 0.310000
v 3.024596 -1.156298 0.310000
v 2.971007 -1.114516 0.310000
v 2.963856 -1.172323 0.365000
v 3.024596 -1.156298 0.365000
v 2.971007 -1.114516 0.365000
v 2.971007 -1.114516 0.310000
v 3.024596 -1.156298 0.310000
v 3.025713 -1.132291 0.310000
v 2.971007 -1.114516 0.365000
v 3.024596 -1.156298 0.365000
v 3.025713 -1.132291 0.365000
v 2.971007 -1.114516 0.310000
v 3.025713 -1.132291 0.310000
v 3.038958 -1.112095 0.310000
v 2.971007 -1.114516 0.365000
v 3.025713 -1.132291 0.365000
v 3.038958 -1.112095 0.365000
v 2.971007 -1.114516 0.310000
v 3.038958 -1.112095 0.310000
v 2.999248 -1.063395 0.310000
v 2.971007 -1.114516 0.365000
v 3.038958 -1.112095 0.365000
v 2.999248 -1.063395 0.365000
v 2.999248 -1.063395 0.310000
v 3.038958 -1.112095 0.310000
v 3.061895 -1.103209 0.310000
v 2.999248 -1.063395 0.365000
v 3.038958 -1.112095 0.365000
v 3.061895 -1.103209 0.365000
v 2.999248 -1.063395 0.310000
v 3.061895 -1.103209 0.310000
v 3.043951 -1.033205 0.310000
v 2.999248 -1.063395 0.365000
v 3.061895 -1.103209 0.365000
v 3.043951 -1.033205 0.365000
v 3.043951 -1.033205 0.310000
v 3.061895 -1.103209 0.310000
v 3.103005 -1.024700 0.310000
v 3.043951 -1.033205 0.365000
v 3.061895 -1.103209 0.365000
v 3.103005 -1.024700 0.365000
v 3.103005 -1.024700 0.310000
v 3.061895 -1.103209 0.310000
v 3.097561 -1.105604 0.310000
v 3.103005 -1.024700 0.365000
v 3.061895 -1.103209 0.365000
v 3.097561 -1.105604 0.365000
v 3.103005 -1.024700 0.310000
v 3.097561 -1.105604 0.310000
v 3.174300 -1.038634 0.310000
v 3.103005 -1.024700 0.365000
v 3.097561 -1.105604 0.365000
v 3.174300 -1.038634 0.365000
v 3.174300 -1.038634 0.310000
v 3.097561 -1.105604 0.310000
v 3.148859 -1.119207 0.310000
v 3.174300 -1.038634 0.365000
v 3.097561 -1.105604 0.365000
v 3.148859 -1.119207 0.365000
v 3.174300 -1.038634 0.310000
v 3.148859 -1.119207 0.310000
v 3.197755 -1.138159 0.310000
v 3.174300 -1.038634 0.365000
v 3.148859 -1.119207 0.365000
v 3.197755 -1.138159 0.365000
v 3.174300 -1.038634 0.310000
v 3.197755 -1.138159 0.310000
v 3.240354 -1.069327 0.310000
v 3.174300 -1.038634 0.365000
v 3.197755 -1.138159 0.365000
v 3.240354 -1.069327 0.365000
v 3.240354 -1.069327 0.310000
v 3.197755 -1.138159 0.310000
v 3.227549 -1.157034 0.310000
v 3.240354 -1.069327 0.365000
v 3.197755 -1.138159 0.365000
v 3.227549 -1.157034 0.365000
v 3.068218 -1.195912 0.310000
v 3.037956 -1.176885 0.310000
v 3.025068 -1.264564 0.310000
v 3.068218 -1.195912 0.365000
v 3.037956 -1.176885 0.365000
v 3.025068 -1.264564 0.365000
v 3.025068 -1.264564 0.310000
v 2.982292 -1.222972 0.310000
v 2.982292 -1.222972 0.365000
v 3.025068 -1.264564 0.365000
v 2.982292 -1.222972 0.310000
v 2.963856 -1.172323 0.310000
v 2.963856 -1.172323 0.365000
v 2.982292 -1.222972 0.365000
v 2.963856 -1.172323 0.310000
v 2.971007 -1.114516 0.310000
v 2.971007 -1.114516 0.365000
v 2.963856 -1.172323 0.365000
v 2.971007 -1.114516 0.310000
v 2.999248 -1.063395 0.310000
v 2.999248 -1.063395 0.365000
v 2.971007 -1.114516 0.365000
v 2.999248 -1.063395 0.310000
v 3.043951 -1.033205 0.310000
v 3.043951 -1.033205 0.365000
v 2.999248 -1.063395 0.365000
v 3.043951 -1.033205 0.310000
v 3.103005 -1.024700 0.310000
v 3.103005 -1.024700 0.365000
v 3.043951 -1.033205 0.365000
v 3.103005 -1.024700 0.310000
v 3.174300 -1.038634 0.310000
v 3.174300 -1.038634 0.365000
v 3.103005 -1.024700 0.365000
v 3.174300 -1.038634 0.310000
v 3.240354 -1.069327 0.310000
v 3.240354 -1.069327 0.365000
v 3.174300 -1.038634 0.365000
v 3.240354 -1.069327 0.310000
v 3.283147 -1.110925 0.310000
v 3.283147 -1.110925 0.365000
v 3.240354 -1.069327 0.365000
v 3.283147 -1.110925 0.310000
v 3.301567 -1.161624 0.310000
v 3.301567 -1.161624 0.365000
v 3.283147 -1.110925 0.365000
v 3.301567 -1.161624 0.310000
v 3.294366 -1.219582 0.310000
v 3.294366 -1.219582 0.365000
v 3.301567 -1.161624 0.365000
v 3.294366 -1.219582 0.310000
v 3.266174 -1.270552 0.310000
v 3.266174 -1.270552 0.365000
v 3.294366 -1.219582 0.365000
v 3.266174 -1.270552 0.310000
v 3.221488 -1.300692 0.310000
v 3.221488 -1.300692 0.365000
v 3.266174 -1.270552 0.365000
v 3.221488 -1.300692 0.310000
v 3.162417 -1.309192 0.310000
v 3.162417 -1.309192 0.365000
v 3.221488 -1.300692 0.365000
v 3.162417 -1.309192 0.310000
v 3.090938 -1.295198 0.310000
v 3.090938 -1.295198 0.365000
v 3.162417 -1.309192 0.365000
v 3.090938 -1.295198 0.310000
v 3.025068 -1.264564 0.310000
v 3.025068 -1.264564 0.365000
v 3.090938 -1.295198 0.365000
v 3.168401 -1.228500 0.310000
v 3.203567 -1.230843 0.310000
v 3.203567 -1.230843 0.365000
v 3.168401 -1.228500 0.365000
v 3.203567 -1.230843 0.310000
v 3.226276 -1.221975 0.310000
v 3.226276 -1.221975 0.365000
v 3.203567 -1.230843 0.365000
v 3.226276 -1.221975 0.310000
v 3.239460 -1.201742 0.310000
v 3.239460 -1.201742 0.365000
v 3.226276 -1.221975 0.365000
v 3.239460 -1.201742 0.310000
v 3.240682 -1.177640 0.310000
v 3.240682 -1.177640 0.365000
v 3.239460 -1.201742 0.365000
v 3.240682 -1.177640 0.310000
v 3.227549 -1.157034 0.310000
v 3.227549 -1.157034 0.365000
v 3.240682 -1.177640 0.365000
v 3.227549 -1.157034 0.310000
v 3.197755 -1.138159 0.310000
v 3.197755 -1.138159 0.365000
v 3.227549 -1.157034 0.365000
v 3.197755 -1.138159 0.310000
v 3.148859 -1.119207 0.310000
v 3.148859 -1.119207 0.365000
v 3.197755 -1.138159 0.365000
v 3.148859 -1.119207 0.310000
v 3.097561 -1.105604 0.310000
v 3.097561 -1.105604 0.365000
v 3.148859 -1.119207 0.365000
v 3.097561 -1.105604 0.310000
v 3.061895 -1.103209 0.310000
v 3.061895 -1.103209 0.365000
v 3.097561 -1.105604 0.365000
v 3.061895 -1.103209 0.310000
v 3.038958 -1.112095 0.310000
v 3.038958 -1.112095 0.365000
v 3.061895 -1.103209 0.365000
v 3.038958 -1.112095 0.310000
v 3.025713 -1.132291 0.310000
v 3.025713 -1.132291 0.365000
v 3.038958 -1.112095 0.365000
v 3.025713 -1.132291 0.310000
v 3.024596 -1.156298 0.310000
v 3.024596 -1.156298 0.365000
v 3.025713 -1.132291 0.365000
v 3.024596 -1.156298 0.310000
v 3.037956 -1.176885 0.310000
v 3.037956 -1.176885 0.365000
v 3.024596 -1.156298 0.365000
v 3.037956 -1.176885 0.310000
v 3.068218 -1.195912 0.310000
v 3.068218 -1.195912 0.365000
v 3.037956 -1.176885 0.365000
v 3.068218 -1.195912 0.310000
v 3.117715 -1.215059 0.310000
v 3.117715 -1.215059 0.365000
v 3.068218 -1.195912 0.365000
v 3.117715 -1.215059 0.310000
v 3.168401 -1.228500 0.310000
v 3.168401 -1.228500 0.365000
v 3.117715 -1.215059 0.365000
v 2.989162 -1.829980 0.310000
v 2.941805 -1.795573 0.310000
v 2.908981 -1.868111 0.310000
v 2.989162 -1.829980 0.365000
v 2.941805 -1.795573 0.365000
v 2.908981 -1.868111 0.365000
v 2.989162 -1.829980 0.310000
v 2.908981 -1.868111 0.310000
v 2.956632 -1.902113 0.310000
v 2.989162 -1.829980 0.365000
v 2.908981 -1.868111 0.365000
v 2.956632 -1.902113 0.365000
v 2.956632 -1.902113 0.310000
v 2.908981 -1.868111 0.310000
v 2.908572 -1.968263 0.310000
v 2.956632 -1.902113 0.365000
v 2.908981 -1.868111 0.365000
v 2.908572 -1.968263 0.365000
v 2.908572 -1.968263 0.310000
v 2.908981 -1.868111 0.310000
v 2.686819 -1.807151 0.310000
v 2.908572 -1.968263 0.365000
v 2.908981 -1.868111 0.365000
v 2.686819 -1.807151 0.365000
v 2.642161 -1.868617 0.310000
v 2.686819 -1.807151 0.310000
v 2.594110 -1.833706 0.310000
v 2.642161 -1.868617 0.365000
v 2.686819 -1.807151 0.365000
v 2.594110 -1.833706 0.365000
v 2.594110 -1.833706 0.310000
v 2.686819 -1.807151 0.310000
v 2.731192 -1.645028 0.310000
v 2.594110 -1.833706 0.365000
v 2.686819 -1.807151 0.365000
v 2.731192 -1.645028 0.365000
v 2.731192 -1.645028 0.310000
v 2.686819 -1.807151 0.310000
v 2.734586 -1.741405 0.310000
v 2.731192 -1.645028 0.365000
v 2.686819 -1.807151 0.365000
v 2.734586 -1.741405 0.365000
v 2.731192 -1.645028 0.310000
v 2.734586 -1.741405 0.310000
v 2.779243 -1.679939 0.310000
v 2.731192 -1.645028 0.365000
v 2.734586 -1.741405 0.365000
v 2.779243 -1.679939 0.365000
v 2.908981 -1.868111 0.310000
v 2.734586 -1.741405 0.310000
v 2.686819 -1.807151 0.310000
v 2.908981 -1.868111 0.365000
v 2.734586 -1.741405 0.365000
v 2.686819 -1.807151 0.365000
v 2.779243 -1.679939 0.310000
v 2.734586 -1.741405 0.310000
v 2.734586 -1.741405 0.365000
v 2.779243 -1.679939 0.365000
v 2.734586 -1.741405 0.310000
v 2.908981 -1.868111 0.310000
v 2.908981 -1.868111 0.365000
v 2.734586 -1.741405 0.365000
v 2.908981 -1.868111 0.310000
v 2.941805 -1.795573 0.310000
v 2.941805 -1.795573 0.365000
v 2.908981 -1.868111 0.365000
v 2.941805 -1.795573 0.310000
v 2.989162 -1.829980 0.310000
v 2.989162 -1.829980 0.365000
v 2.941805 -1.795573 0.365000
v 2.989162 -1.829980 0.310000
v 2.956632 -1.902113 0.310000
v 2.956632 -1.902113 0.365000
v 2.989162 -1.829980 0.365000
v 2.956632 -1.902113 0.310000
v 2.908572 -1.968263 0.310000
v 2.908572 -1.968263 0.365000
v 2.956632 -1.902113 0.365000
v 2.908572 -1.968263 0.310000
v 2.686819 -1.807151 0.310000
v 2.686819 -1.807151 0.365000
v 2.908572 -1.968263 0.365000
v 2.686819 -1.807151 0.310000
v 2.642161 -1.868617 0.310000
v 2.642161 -1.868617 0.365000
v 2.686819 -1.807151 0.365000
v 2.642161 -1.868617 0.310000
v 2.594110 -1.833706 0.310000
v 2.594110 -1.833706 0.365000
v 2.642161 -1.868617 0.365000
v 2.594110 -1.833706 0.310000
v 2.731192 -1.645028 0.310000
v 2.731192 -1.645028 0.365000
v 2.594110 -1.833706 0.365000
v 2.731192 -1.645028 0.310000
v 2.779243 -1.679939 0.310000
v 2.779243 -1.679939 0.365000
v 2.731192 -1.645028 0.365000
v 2.816940 -2.094383 0.310000
v 2.665154 -1.984104 0.310000
v 2.683687 -2.082382 0.310000
v 2.816940 -2.094383 0.365000
v 2.665154 -1.984104 0.365000
v 2.683687 -2.082382 0.365000
v 2.816940 -2.094383 0.310000
v 2.683687 -2.082382 0.310000
v 2.725436 -2.112714 0.310000
v 2.816940 -2.094383 0.365000
v 2.683687 -2.082382 0.365000
v 2.725436 -2.112714 0.365000
v 2.816940 -2.094383 0.310000
v 2.725436 -2.112714 0.310000
v 2.691285 -2.267333 0.310000
v 2.816940 -2.094383 0.365000
v 2.725436 -2.112714 0.365000
v 2.691285 -2.267333 0.365000
v 2.691285 -2.267333 0.310000
v 2.725436 -2.112714 0.310000
v 2.640111 -2.230153 0.310000
v 2.691285 -2.267333 0.365000
v 2.725436 -2.112714 0.365000
v 2.640111 -2.230153 0.365000
v 2.495330 -2.154737 0.310000
v 2.539538 -2.176364 0.310000
v 2.545870 -2.085175 0.310000
v 2.495330 -2.154737 0.365000
v 2.539538 -2.176364 0.365000
v 2.545870 -2.085175 0.365000
v 2.495330 -2.154737 0.310000
v 2.545870 -2.085175 0.310000
v 2.461773 -2.118937 0.310000
v 2.495330 -2.154737 0.365000
v 2.545870 -2.085175 0.365000
v 2.461773 -2.118937 0.365000
v 2.448529 -2.075059 0.310000
v 2.461773 -2.118937 0.310000
v 2.529550 -2.067753 0.310000
v 2.448529 -2.075059 0.365000
v 2.461773 -2.118937 0.365000
v 2.529550 -2.067753 0.365000
v 2.448529 -2.075059 0.310000
v 2.529550 -2.067753 0.310000
v 2.522919 -2.046237 0.310000
v 2.448529 -2.075059 0.365000
v 2.529550 -2.067753 0.365000
v 2.522919 -2.046237 0.365000
v 2.448529 -2.075059 0.310000
v 2.522919 -2.046237 0.310000
v 2.455910 -2.025867 0.310000
v 2.448529 -2.075059 0.365000
v 2.522919 -2.046237 0.365000
v 2.455910 -2.025867 0.365000
v 2.455910 -2.025867 0.310000
v 2.522919 -2.046237 0.310000
v 2.526137 -2.022292 0.310000
v 2.455910 -2.025867 0.365000
v 2.522919 -2.046237 0.365000
v 2.526137 -2.022292 0.365000
v 2.455910 -2.025867 0.310000
v 2.526137 -2.022292 0.310000
v 2.484109 -1.974044 0.310000
v 2.455910 -2.025867 0.365000
v 2.526137 -2.022292 0.365000
v 2.484109 -1.974044 0.365000
v 2.484109 -1.974044 0.310000
v 2.526137 -2.022292 0.310000
v 2.539448 -1.997464 0.310000
v 2.484109 -1.974044 0.365000
v 2.526137 -2.022292 0.365000
v 2.539448 -1.997464 0.365000
v 2.484109 -1.974044 0.310000
v 2.539448 -1.997464 0.310000
v 2.501816 -1.952012 0.310000
v 2.484109 -1.974044 0.365000
v 2.539448 -1.997464 0.365000
v 2.501816 -1.952012 0.365000
v 2.501816 -1.952012 0.310000
v 2.539448 -1.997464 0.310000
v 2.554195 -1.980481 0.310000
v 2.501816 -1.952012 0.365000
v 2.539448 -1.997464 0.365000
v 2.554195 -1.980481 0.365000
v 2.501816 -1.952012 0.310000
v 2.554195 -1.980481 0.310000
v 2.521582 -1.931829 0.310000
v 2.501816 -1.952012 0.365000
v 2.554195 -1.980481 0.365000
v 2.521582 -1.931829 0.365000
v 2.521582 -1.931829 0.310000
v 2.554195 -1.980481 0.310000
v 2.572890 -1.964690 0.310000
v 2.521582 -1.931829 0.365000
v 2.554195 -1.980481 0.365000
v 2.572890 -1.964690 0.365000
v 2.521582 -1.931829 0.310000
v 2.572890 -1.964690 0.310000
v 2.543466 -1.913473 0.310000
v 2.521582 -1.931829 0.365000
v 2.572890 -1.964690 0.365000
v 2.543466 -1.913473 0.365000
v 2.543466 -1.913473 0.310000
v 2.572890 -1.964690 0.310000
v 2.595604 -1.950116 0.310000
v 2.543466 -1.913473 0.365000
v 2.572890 -1.964690 0.365000
v 2.595604 -1.950116 0.365000
v 2.543466 -1.913473 0.310000
v 2.595604 -1.950116 0.310000
v 2.567530 -1.896920 0.310000
v 2.543466 -1.913473 0.365000
v 2.595604 -1.950116 0.365000
v 2.567530 -1.896920 0.365000
v 2.567530 -1.896920 0.310000
v 2.595604 -1.950116 0.310000
v 2.622288 -1.936705 0.310000
v 2.567530 -1.896920 0.365000
v 2.595604 -1.950116 0.365000
v 2.622288 -1.936705 0.365000
v 2.665154 -1.984104 0.310000
v 2.658467 -2.008113 0.310000
v 2.683687 -2.082382 0.310000
v 2.665154 -1.984104 0.365000
v 2.658467 -2.008113 0.365000
v 2.683687 -2.082382 0.365000
v 2.683687 -2.082382 0.310000
v 2.658467 -2.008113 0.310000
v 2.650614 -2.029287 0.310000
v 2.683687 -2.082382 0.365000
v 2.658467 -2.008113 0.365000
v 2.650614 -2.029287 0.365000
v 2.683687 -2.082382 0.310000
v 2.650614 -2.029287 0.310000
v 2.641569 -2.047938 0.310000
v 2.683687 -2.082382 0.365000
v 2.650614 -2.029287 0.365000
v 2.641569 -2.047938 0.365000
v 2.683687 -2.082382 0.310000
v 2.641569 -2.047938 0.310000
v 2.631272 -2.064178 0.310000
v 2.683687 -2.082382 0.365000
v 2.641569 -2.047938 0.365000
v 2.631272 -2.064178 0.365000
v 2.683687 -2.082382 0.310000
v 2.631272 -2.064178 0.310000
v 2.679848 -2.091740 0.310000
v 2.683687 -2.082382 0.365000
v 2.631272 -2.064178 0.365000
v 2.679848 -2.091740 0.365000
v 2.539538 -2.176364 0.310000
v 2.584038 -2.177222 0.310000
v 2.567584 -2.095385 0.310000
v 2.539538 -2.176364 0.365000
v 2.584038 -2.177222 0.365000
v 2.567584 -2.095385 0.365000
v 2.539538 -2.176364 0.310000
v 2.567584 -2.095385 0.310000
v 2.545870 -2.085175 0.310000
v 2.539538 -2.176364 0.365000
v 2.567584 -2.095385 0.365000
v 2.545870 -2.085175 0.365000
v 2.545870 -2.085175 0.310000
v 2.529550 -2.067753 0.310000
v 2.461773 -2.118937 0.310000
v 2.545870 -2.085175 0.365000
v 2.529550 -2.067753 0.365000
v 2.461773 -2.118937 0.365000
v 2.631272 -2.064178 0.310000
v 2.611787 -2.084521 0.310000
v 2.670401 -2.109636 0.310000
v 2.631272 -2.064178 0.365000
v 2.611787 -2.084521 0.365000
v 2.670401 -2.109636 0.365000
v 2.631272 -2.064178 0.310000
v 2.670401 -2.109636 0.310000
v 2.675446 -2.100778 0.310000
v 2.631272 -2.064178 0.365000
v 2.670401 -2.109636 0.365000
v 2.675446 -2.100778 0.365000
v 2.631272 -2.064178 0.310000
v 2.675446 -2.100778 0.310000
v 2.679848 -2.091740 0.310000
v 2.631272 -2.064178 0.365000
v 2.675446 -2.100778 0.365000
v 2.679848 -2.091740 0.365000
v 2.670401 -2.109636 0.310000
v 2.611787 -2.084521 0.310000
v 2.664519 -2.118371 0.310000
v 2.670401 -2.109636 0.365000
v 2.611787 -2.084521 0.365000
v 2.664519 -2.118371 0.365000
v 2.664519 -2.118371 0.310000
v 2.611787 -2.084521 0.310000
v 2.626481 -2.157745 0.310000
v 2.664519 -2.118371 0.365000
v 2.611787 -2.084521 0.365000
v 2.626481 -2.157745 0.365000
v 2.626481 -2.157745 0.310000
v 2.611787 -2.084521 0.310000
v 2.590052 -2.095012 0.310000
v 2.626481 -2.157745 0.365000
v 2.611787 -2.084521 0.365000
v 2.590052 -2.095012 0.365000
v 2.626481 -2.157745 0.310000
v 2.590052 -2.095012 0.310000
v 2.584038 -2.177222 0.310000
v 2.626481 -2.157745 0.365000
v 2.590052 -2.095012 0.365000
v 2.584038 -2.177222 0.365000
v 2.584038 -2.177222 0.310000
v 2.590052 -2.095012 0.310000
v 2.567584 -2.095385 0.310000
v 2.584038 -2.177222 0.365000
v 2.590052 -2.095012 0.365000
v 2.567584 -2.095385 0.365000
v 2.816940 -2.094383 0.310000
v 2.691285 -2.267333 0.310000
v 2.691285 -2.267333 0.365000
v 2.816940 -2.094383 0.365000
v 2.691285 -2.267333 0.310000
v 2.640111 -2.230153 0.310000
v 2.640111 -2.230153 0.365000
v 2.691285 -2.267333 0.365000
v 2.640111 -2.230153 0.310000
v 2.725436 -2.112714 0.310000
v 2.725436 -2.112714 0.365000
v 2.640111 -2.230153 0.365000
v 2.725436 -2.112714 0.310000
v 2.683687 -2.082382 0.310000
v 2.683687 -2.082382 0.365000
v 2.725436 -2.112714 0.365000
v 2.683687 -2.082382 0.310000
v 2.679848 -2.091740 0.310000
v 2.679848 -2.091740 0.365000
v 2.683687 -2.082382 0.365000
v 2.679848 -2.091740 0.310000
v 2.675446 -2.100778 0.310000
v 2.675446 -2.100778 0.365000
v 2.679848 -2.091740 0.365000
v 2.675446 -2.100778 0.310000
v 2.670401 -2.109636 0.310000
v 2.670401 -2.109636 0.365000
v 2.675446 -2.100778 0.365000
v 2.670401 -2.109636 0.310000
v 2.664519 -2.118371 0.310000
v 2.664519 -2.118371 0.365000
v 2.670401 -2.109636 0.365000
v 2.664519 -2.118371 0.310000
v 2.626481 -2.157745 0.310000
v 2.626481 -2.157745 0.365000
v 2.664519 -2.118371 0.365000
v 2.626481 -2.157745 0.310000
v 2.584038 -2.177222 0.310000
v 2.584038 -2.177222 0.365000
v 2.626481 -2.157745 0.365000
v 2.584038 -2.177222 0.310000
v 2.539538 -2.176364 0.310000
v 2.539538 -2.176364 0.365000
v 2.584038 -2.177222 0.365000
v 2.539538 -2.176364 0.310000
v 2.495330 -2.154737 0.310000
v 2.495330 -2.154737 0.365000
v 2.539538 -2.176364 0.365000
v 2.495330 -2.154737 0.310000
v 2.461773 -2.118937 0.310000
v 2.461773 -2.118937 0.365000
v 2.495330 -2.154737 0.365000
v 2.461773 -2.118937 0.310000
v 2.448529 -2.075059 0.310000
v 2.448529 -2.075059 0.365000
v 2.461773 -2.118937 0.365000
v 2.448529 -2.075059 0.310000
v 2.455910 -2.025867 0.310000
v 2.455910 -2.025867 0.365000
v 2.448529 -2.075059 0.365000
v 2.455910 -2.025867 0.310000
v 2.484109 -1.974044 0.310000
v 2.484109 -1.974044 0.365000
v 2.455910 -2.025867 0.365000
v 2.484109 -1.974044 0.310000
v 2.501816 -1.952012 0.310000
v 2.501816 -1.952012 0.365000
v 2.484109 -1.974044 0.365000
v 2.501816 -1.952012 0.310000
v 2.521582 -1.931829 0.310000
v 2.521582 -1.931829 0.365000
v 2.501816 -1.952012 0.365000
v 2.521582 -1.931829 0.310000
v 2.543466 -1.913473 0.310000
v 2.543466 -1.913473 0.365000
v 2.521582 -1.931829 0.365000
v 2.543466 -1.913473 0.310000
v 2.567530 -1.896920 0.310000
v 2.567530 -1.896920 0.365000
v 2.543466 -1.913473 0.365000
v 2.567530 -1.896920 0.310000
v 2.622288 -1.936705 0.310000
v 2.622288 -1.936705 0.365000
v 2.567530 -1.896920 0.365000
v 2.622288 -1.936705 0.310000
v 2.595604 -1.950116 0.310000
v 2.595604 -1.950116 0.365000
v 2.622288 -1.936705 0.365000
v 2.595604 -1.950116 0.310000
v 2.572890 -1.964690 0.310000
v 2.572890 -1.964690 0.365000
v 2.595604 -1.950116 0.365000
v 2.572890 -1.964690 0.310000
v 2.554195 -1.980481 0.310000
v 2.554195 -1.980481 0.365000
v 2.572890 -1.964690 0.365000
v 2.554195 -1.980481 0.310000
v 2.539448 -1.997464 0.310000
v 2.539448 -1.997464 0.365000
v 2.554195 -1.980481 0.365000
v 2.539448 -1.997464 0.310000
v 2.526137 -2.022292 0.310000
v 2.526137 -2.022292 0.365000
v 2.539448 -1.997464 0.365000
v 2.526137 -2.022292 0.310000
v 2.522919 -2.046237 0.310000
v 2.522919 -2.046237 0.365000
v 2.526137 -2.022292 0.365000
v 2.522919 -2.046237 0.310000
v 2.529550 -2.067753 0.310000
v 2.529550 -2.067753 0.365000
v 2.522919 -2.046237 0.365000
v 2.529550 -2.067753 0.310000
v 2.545870 -2.085175 0.310000
v 2.545870 -2.085175 0.365000
v 2.529550 -2.067753 0.365000
v 2.545870 -2.085175 0.310000
v 2.567584 -2.095385 0.310000
v 2.567584 -2.095385 0.365000
v 2.545870 -2.085175 0.365000
v 2.567584 -2.095385 0.310000
v 2.590052 -2.095012 0.310000
v 2.590052 -2.095012 0.365000
v 2.567584 -2.095385 0.365000
v 2.590052 -2.095012 0.310000
v 2.611787 -2.084521 0.310000
v 2.611787 -2.084521 0.365000
v 2.590052 -2.095012 0.365000
v 2.611787 -2.084521 0.310000
v 2.631272 -2.064178 0.310000
v 2.631272 -2.064178 0.365000
v 2.611787 -2.084521 0.365000
v 2.631272 -2.064178 0.310000
v 2.641569 -2.047938 0.310000
v 2.641569 -2.047938 0.365000
v 2.631272 -2.064178 0.365000
v 2.641569 -2.047938 0.310000
v 2.650614 -2.029287 0.310000
v 2.650614 -2.029287 0.365000
v 2.641569 -2.047938 0.365000
v 2.650614 -2.029287 0.310000
v 2.658467 -2.008113 0.310000
v 2.658467 -2.008113 0.365000
v 2.650614 -2.029287 0.365000
v 2.658467 -2.008113 0.310000
v 2.665154 -1.984104 0.310000
v 2.665154 -1.984104 0.365000
v 2.658467 -2.008113 0.365000
v 2.665154 -1.984104 0.310000
v 2.816940 -2.094383 0.310000
v 2.816940 -2.094383 0.365000
v 2.665154 -1.984104 0.365000
v 2.148987 -2.752937 0.310000
v 2.105862 -2.693581 0.310000
v 2.093252 -2.721190 0.310000
v 2.148987 -2.752937 0.365000
v 2.105862 -2.693581 0.365000
v 2.093252 -2.721190 0.365000
v 2.148987 -2.752937 0.310000
v 2.093252 -2.721190 0.310000
v 2.130571 -2.776757 0.310000
v 2.148987 -2.752937 0.365000
v 2.093252 -2.721190 0.365000
v 2.130571 -2.776757 0.365000
v 2.130571 -2.776757 0.310000
v 2.093252 -2.721190 0.310000
v 2.079520 -2.744394 0.310000
v 2.130571 -2.776757 0.365000
v 2.093252 -2.721190 0.365000
v 2.079520 -2.744394 0.365000
v 2.130571 -2.776757 0.310000
v 2.079520 -2.744394 0.310000
v 2.111070 -2.798535 0.310000
v 2.130571 -2.776757 0.365000
v 2.079520 -2.744394 0.365000
v 2.111070 -2.798535 0.365000
v 2.111070 -2.798535 0.310000
v 2.079520 -2.744394 0.310000
v 2.064689 -2.763132 0.310000
v 2.111070 -2.798535 0.365000
v 2.079520 -2.744394 0.365000
v 2.064689 -2.763132 0.365000
v 2.111070 -2.798535 0.310000
v 2.064689 -2.763132 0.310000
v 2.090552 -2.818153 0.310000
v 2.111070 -2.798535 0.365000
v 2.064689 -2.763132 0.365000
v 2.090552 -2.818153 0.365000
v 2.090552 -2.818153 0.310000
v 2.064689 -2.763132 0.310000
v 2.048897 -2.777260 0.310000
v 2.090552 -2.818153 0.365000
v 2.064689 -2.763132 0.365000
v 2.048897 -2.777260 0.365000
v 2.090552 -2.818153 0.310000
v 2.048897 -2.777260 0.310000
v 2.069004 -2.835379 0.310000
v 2.090552 -2.818153 0.365000
v 2.048897 -2.777260 0.365000
v 2.069004 -2.835379 0.365000
v 2.069004 -2.835379 0.310000
v 2.048897 -2.777260 0.310000
v 2.027713 -2.788228 0.310000
v 2.069004 -2.835379 0.365000
v 2.048897 -2.777260 0.365000
v 2.027713 -2.788228 0.365000
v 2.069004 -2.835379 0.310000
v 2.027713 -2.788228 0.310000
v 2.022010 -2.861361 0.310000
v 2.069004 -2.835379 0.365000
v 2.027713 -2.788228 0.365000
v 2.022010 -2.861361 0.365000
v 2.022010 -2.861361 0.310000
v 2.027713 -2.788228 0.310000
v 2.006548 -2.790333 0.310000
v 2.022010 -2.861361 0.365000
v 2.027713 -2.788228 0.365000
v 2.006548 -2.790333 0.365000
v 2.022010 -2.861361 0.310000
v 2.006548 -2.790333 0.310000
v 1.978082 -2.868790 0.310000
v 2.022010 -2.861361 0.365000
v 2.006548 -2.790333 0.365000
v 1.978082 -2.868790 0.365000
v 1.978082 -2.868790 0.310000
v 2.006548 -2.790333 0.310000
v 1.987232 -2.783840 0.310000
v 1.978082 -2.868790 0.365000
v 2.006548 -2.790333 0.365000
v 1.987232 -2.783840 0.365000
v 1.978082 -2.868790 0.310000
v 1.987232 -2.783840 0.310000
v 1.939376 -2.857894 0.310000
v 1.978082 -2.868790 0.365000
v 1.987232 -2.783840 0.365000
v 1.939376 -2.857894 0.365000
v 1.939376 -2.857894 0.310000
v 1.987232 -2.783840 0.310000
v 1.907961 -2.828782 0.310000
v 1.939376 -2.857894 0.365000
v 1.987232 -2.783840 0.365000
v 1.907961 -2.828782 0.365000
v 1.907961 -2.828782 0.310000
v 1.987232 -2.783840 0.310000
v 1.971594 -2.769014 0.310000
v 1.907961 -2.828782 0.365000
v 1.987232 -2.783840 0.365000
v 1.971594 -2.769014 0.365000
v 1.907961 -2.828782 0.310000
v 1.971594 -2.769014 0.310000
v 1.895320 -2.805385 0.310000
v 1.907961 -2.828782 0.365000
v 1.971594 -2.769014 0.365000
v 1.895320 -2.805385 0.365000
v 1.765095 -2.635919 0.310000
v 1.802288 -2.687110 0.310000
v 1.921174 -2.600734 0.310000
v 1.765095 -2.635919 0.365000
v 1.802288 -2.687110 0.365000
v 1.921174 -2.600734 0.365000
v 1.765095 -2.635919 0.310000
v 1.921174 -2.600734 0.310000
v 1.961463 -2.493249 0.310000
v 1.765095 -2.635919 0.365000
v 1.921174 -2.600734 0.365000
v 1.961463 -2.493249 0.365000
v 1.961463 -2.493249 0.310000
v 1.921174 -2.600734 0.310000
v 1.998656 -2.544440 0.310000
v 1.961463 -2.493249 0.365000
v 1.921174 -2.600734 0.365000
v 1.998656 -2.544440 0.365000
v 1.998656 -2.544440 0.310000
v 1.921174 -2.600734 0.310000
v 1.963315 -2.703185 0.310000
v 1.998656 -2.544440 0.365000
v 1.921174 -2.600734 0.365000
v 1.963315 -2.703185 0.365000
v 1.971594 -2.769014 0.310000
v 1.964410 -2.755808 0.310000
v 1.889455 -2.779321 0.310000
v 1.971594 -2.769014 0.365000
v 1.964410 -2.755808 0.365000
v 1.889455 -2.779321 0.365000
v 1.971594 -2.769014 0.310000
v 1.889455 -2.779321 0.310000
v 1.895320 -2.805385 0.310000
v 1.971594 -2.769014 0.365000
v 1.889455 -2.779321 0.365000
v 1.895320 -2.805385 0.365000
v 1.921174 -2.600734 0.310000
v 1.900253 -2.693351 0.310000
v 1.963315 -2.703185 0.310000
v 1.921174 -2.600734 0.365000
v 1.900253 -2.693351 0.365000
v 1.963315 -2.703185 0.365000
v 1.963315 -2.703185 0.310000
v 1.900253 -2.693351 0.310000
v 1.960364 -2.723357 0.310000
v 1.963315 -2.703185 0.365000
v 1.900253 -2.693351 0.365000
v 1.960364 -2.723357 0.365000
v 1.960364 -2.723357 0.310000
v 1.900253 -2.693351 0.310000
v 1.890938 -2.744158 0.310000
v 1.960364 -2.723357 0.365000
v 1.900253 -2.693351 0.365000
v 1.890938 -2.744158 0.365000
v 1.960364 -2.723357 0.310000
v 1.890938 -2.744158 0.310000
v 1.960698 -2.740743 0.310000
v 1.960364 -2.723357 0.365000
v 1.890938 -2.744158 0.365000
v 1.960698 -2.740743 0.365000
v 1.960698 -2.740743 0.310000
v 1.890938 -2.744158 0.310000
v 1.964410 -2.755808 0.310000
v 1.960698 -2.740743 0.365000
v 1.890938 -2.744158 0.365000
v 1.964410 -2.755808 0.365000
v 1.964410 -2.755808 0.310000
v 1.890938 -2.744158 0.310000
v 1.889455 -2.779321 0.310000
v 1.964410 -2.755808 0.365000
v 1.890938 -2.744158 0.365000
v 1.889455 -2.779321 0.365000
v 1.921174 -2.600734 0.310000
v 1.802288 -2.687110 0.310000
v 1.802288 -2.687110 0.365000
v 1.921174 -2.600734 0.365000
v 1.802288 -2.687110 0.310000
v 1.765095 -2.635919 0.310000
v 1.765095 -2.635919 0.365000
v 1.802288 -2.687110 0.365000
v 1.765095 -2.635919 0.310000
v 1.961463 -2.493249 0.310000
v 1.961463 -2.493249 0.365000
v 1.765095 -2.635919 0.365000
v 1.961463 -2.493249 0.310000
v 1.998656 -2.544440 0.310000
v 1.998656 -2.544440 0.365000
v 1.961463 -2.493249 0.365000
v 1.998656 -2.544440 0.310000
v 1.963315 -2.703185 0.310000
v 1.963315 -2.703185 0.365000
v 1.998656 -2.544440 0.365000
v 1.963315 -2.703185 0.310000
v 1.960364 -2.723357 0.310000
v 1.960364 -2.723357 0.365000
v 1.963315 -2.703185 0.365000
v 1.960364 -2.723357 0.310000
v 1.960698 -2.740743 0.310000
v 1.960698 -2.740743 0.365000
v 1.960364 -2.723357 0.365000
v 1.960698 -2.740743 0.310000
v 1.964410 -2.755808 0.310000
v 1.964410 -2.755808 0.365000
v 1.960698 -2.740743 0.365000
v 1.964410 -2.755808 0.310000
v 1.971594 -2.769014 0.310000
v 1.971594 -2.769014 0.365000
v 1.964410 -2.755808 0.365000
v 1.971594 -2.769014 0.310000
v 1.987232 -2.783840 0.310000
v 1.987232 -2.783840 0.365000
v 1.971594 -2.769014 0.365000
v 1.987232 -2.783840 0.310000
v 2.006548 -2.790333 0.310000
v 2.006548 -2.790333 0.365000
v 1.987232 -2.783840 0.365000
v 2.006548 -2.790333 0.310000
v 2.027713 -2.788228 0.310000
v 2.027713 -2.788228 0.365000
v 2.006548 -2.790333 0.365000
v 2.027713 -2.788228 0.310000
v 2.048897 -2.777260 0.310000
v 2.048897 -2.777260 0.365000
v 2.027713 -2.788228 0.365000
v 2.048897 -2.777260 0.310000
v 2.064689 -2.763132 0.310000
v 2.064689 -2.763132 0.365000
v 2.048897 -2.777260 0.365000
v 2.064689 -2.763132 0.310000
v 2.079520 -2.744394 0.310000
v 2.079520 -2.744394 0.365000
v 2.064689 -2.763132 0.365000
v 2.079520 -2.744394 0.310000
v 2.093252 -2.721190 0.310000
v 2.093252 -2.721190 0.365000
v 2.079520 -2.744394 0.365000
v 2.093252 -2.721190 0.310000
v 2.105862 -2.693581 0.310000
v 2.105862 -2.693581 0.365000
v 2.093252 -2.721190 0.365000
v 2.105862 -2.693581 0.310000
v 2.148987 -2.752937 0.310000
v 2.148987 -2.752937 0.365000
v 2.105862 -2.693581 0.365000
v 2.148987 -2.752937 0.310000
v 2.130571 -2.776757 0.310000
v 2.130571 -2.776757 0.365000
v 2.148987 -2.752937 0.365000
v 2.130571 -2.776757 0.310000
v 2.111070 -2.798535 0.310000
v 2.111070 -2.798535 0.365000
v 2.130571 -2.776757 0.365000
v 2.111070 -2.798535 0.310000
v 2.090552 -2.818153 0.310000
v 2.090552 -2.818153 0.365000
v 2.111070 -2.798535 0.365000
v 2.090552 -2.818153 0.310000
v 2.069004 -2.835379 0.310000
v 2.069004 -2.835379 0.365000
v 2.090552 -2.818153 0.365000
v 2.069004 -2.835379 0.310000
v 2.022010 -2.861361 0.310000
v 2.022010 -2.861361 0.365000
v 2.069004 -2.835379 0.365000
v 2.022010 -2.861361 0.310000
v 1.978082 -2.868790 0.310000
v 1.978082 -2.868790 0.365000
v 2.022010 -2.861361 0.365000
v 1.978082 -2.868790 0.310000
v 1.939376 -2.857894 0.310000
v 1.939376 -2.857894 0.365000
v 1.978082 -2.868790 0.365000
v 1.939376 -2.857894 0.310000
v 1.907961 -2.828782 0.310000
v 1.907961 -2.828782 0.365000
v 1.939376 -2.857894 0.365000
v 1.907961 -2.828782 0.310000
v 1.895320 -2.805385 0.310000
v 1.895320 -2.805385 0.365000
v 1.907961 -2.828782 0.365000
v 1.895320 -2.805385 0.310000
v 1.889455 -2.779321 0.310000
v 1.889455 -2.779321 0.365000
v 1.895320 -2.805385 0.365000
v 1.889455 -2.779321 0.310000
v 1.890938 -2.744158 0.310000
v 1.890938 -2.744158 0.365000
v 1.889455 -2.779321 0.365000
v 1.890938 -2.744158 0.310000
v 1.900253 -2.693351 0.310000
v 1.900253 -2.693351 0.365000
v 1.890938 -2.744158 0.365000
v 1.900253 -2.693351 0.310000
v 1.921174 -2.600734 0.310000
v 1.921174 -2.600734 0.365000
v 1.900253 -2.693351 0.365000
v 1.345531 -3.236204 0.310000
v 1.327089 -3.179446 0.310000
v 1.256548 -3.219606 0.310000
v 1.345531 -3.236204 0.365000
v 1.327089 -3.179446 0.365000
v 1.256548 -3.219606 0.365000
v 1.345531 -3.236204 0.310000
v 1.256548 -3.219606 0.310000
v 1.275475 -3.276206 0.310000
v 1.345531 -3.236204 0.365000
v 1.256548 -3.219606 0.365000
v 1.275475 -3.276206 0.365000
v 1.275475 -3.276206 0.310000
v 1.256548 -3.219606 0.310000
v 1.196194 -3.301965 0.310000
v 1.275475 -3.276206 0.365000
v 1.256548 -3.219606 0.365000
v 1.196194 -3.301965 0.365000
v 1.196194 -3.301965 0.310000
v 1.256548 -3.219606 0.310000
v 1.109840 -3.036195 0.310000
v 1.196194 -3.301965 0.365000
v 1.256548 -3.219606 0.365000
v 1.109840 -3.036195 0.365000
v 1.036173 -3.060131 0.310000
v 1.109840 -3.036195 0.310000
v 1.017461 -3.002542 0.310000
v 1.036173 -3.060131 0.365000
v 1.109840 -3.036195 0.365000
v 1.017461 -3.002542 0.365000
v 1.017461 -3.002542 0.310000
v 1.109840 -3.036195 0.310000
v 1.243591 -2.929068 0.310000
v 1.017461 -3.002542 0.365000
v 1.109840 -3.036195 0.365000
v 1.243591 -2.929068 0.365000
v 1.243591 -2.929068 0.310000
v 1.109840 -3.036195 0.310000
v 1.188636 -3.010593 0.310000
v 1.243591 -2.929068 0.365000
v 1.109840 -3.036195 0.365000
v 1.188636 -3.010593 0.365000
v 1.243591 -2.929068 0.310000
v 1.188636 -3.010593 0.310000
v 1.262303 -2.986657 0.310000
v 1.243591 -2.929068 0.365000
v 1.188636 -3.010593 0.365000
v 1.262303 -2.986657 0.365000
v 1.256548 -3.219606 0.310000
v 1.188636 -3.010593 0.310000
v 1.109840 -3.036195 0.310000
v 1.256548 -3.219606 0.365000
v 1.188636 -3.010593 0.365000
v 1.109840 -3.036195 0.365000
v 1.262303 -2.986657 0.310000
v 1.188636 -3.010593 0.310000
v 1.188636 -3.010593 0.365000
v 1.262303 -2.986657 0.365000
v 1.188636 -3.010593 0.310000
v 1.256548 -3.219606 0.310000
v 1.256548 -3.219606 0.365000
v 1.188636 -3.010593 0.365000
v 1.256548 -3.219606 0.310000
v 1.327089 -3.179446 0.310000
v 1.327089 -3.179446 0.365000
v 1.256548 -3.219606 0.365000
v 1.327089 -3.179446 0.310000
v 1.345531 -3.236204 0.310000
v 1.345531 -3.236204 0.365000
v 1.327089 -3.179446 0.365000
v 1.345531 -3.236204 0.310000
v 1.275475 -3.276206 0.310000
v 1.275475 -3.276206 0.365000
v 1.345531 -3.236204 0.365000
v 1.275475 -3.276206 0.310000
v 1.196194 -3.301965 0.310000
v 1.196194 -3.301965 0.365000
v 1.275475 -3.276206 0.365000
v 1.196194 -3.301965 0.310000
v 1.109840 -3.036195 0.310000
v 1.109840 -3.036195 0.365000
v 1.196194 -3.301965 0.365000
v 1.109840 -3.036195 0.310000
v 1.036173 -3.060131 0.310000
v 1.036173 -3.060131 0.365000
v 1.109840 -3.036195 0.365000
v 1.036173 -3.060131 0.310000
v 1.017461 -3.002542 0.310000
v 1.017461 -3.002542 0.365000
v 1.036173 -3.060131 0.365000
v 1.017461 -3.002542 0.310000
v 1.243591 -2.929068 0.310000
v 1.243591 -2.929068 0.365000
v 1.017461 -3.002542 0.365000
v 1.243591 -2.929068 0.310000
v 1.262303 -2.986657 0.310000
v 1.262303 -2.986657 0.365000
v 1.243591 -2.929068 0.365000
v 1.062365 -3.345449 0.310000
v 1.042437 -3.284118 0.310000
v 0.886717 -3.334714 0.310000
v 1.062365 -3.345449 0.365000
v 1.042437 -3.284118 0.365000
v 0.886717 -3.334714 0.365000
v 1.062365 -3.345449 0.310000
v 0.886717 -3.334714 0.310000
v 0.818702 -3.424620 0.310000
v 1.062365 -3.345449 0.365000
v 0.886717 -3.334714 0.365000
v 0.818702 -3.424620 0.365000
v 0.818702 -3.424620 0.310000
v 0.886717 -3.334714 0.310000
v 0.803435 -3.377634 0.310000
v 0.818702 -3.424620 0.365000
v 0.886717 -3.334714 0.365000
v 0.803435 -3.377634 0.365000
v 0.839695 -3.060302 0.310000
v 0.803435 -3.377634 0.310000
v 0.886717 -3.334714 0.310000
v 0.839695 -3.060302 0.365000
v 0.803435 -3.377634 0.365000
v 0.886717 -3.334714 0.365000
v 0.839695 -3.060302 0.310000
v 0.886717 -3.334714 0.310000
v 1.042437 -3.284118 0.310000
v 0.839695 -3.060302 0.365000
v 0.886717 -3.334714 0.365000
v 1.042437 -3.284118 0.365000
v 1.062365 -3.345449 0.310000
v 0.818702 -3.424620 0.310000
v 0.818702 -3.424620 0.365000
v 1.062365 -3.345449 0.365000
v 0.818702 -3.424620 0.310000
v 0.803435 -3.377634 0.310000
v 0.803435 -3.377634 0.365000
v 0.818702 -3.424620 0.365000
v 0.803435 -3.377634 0.310000
v 0.839695 -3.060302 0.310000
v 0.839695 -3.060302 0.365000
v 0.803435 -3.377634 0.365000
v 0.839695 -3.060302 0.310000
v 0.920916 -3.033911 0.310000
v 0.920916 -3.033911 0.365000
v 0.839695 -3.060302 0.365000
v 0.920916 -3.033911 0.310000
v 0.886717 -3.334714 0.310000
v 0.886717 -3.334714 0.365000
v 0.920916 -3.033911 0.365000
v 0.886717 -3.334714 0.310000
v 1.042437 -3.284118 0.310000
v 1.042437 -3.284118 0.365000
v 0.886717 -3.334714 0.365000
v 1.042437 -3.284118 0.310000
v 1.062365 -3.345449 0.310000
v 1.062365 -3.345449 0.365000
v 1.042437 -3.284118 0.365000
v 0.109424 -3.495953 0.310000
v 0.109424 -3.434078 0.310000
v 0.088722 -3.441961 0.310000
v 0.109424 -3.495953 0.365000
v 0.109424 -3.434078 0.365000
v 0.088722 -3.441961 0.365000
v 0.109424 -3.495953 0.310000
v 0.088722 -3.441961 0.310000
v 0.084526 -3.502099 0.310000
v 0.109424 -3.495953 0.365000
v 0.088722 -3.441961 0.365000
v 0.084526 -3.502099 0.365000
v 0.084526 -3.502099 0.310000
v 0.088722 -3.441961 0.310000
v 0.067916 -3.447633 0.310000
v 0.084526 -3.502099 0.365000
v 0.088722 -3.441961 0.365000
v 0.067916 -3.447633 0.365000
v 0.084526 -3.502099 0.310000
v 0.067916 -3.447633 0.310000
v 0.059839 -3.506488 0.310000
v 0.084526 -3.502099 0.365000
v 0.067916 -3.447633 0.365000
v 0.059839 -3.506488 0.365000
v 0.059839 -3.506488 0.310000
v 0.067916 -3.447633 0.310000
v 0.047179 -3.451109 0.310000
v 0.059839 -3.506488 0.365000
v 0.067916 -3.447633 0.365000
v 0.047179 -3.451109 0.365000
v 0.059839 -3.506488 0.310000
v 0.047179 -3.451109 0.310000
v 0.035468 -3.509122 0.310000
v 0.059839 -3.506488 0.365000
v 0.047179 -3.451109 0.365000
v 0.035468 -3.509122 0.365000
v 0.035468 -3.509122 0.310000
v 0.047179 -3.451109 0.310000
v 0.026689 -3.452268 0.310000
v 0.035468 -3.509122 0.365000
v 0.047179 -3.451109 0.365000
v 0.026689 -3.452268 0.365000
v 0.035468 -3.509122 0.310000
v 0.026689 -3.452268 0.310000
v 0.011518 -3.510000 0.310000
v 0.035468 -3.509122 0.365000
v 0.026689 -3.452268 0.365000
v 0.011518 -3.510000 0.365000
v 0.011518 -3.510000 0.310000
v 0.026689 -3.452268 0.310000
v 0.002160 -3.449687 0.310000
v 0.011518 -3.510000 0.365000
v 0.026689 -3.452268 0.365000
v 0.002160 -3.449687 0.365000
v 0.011518 -3.510000 0.310000
v 0.002160 -3.449687 0.310000
v -0.044282 -3.504750 0.310000
v 0.011518 -3.510000 0.365000
v 0.002160 -3.449687 0.365000
v -0.044282 -3.504750 0.365000
v -0.044282 -3.504750 0.310000
v 0.002160 -3.449687 0.310000
v -0.016083 -3.441944 0.310000
v -0.044282 -3.504750 0.365000
v 0.002160 -3.449687 0.365000
v -0.016083 -3.441944 0.365000
v -0.044282 -3.504750 0.310000
v -0.016083 -3.441944 0.310000
v -0.083999 -3.489000 0.310000
v -0.044282 -3.504750 0.365000
v -0.016083 -3.441944 0.365000
v -0.083999 -3.489000 0.365000
v -0.083999 -3.489000 0.310000
v -0.016083 -3.441944 0.310000
v -0.027461 -3.429495 0.310000
v -0.083999 -3.489000 0.365000
v -0.016083 -3.441944 0.365000
v -0.027461 -3.429495 0.365000
v -0.083999 -3.489000 0.310000
v -0.027461 -3.429495 0.310000
v -0.107808 -3.462768 0.310000
v -0.083999 -3.489000 0.365000
v -0.027461 -3.429495 0.365000
v -0.107808 -3.462768 0.365000
v -0.107808 -3.462768 0.310000
v -0.027461 -3.429495 0.310000
v -0.115745 -3.425931 0.310000
v -0.107808 -3.462768 0.365000
v -0.027461 -3.429495 0.365000
v -0.115745 -3.425931 0.365000
v -0.115745 -3.425931 0.310000
v -0.027461 -3.429495 0.310000
v -0.031254 -3.412797 0.310000
v -0.115745 -3.425931 0.365000
v -0.027461 -3.429495 0.365000
v -0.031254 -3.412797 0.365000
v -0.115745 -3.425931 0.310000
v -0.031254 -3.412797 0.310000
v -0.111952 -3.399804 0.310000
v -0.115745 -3.425931 0.365000
v -0.031254 -3.412797 0.365000
v -0.111952 -3.399804 0.365000
v -0.123470 -3.269451 0.310000
v -0.119151 -3.299282 0.310000
v -0.038980 -3.272541 0.310000
v -0.123470 -3.269451 0.365000
v -0.119151 -3.299282 0.365000
v -0.038980 -3.272541 0.365000
v -0.123470 -3.269451 0.310000
v -0.038980 -3.272541 0.310000
v -0.114129 -3.226555 0.310000
v -0.123470 -3.269451 0.365000
v -0.038980 -3.272541 0.365000
v -0.114129 -3.226555 0.365000
v -0.086106 -3.195354 0.310000
v -0.114129 -3.226555 0.310000
v -0.034502 -3.253297 0.310000
v -0.086106 -3.195354 0.365000
v -0.114129 -3.226555 0.365000
v -0.034502 -3.253297 0.365000
v -0.086106 -3.195354 0.310000
v -0.034502 -3.253297 0.310000
v -0.021070 -3.239110 0.310000
v -0.086106 -3.195354 0.365000
v -0.034502 -3.253297 0.365000
v -0.021070 -3.239110 0.365000
v -0.086106 -3.195354 0.310000
v -0.021070 -3.239110 0.310000
v -0.040261 -3.176339 0.310000
v -0.086106 -3.195354 0.365000
v -0.021070 -3.239110 0.365000
v -0.040261 -3.176339 0.365000
v -0.040261 -3.176339 0.310000
v -0.021070 -3.239110 0.310000
v 0.000755 -3.230418 0.310000
v -0.040261 -3.176339 0.365000
v -0.021070 -3.239110 0.365000
v 0.000755 -3.230418 0.365000
v -0.040261 -3.176339 0.310000
v 0.000755 -3.230418 0.310000
v 0.022685 -3.170000 0.310000
v -0.040261 -3.176339 0.365000
v 0.000755 -3.230418 0.365000
v 0.022685 -3.170000 0.365000
v 0.022685 -3.170000 0.310000
v 0.000755 -3.230418 0.310000
v 0.030411 -3.227521 0.310000
v 0.022685 -3.170000 0.365000
v 0.000755 -3.230418 0.365000
v 0.030411 -3.227521 0.365000
v 0.022685 -3.170000 0.310000
v 0.030411 -3.227521 0.310000
v 0.047987 -3.171018 0.310000
v 0.022685 -3.170000 0.365000
v 0.030411 -3.227521 0.365000
v 0.047987 -3.171018 0.365000
v 0.047987 -3.171018 0.310000
v 0.030411 -3.227521 0.310000
v 0.053219 -3.229031 0.310000
v 0.047987 -3.171018 0.365000
v 0.030411 -3.227521 0.365000
v 0.053219 -3.229031 0.365000
v 0.047987 -3.171018 0.310000
v 0.053219 -3.229031 0.310000
v 0.073324 -3.174074 0.310000
v 0.047987 -3.171018 0.365000
v 0.053219 -3.229031 0.365000
v 0.073324 -3.174074 0.365000
v 0.073324 -3.174074 0.310000
v 0.053219 -3.229031 0.310000
v 0.076414 -3.233561 0.310000
v 0.073324 -3.174074 0.365000
v 0.053219 -3.229031 0.365000
v 0.076414 -3.233561 0.365000
v 0.073324 -3.174074 0.310000
v 0.076414 -3.233561 0.310000
v 0.098537 -3.179165 0.310000
v 0.073324 -3.174074 0.365000
v 0.076414 -3.233561 0.365000
v 0.098537 -3.179165 0.365000
v 0.098537 -3.179165 0.310000
v 0.076414 -3.233561 0.310000
v 0.099837 -3.241059 0.310000
v 0.098537 -3.179165 0.365000
v 0.076414 -3.233561 0.365000
v 0.099837 -3.241059 0.365000
v 0.098537 -3.179165 0.310000
v 0.099837 -3.241059 0.310000
v 0.123470 -3.186294 0.310000
v 0.098537 -3.179165 0.365000
v 0.099837 -3.241059 0.365000
v 0.123470 -3.186294 0.365000
v 0.123470 -3.186294 0.310000
v 0.099837 -3.241059 0.310000
v 0.123470 -3.251471 0.310000
v 0.123470 -3.186294 0.365000
v 0.099837 -3.241059 0.365000
v 0.123470 -3.251471 0.365000
v -0.031254 -3.412797 0.310000
v -0.027356 -3.394975 0.310000
v -0.081839 -3.363265 0.310000
v -0.031254 -3.412797 0.365000
v -0.027356 -3.394975 0.365000
v -0.081839 -3.363265 0.365000
v -0.031254 -3.412797 0.310000
v -0.081839 -3.363265 0.310000
v -0.100574 -3.378874 0.310000
v -0.031254 -3.412797 0.365000
v -0.081839 -3.363265 0.365000
v -0.100574 -3.378874 0.365000
v -0.031254 -3.412797 0.310000
v -0.100574 -3.378874 0.310000
v -0.111952 -3.399804 0.310000
v -0.031254 -3.412797 0.365000
v -0.100574 -3.378874 0.365000
v -0.111952 -3.399804 0.365000
v -0.119151 -3.299282 0.310000
v -0.106193 -3.323320 0.310000
v -0.034397 -3.292224 0.310000
v -0.119151 -3.299282 0.365000
v -0.106193 -3.323320 0.365000
v -0.034397 -3.292224 0.365000
v -0.119151 -3.299282 0.310000
v -0.034397 -3.292224 0.310000
v -0.038980 -3.272541 0.310000
v -0.119151 -3.299282 0.365000
v -0.034397 -3.292224 0.365000
v -0.038980 -3.272541 0.365000
v -0.038980 -3.272541 0.310000
v -0.034502 -3.253297 0.310000
v -0.114129 -3.226555 0.310000
v -0.038980 -3.272541 0.365000
v -0.034502 -3.253297 0.365000
v -0.114129 -3.226555 0.365000
v 0.067284 -3.317982 0.310000
v 0.033501 -3.317982 0.310000
v 0.067284 -3.372413 0.310000
v 0.067284 -3.317982 0.365000
v 0.033501 -3.317982 0.365000
v 0.067284 -3.372413 0.365000
v 0.067284 -3.372413 0.310000
v 0.033501 -3.317982 0.310000
v 0.031746 -3.372413 0.310000
v 0.067284 -3.372413 0.365000
v 0.033501 -3.317982 0.365000
v 0.031746 -3.372413 0.365000
v 0.031746 -3.372413 0.310000
v 0.033501 -3.317982 0.310000
v 0.003951 -3.374906 0.310000
v 0.031746 -3.372413 0.365000
v 0.033501 -3.317982 0.365000
v 0.003951 -3.374906 0.365000
v 0.003951 -3.374906 0.310000
v 0.033501 -3.317982 0.310000
v 0.002054 -3.315102 0.310000
v 0.003951 -3.374906 0.365000
v 0.033501 -3.317982 0.365000
v 0.002054 -3.315102 0.365000
v 0.003951 -3.374906 0.310000
v 0.002054 -3.315102 0.310000
v -0.015662 -3.382386 0.310000
v 0.003951 -3.374906 0.365000
v 0.002054 -3.315102 0.365000
v -0.015662 -3.382386 0.365000
v -0.015662 -3.382386 0.310000
v 0.002054 -3.315102 0.310000
v -0.055836 -3.353099 0.310000
v -0.015662 -3.382386 0.365000
v 0.002054 -3.315102 0.365000
v -0.055836 -3.353099 0.365000
v -0.015662 -3.382386 0.310000
v -0.055836 -3.353099 0.310000
v -0.027356 -3.394975 0.310000
v -0.015662 -3.382386 0.365000
v -0.055836 -3.353099 0.365000
v -0.027356 -3.394975 0.365000
v -0.027356 -3.394975 0.310000
v -0.055836 -3.353099 0.310000
v -0.081839 -3.363265 0.310000
v -0.027356 -3.394975 0.365000
v -0.055836 -3.353099 0.365000
v -0.081839 -3.363265 0.365000
v -0.106193 -3.323320 0.310000
v -0.085000 -3.341370 0.310000
v -0.034397 -3.292224 0.310000
v -0.106193 -3.323320 0.365000
v -0.085000 -3.341370 0.365000
v -0.034397 -3.292224 0.365000
v -0.034397 -3.292224 0.310000
v -0.085000 -3.341370 0.310000
v -0.055836 -3.353099 0.310000
v -0.034397 -3.292224 0.365000
v -0.085000 -3.341370 0.365000
v -0.055836 -3.353099 0.365000
v -0.034397 -3.292224 0.310000
v -0.055836 -3.353099 0.310000
v -0.020649 -3.306464 0.310000
v -0.034397 -3.292224 0.365000
v -0.055836 -3.353099 0.365000
v -0.020649 -3.306464 0.365000
v -0.020649 -3.306464 0.310000
v -0.055836 -3.353099 0.310000
v 0.002054 -3.315102 0.310000
v -0.020649 -3.306464 0.365000
v -0.055836 -3.353099 0.365000
v 0.002054 -3.315102 0.365000
v -0.055836 -3.353099 0.310000
v -0.085000 -3.341370 0.310000
v -0.085000 -3.341370 0.365000
v -0.055836 -3.353099 0.365000
v -0.085000 -3.341370 0.310000
v -0.106193 -3.323320 0.310000
v -0.106193 -3.323320 0.365000
v -0.085000 -3.341370 0.365000
v -0.106193 -3.323320 0.310000
v -0.119151 -3.299282 0.310000
v -0.119151 -3.299282 0.365000
v -0.106193 -3.323320 0.365000
v -0.119151 -3.299282 0.310000
v -0.123470 -3.269451 0.310000
v -0.123470 -3.269451 0.365000
v -0.119151 -3.299282 0.365000
v -0.123470 -3.269451 0.310000
v -0.114129 -3.226555 0.310000
v -0.114129 -3.226555 0.365000
v -0.123470 -3.269451 0.365000
v -0.114129 -3.226555 0.310000
v -0.086106 -3.195354 0.310000
v -0.086106 -3.195354 0.365000
v -0.114129 -3.226555 0.365000
v -0.086106 -3.195354 0.310000
v -0.040261 -3.176339 0.310000
v -0.040261 -3.176339 0.365000
v -0.086106 -3.195354 0.365000
v -0.040261 -3.176339 0.310000
v 0.022685 -3.170000 0.310000
v 0.022685 -3.170000 0.365000
v -0.040261 -3.176339 0.365000
v 0.022685 -3.170000 0.310000
v 0.047987 -3.171018 0.310000
v 0.047987 -3.171018 0.365000
v 0.022685 -3.170000 0.365000
v 0.047987 -3.171018 0.310000
v 0.073324 -3.174074 0.310000
v 0.073324 -3.174074 0.365000
v 0.047987 -3.171018 0.365000
v 0.073324 -3.174074 0.310000
v 0.098537 -3.179165 0.310000
v 0.098537 -3.179165 0.365000
v 0.073324 -3.174074 0.365000
v 0.098537 -3.179165 0.310000
v 0.123470 -3.186294 0.310000
v 0.123470 -3.186294 0.365000
v 0.098537 -3.179165 0.365000
v 0.123470 -3.186294 0.310000
v 0.123470 -3.251471 0.310000
v 0.123470 -3.251471 0.365000
v 0.123470 -3.186294 0.365000
v 0.123470 -3.251471 0.310000
v 0.099837 -3.241059 0.310000
v 0.099837 -3.241059 0.365000
v 0.123470 -3.251471 0.365000
v 0.099837 -3.241059 0.310000
v 0.076414 -3.233561 0.310000
v 0.076414 -3.233561 0.365000
v 0.099837 -3.241059 0.365000
v 0.076414 -3.233561 0.310000
v 0.053219 -3.229031 0.310000
v 0.053219 -3.229031 0.365000
v 0.076414 -3.233561 0.365000
v 0.053219 -3.229031 0.310000
v 0.030411 -3.227521 0.310000
v 0.030411 -3.227521 0.365000
v 0.053219 -3.229031 0.365000
v 0.030411 -3.227521 0.310000
v 0.000755 -3.230418 0.310000
v 0.000755 -3.230418 0.365000
v 0.030411 -3.227521 0.365000
v 0.000755 -3.230418 0.310000
v -0.021070 -3.239110 0.310000
v -0.021070 -3.239110 0.365000
v 0.000755 -3.230418 0.365000
v -0.021070 -3.239110 0.310000
v -0.034502 -3.253297 0.310000
v -0.034502 -3.253297 0.365000
v -0.021070 -3.239110 0.365000
v -0.034502 -3.253297 0.310000
v -0.038980 -3.272541 0.310000
v -0.038980 -3.272541 0.365000
v -0.034502 -3.253297 0.365000
v -0.038980 -3.272541 0.310000
v -0.034397 -3.292224 0.310000
v -0.034397 -3.292224 0.365000
v -0.038980 -3.272541 0.365000
v -0.034397 -3.292224 0.310000
v -0.020649 -3.306464 0.310000
v -0.020649 -3.306464 0.365000
v -0.034397 -3.292224 0.365000
v -0.020649 -3.306464 0.310000
v 0.002054 -3.315102 0.310000
v 0.002054 -3.315102 0.365000
v -0.020649 -3.306464 0.365000
v 0.002054 -3.315102 0.310000
v 0.033501 -3.317982 0.310000
v 0.033501 -3.317982 0.365000
v 0.002054 -3.315102 0.365000
v 0.033501 -3.317982 0.310000
v 0.067284 -3.317982 0.310000
v 0.067284 -3.317982 0.365000
v 0.033501 -3.317982 0.365000
v 0.067284 -3.317982 0.310000
v 0.067284 -3.372413 0.310000
v 0.067284 -3.372413 0.365000
v 0.067284 -3.317982 0.365000
v 0.067284 -3.372413 0.310000
v 0.031746 -3.372413 0.310000
v 0.031746 -3.372413 0.365000
v 0.067284 -3.372413 0.365000
v 0.031746 -3.372413 0.310000
v 0.003951 -3.374906 0.310000
v 0.003951 -3.374906 0.365000
v 0.031746 -3.372413 0.365000
v 0.003951 -3.374906 0.310000
v -0.015662 -3.382386 0.310000
v -0.015662 -3.382386 0.365000
v 0.003951 -3.374906 0.365000
v -0.015662 -3.382386 0.310000
v -0.027356 -3.394975 0.310000
v -0.027356 -3.394975 0.365000
v -0.015662 -3.382386 0.365000
v -0.027356 -3.394975 0.310000
v -0.031254 -3.412797 0.310000
v -0.031254 -3.412797 0.365000
v -0.027356 -3.394975 0.365000
v -0.031254 -3.412797 0.310000
v -0.027461 -3.429495 0.310000
v -0.027461 -3.429495 0.365000
v -0.031254 -3.412797 0.365000
v -0.027461 -3.429495 0.310000
v -0.016083 -3.441944 0.310000
v -0.016083 -3.441944 0.365000
v -0.027461 -3.429495 0.365000
v -0.016083 -3.441944 0.310000
v 0.002160 -3.449687 0.310000
v 0.002160 -3.449687 0.365000
v -0.016083 -3.441944 0.365000
v 0.002160 -3.449687 0.310000
v 0.026689 -3.452268 0.310000
v 0.026689 -3.452268 0.365000
v 0.002160 -3.449687 0.365000
v 0.026689 -3.452268 0.310000
v 0.047179 -3.451109 0.310000
v 0.047179 -3.451109 0.365000
v 0.026689 -3.452268 0.365000
v 0.047179 -3.451109 0.310000
v 0.067916 -3.447633 0.310000
v 0.067916 -3.447633 0.365000
v 0.047179 -3.451109 0.365000
v 0.067916 -3.447633 0.310000
v 0.088722 -3.441961 0.310000
v 0.088722 -3.441961 0.365000
v 0.067916 -3.447633 0.365000
v 0.088722 -3.441961 0.310000
v 0.109424 -3.434078 0.310000
v 0.109424 -3.434078 0.365000
v 0.088722 -3.441961 0.365000
v 0.109424 -3.434078 0.310000
v 0.109424 -3.495953 0.310000
v 0.109424 -3.495953 0.365000
v 0.109424 -3.434078 0.365000
v 0.109424 -3.495953 0.310000
v 0.084526 -3.502099 0.310000
v 0.084526 -3.502099 0.365000
v 0.109424 -3.495953 0.365000
v 0.084526 -3.502099 0.310000
v 0.059839 -3.506488 0.310000
v 0.059839 -3.506488 0.365000
v 0.084526 -3.502099 0.365000
v 0.059839 -3.506488 0.310000
v 0.035468 -3.509122 0.310000
v 0.035468 -3.509122 0.365000
v 0.059839 -3.506488 0.365000
v 0.035468 -3.509122 0.310000
v 0.011518 -3.510000 0.310000
v 0.011518 -3.510000 0.365000
v 0.035468 -3.509122 0.365000
v 0.011518 -3.510000 0.310000
v -0.044282 -3.504750 0.310000
v -0.044282 -3.504750 0.365000
v 0.011518 -3.510000 0.365000
v -0.044282 -3.504750 0.310000
v -0.083999 -3.489000 0.310000
v -0.083999 -3.489000 0.365000
v -0.044282 -3.504750 0.365000
v -0.083999 -3.489000 0.310000
v -0.107808 -3.462768 0.310000
v -0.107808 -3.462768 0.365000
v -0.083999 -3.489000 0.365000
v -0.107808 -3.462768 0.310000
v -0.115745 -3.425931 0.310000
v -0.115745 -3.425931 0.365000
v -0.107808 -3.462768 0.365000
v -0.115745 -3.425931 0.310000
v -0.111952 -3.399804 0.310000
v -0.111952 -3.399804 0.365000
v -0.115745 -3.425931 0.365000
v -0.111952 -3.399804 0.310000
v -0.100574 -3.378874 0.310000
v -0.100574 -3.378874 0.365000
v -0.111952 -3.399804 0.365000
v -0.100574 -3.378874 0.310000
v -0.081839 -3.363265 0.310000
v -0.081839 -3.363265 0.365000
v -0.100574 -3.378874 0.365000
v -0.081839 -3.363265 0.310000
v -0.055836 -3.353099 0.310000
v -0.055836 -3.353099 0.365000
v -0.081839 -3.363265 0.365000
v -0.818070 -3.402422 0.310000
v -0.800273 -3.347648 0.310000
v -0.878127 -3.338988 0.310000
v -0.818070 -3.402422 0.365000
v -0.800273 -3.347648 0.365000
v -0.878127 -3.338988 0.365000
v -0.818070 -3.402422 0.310000
v -0.878127 -3.338988 0.310000
v -0.895456 -3.393914 0.310000
v -0.818070 -3.402422 0.365000
v -0.878127 -3.338988 0.365000
v -0.895456 -3.393914 0.365000
v -0.895456 -3.393914 0.310000
v -0.878127 -3.338988 0.310000
v -0.971965 -3.369055 0.310000
v -0.895456 -3.393914 0.365000
v -0.878127 -3.338988 0.365000
v -0.971965 -3.369055 0.365000
v -0.971965 -3.369055 0.310000
v -0.878127 -3.338988 0.310000
v -0.888630 -3.112574 0.310000
v -0.971965 -3.369055 0.365000
v -0.878127 -3.338988 0.365000
v -0.888630 -3.112574 0.365000
v -0.959722 -3.089475 0.310000
v -0.888630 -3.112574 0.310000
v -0.941664 -3.033899 0.310000
v -0.959722 -3.089475 0.365000
v -0.888630 -3.112574 0.365000
v -0.941664 -3.033899 0.365000
v -0.941664 -3.033899 0.310000
v -0.888630 -3.112574 0.310000
v -0.723438 -3.104804 0.310000
v -0.941664 -3.033899 0.365000
v -0.888630 -3.112574 0.365000
v -0.723438 -3.104804 0.365000
v -0.723438 -3.104804 0.310000
v -0.888630 -3.112574 0.310000
v -0.812588 -3.137281 0.310000
v -0.723438 -3.104804 0.365000
v -0.888630 -3.112574 0.365000
v -0.812588 -3.137281 0.365000
v -0.723438 -3.104804 0.310000
v -0.812588 -3.137281 0.310000
v -0.741496 -3.160381 0.310000
v -0.723438 -3.104804 0.365000
v -0.812588 -3.137281 0.365000
v -0.741496 -3.160381 0.365000
v -0.878127 -3.338988 0.310000
v -0.812588 -3.137281 0.310000
v -0.888630 -3.112574 0.310000
v -0.878127 -3.338988 0.365000
v -0.812588 -3.137281 0.365000
v -0.888630 -3.112574 0.365000
v -0.812588 -3.137281 0.310000
v -0.878127 -3.338988 0.310000
v -0.878127 -3.338988 0.365000
v -0.812588 -3.137281 0.365000
v -0.878127 -3.338988 0.310000
v -0.800273 -3.347648 0.310000
v -0.800273 -3.347648 0.365000
v -0.878127 -3.338988 0.365000
v -0.800273 -3.347648 0.310000
v -0.818070 -3.402422 0.310000
v -0.818070 -3.402422 0.365000
v -0.800273 -3.347648 0.365000
v -0.818070 -3.402422 0.310000
v -0.895456 -3.393914 0.310000
v -0.895456 -3.393914 0.365000
v -0.818070 -3.402422 0.365000
v -0.895456 -3.393914 0.310000
v -0.971965 -3.369055 0.310000
v -0.971965 -3.369055 0.365000
v -0.895456 -3.393914 0.365000
v -0.971965 -3.369055 0.310000
v -0.888630 -3.112574 0.310000
v -0.888630 -3.112574 0.365000
v -0.971965 -3.369055 0.365000
v -0.888630 -3.112574 0.310000
v -0.959722 -3.089475 0.310000
v -0.959722 -3.089475 0.365000
v -0.888630 -3.112574 0.365000
v -0.959722 -3.089475 0.310000
v -0.941664 -3.033899 0.310000
v -0.941664 -3.033899 0.365000
v -0.959722 -3.089475 0.365000
v -0.941664 -3.033899 0.310000
v -0.723438 -3.104804 0.310000
v -0.723438 -3.104804 0.365000
v -0.941664 -3.033899 0.365000
v -0.723438 -3.104804 0.310000
v -0.741496 -3.160381 0.310000
v -0.741496 -3.160381 0.365000
v -0.723438 -3.104804 0.365000
v -0.741496 -3.160381 0.310000
v -0.812588 -3.137281 0.310000
v -0.812588 -3.137281 0.365000
v -0.741496 -3.160381 0.365000
v -1.119184 -3.293493 0.310000
v -1.083177 -3.266134 0.310000
v -1.150073 -3.226819 0.310000
v -1.119184 -3.293493 0.365000
v -1.083177 -3.266134 0.365000
v -1.150073 -3.226819 0.365000
v -1.119184 -3.293493 0.310000
v -1.150073 -3.226819 0.310000
v -1.163611 -3.241349 0.310000
v -1.119184 -3.293493 0.365000
v -1.150073 -3.226819 0.365000
v -1.163611 -3.241349 0.365000
v -1.119184 -3.293493 0.310000
v -1.163611 -3.241349 0.310000
v -1.164838 -3.303780 0.310000
v -1.119184 -3.293493 0.365000
v -1.163611 -3.241349 0.365000
v -1.164838 -3.303780 0.365000
v -1.164838 -3.303780 0.310000
v -1.163611 -3.241349 0.310000
v -1.180244 -3.247423 0.310000
v -1.164838 -3.303780 0.365000
v -1.163611 -3.241349 0.365000
v -1.180244 -3.247423 0.365000
v -1.164838 -3.303780 0.310000
v -1.180244 -3.247423 0.310000
v -1.216706 -3.295301 0.310000
v -1.164838 -3.303780 0.365000
v -1.180244 -3.247423 0.365000
v -1.216706 -3.295301 0.365000
v -1.216706 -3.295301 0.310000
v -1.180244 -3.247423 0.310000
v -1.199877 -3.244871 0.310000
v -1.216706 -3.295301 0.365000
v -1.180244 -3.247423 0.365000
v -1.199877 -3.244871 0.365000
v -1.216706 -3.295301 0.310000
v -1.199877 -3.244871 0.310000
v -1.217261 -3.235396 0.310000
v -1.216706 -3.295301 0.365000
v -1.199877 -3.244871 0.365000
v -1.217261 -3.235396 0.365000
v -1.216706 -3.295301 0.310000
v -1.217261 -3.235396 0.310000
v -1.267515 -3.267405 0.310000
v -1.216706 -3.295301 0.365000
v -1.217261 -3.235396 0.365000
v -1.267515 -3.267405 0.365000
v -1.267515 -3.267405 0.310000
v -1.217261 -3.235396 0.310000
v -1.227146 -3.220705 0.310000
v -1.267515 -3.267405 0.365000
v -1.217261 -3.235396 0.365000
v -1.227146 -3.220705 0.365000
v -1.267515 -3.267405 0.310000
v -1.227146 -3.220705 0.310000
v -1.297820 -3.223398 0.310000
v -1.267515 -3.267405 0.365000
v -1.227146 -3.220705 0.365000
v -1.297820 -3.223398 0.365000
v -1.297820 -3.223398 0.310000
v -1.227146 -3.220705 0.310000
v -1.229558 -3.200992 0.310000
v -1.297820 -3.223398 0.365000
v -1.227146 -3.220705 0.365000
v -1.229558 -3.200992 0.365000
v -1.297820 -3.223398 0.310000
v -1.229558 -3.200992 0.310000
v -1.306765 -3.165592 0.310000
v -1.297820 -3.223398 0.365000
v -1.229558 -3.200992 0.365000
v -1.306765 -3.165592 0.365000
v -1.306765 -3.165592 0.310000
v -1.229558 -3.200992 0.310000
v -1.224481 -3.176320 0.310000
v -1.306765 -3.165592 0.365000
v -1.229558 -3.200992 0.365000
v -1.224481 -3.176320 0.365000
v -1.306765 -3.165592 0.310000
v -1.224481 -3.176320 0.310000
v -1.214027 -3.153191 0.310000
v -1.306765 -3.165592 0.365000
v -1.224481 -3.176320 0.365000
v -1.214027 -3.153191 0.365000
v -1.306765 -3.165592 0.310000
v -1.214027 -3.153191 0.310000
v -1.293449 -3.096164 0.310000
v -1.306765 -3.165592 0.365000
v -1.214027 -3.153191 0.365000
v -1.293449 -3.096164 0.365000
v -1.293449 -3.096164 0.310000
v -1.214027 -3.153191 0.310000
v -1.205922 -3.087116 0.310000
v -1.293449 -3.096164 0.365000
v -1.214027 -3.153191 0.365000
v -1.205922 -3.087116 0.365000
v -1.293449 -3.096164 0.310000
v -1.205922 -3.087116 0.310000
v -1.261220 -3.030256 0.310000
v -1.293449 -3.096164 0.365000
v -1.205922 -3.087116 0.365000
v -1.261220 -3.030256 0.365000
v -1.214819 -2.987291 0.310000
v -1.261220 -3.030256 0.310000
v -1.187057 -3.055167 0.310000
v -1.214819 -2.987291 0.365000
v -1.261220 -3.030256 0.365000
v -1.187057 -3.055167 0.365000
v -1.214819 -2.987291 0.310000
v -1.187057 -3.055167 0.310000
v -1.163061 -3.035532 0.310000
v -1.214819 -2.987291 0.365000
v -1.187057 -3.055167 0.365000
v -1.163061 -3.035532 0.365000
v -1.214819 -2.987291 0.310000
v -1.163061 -3.035532 0.310000
v -1.157716 -2.969189 0.310000
v -1.214819 -2.987291 0.365000
v -1.163061 -3.035532 0.365000
v -1.157716 -2.969189 0.365000
v -1.157716 -2.969189 0.310000
v -1.163061 -3.035532 0.310000
v -1.134161 -3.028397 0.310000
v -1.157716 -2.969189 0.365000
v -1.163061 -3.035532 0.365000
v -1.134161 -3.028397 0.365000
v -1.157716 -2.969189 0.310000
v -1.134161 -3.028397 0.310000
v -1.093249 -2.977917 0.310000
v -1.157716 -2.969189 0.365000
v -1.134161 -3.028397 0.365000
v -1.093249 -2.977917 0.365000
v -1.093249 -2.977917 0.310000
v -1.134161 -3.028397 0.310000
v -1.100541 -3.033812 0.310000
v -1.093249 -2.977917 0.365000
v -1.134161 -3.028397 0.365000
v -1.100541 -3.033812 0.365000
v -1.093249 -2.977917 0.310000
v -1.100541 -3.033812 0.310000
v -1.072047 -2.985712 0.310000
v -1.093249 -2.977917 0.365000
v -1.100541 -3.033812 0.365000
v -1.072047 -2.985712 0.365000
v -1.072047 -2.985712 0.310000
v -1.100541 -3.033812 0.310000
v -1.083667 -3.040533 0.310000
v -1.072047 -2.985712 0.365000
v -1.100541 -3.033812 0.365000
v -1.083667 -3.040533 0.365000
v -1.072047 -2.985712 0.310000
v -1.083667 -3.040533 0.310000
v -1.052314 -2.994841 0.310000
v -1.072047 -2.985712 0.365000
v -1.083667 -3.040533 0.365000
v -1.052314 -2.994841 0.365000
v -1.052314 -2.994841 0.310000
v -1.083667 -3.040533 0.310000
v -1.067287 -3.049571 0.310000
v -1.052314 -2.994841 0.365000
v -1.083667 -3.040533 0.365000
v -1.067287 -3.049571 0.365000
v -1.052314 -2.994841 0.310000
v -1.067287 -3.049571 0.310000
v -1.033776 -3.005319 0.310000
v -1.052314 -2.994841 0.365000
v -1.067287 -3.049571 0.365000
v -1.033776 -3.005319 0.365000
v -1.033776 -3.005319 0.310000
v -1.067287 -3.049571 0.310000
v -1.051172 -3.061018 0.310000
v -1.033776 -3.005319 0.365000
v -1.067287 -3.049571 0.365000
v -1.051172 -3.061018 0.365000
v -1.033776 -3.005319 0.310000
v -1.051172 -3.061018 0.310000
v -1.016207 -3.017294 0.310000
v -1.033776 -3.005319 0.365000
v -1.051172 -3.061018 0.365000
v -1.016207 -3.017294 0.365000
v -1.016207 -3.017294 0.310000
v -1.051172 -3.061018 0.310000
v -1.034960 -3.075010 0.310000
v -1.016207 -3.017294 0.365000
v -1.051172 -3.061018 0.365000
v -1.034960 -3.075010 0.365000
v -1.060252 -3.223396 0.310000
v -1.054228 -3.179881 0.310000
v -1.134541 -3.179017 0.310000
v -1.060252 -3.223396 0.365000
v -1.054228 -3.179881 0.365000
v -1.134541 -3.179017 0.365000
v -1.060252 -3.223396 0.310000
v -1.134541 -3.179017 0.310000
v -1.139678 -3.203874 0.310000
v -1.060252 -3.223396 0.365000
v -1.134541 -3.179017 0.365000
v -1.139678 -3.203874 0.365000
v -1.060252 -3.223396 0.310000
v -1.139678 -3.203874 0.310000
v -1.083177 -3.266134 0.310000
v -1.060252 -3.223396 0.365000
v -1.139678 -3.203874 0.365000
v -1.083177 -3.266134 0.365000
v -1.083177 -3.266134 0.310000
v -1.139678 -3.203874 0.310000
v -1.150073 -3.226819 0.310000
v -1.083177 -3.266134 0.365000
v -1.139678 -3.203874 0.365000
v -1.150073 -3.226819 0.365000
v -1.214027 -3.153191 0.310000
v -1.200483 -3.138644 0.310000
v -1.205922 -3.087116 0.310000
v -1.214027 -3.153191 0.365000
v -1.200483 -3.138644 0.365000
v -1.205922 -3.087116 0.365000
v -1.205922 -3.087116 0.310000
v -1.200483 -3.138644 0.310000
v -1.183900 -3.132720 0.310000
v -1.205922 -3.087116 0.365000
v -1.200483 -3.138644 0.365000
v -1.183900 -3.132720 0.365000
v -1.205922 -3.087116 0.310000
v -1.183900 -3.132720 0.310000
v -1.188293 -3.082751 0.310000
v -1.205922 -3.087116 0.365000
v -1.183900 -3.132720 0.365000
v -1.188293 -3.082751 0.365000
v -1.205922 -3.087116 0.310000
v -1.187057 -3.055167 0.310000
v -1.261220 -3.030256 0.310000
v -1.205922 -3.087116 0.365000
v -1.187057 -3.055167 0.365000
v -1.261220 -3.030256 0.365000
v -1.054228 -3.179881 0.310000
v -1.065752 -3.140424 0.310000
v -1.134541 -3.179017 0.310000
v -1.054228 -3.179881 0.365000
v -1.065752 -3.140424 0.365000
v -1.134541 -3.179017 0.365000
v -1.134541 -3.179017 0.310000
v -1.065752 -3.140424 0.310000
v -1.136948 -3.159288 0.310000
v -1.134541 -3.179017 0.365000
v -1.065752 -3.140424 0.365000
v -1.136948 -3.159288 0.365000
v -1.164283 -3.135323 0.310000
v -1.146882 -3.144748 0.310000
v -1.133936 -3.087437 0.310000
v -1.164283 -3.135323 0.365000
v -1.146882 -3.144748 0.365000
v -1.133936 -3.087437 0.365000
v -1.164283 -3.135323 0.310000
v -1.133936 -3.087437 0.310000
v -1.152483 -3.082852 0.310000
v -1.164283 -3.135323 0.365000
v -1.133936 -3.087437 0.365000
v -1.152483 -3.082852 0.365000
v -1.164283 -3.135323 0.310000
v -1.152483 -3.082852 0.310000
v -1.170541 -3.081310 0.310000
v -1.164283 -3.135323 0.365000
v -1.152483 -3.082852 0.365000
v -1.170541 -3.081310 0.365000
v -1.164283 -3.135323 0.310000
v -1.170541 -3.081310 0.310000
v -1.183900 -3.132720 0.310000
v -1.164283 -3.135323 0.365000
v -1.170541 -3.081310 0.365000
v -1.183900 -3.132720 0.365000
v -1.183900 -3.132720 0.310000
v -1.170541 -3.081310 0.310000
v -1.188293 -3.082751 0.310000
v -1.183900 -3.132720 0.365000
v -1.170541 -3.081310 0.365000
v -1.188293 -3.082751 0.365000
v -1.133936 -3.087437 0.310000
v -1.146882 -3.144748 0.310000
v -1.092947 -3.108463 0.310000
v -1.133936 -3.087437 0.365000
v -1.146882 -3.144748 0.365000
v -1.092947 -3.108463 0.365000
v -1.092947 -3.108463 0.310000
v -1.146882 -3.144748 0.310000
v -1.136948 -3.159288 0.310000
v -1.092947 -3.108463 0.365000
v -1.146882 -3.144748 0.365000
v -1.136948 -3.159288 0.365000
v -1.092947 -3.108463 0.310000
v -1.136948 -3.159288 0.310000
v -1.065752 -3.140424 0.310000
v -1.092947 -3.108463 0.365000
v -1.136948 -3.159288 0.365000
v -1.065752 -3.140424 0.365000
v -1.034960 -3.075010 0.310000
v -1.051172 -3.061018 0.310000
v -1.051172 -3.061018 0.365000
v -1.034960 -3.075010 0.365000
v -1.051172 -3.061018 0.310000
v -1.067287 -3.049571 0.310000
v -1.067287 -3.049571 0.365000
v -1.051172 -3.061018 0.365000
v -1.067287 -3.049571 0.310000
v -1.083667 -3.040533 0.310000
v -1.083667 -3.040533 0.365000
v -1.067287 -3.049571 0.365000
v -1.083667 -3.040533 0.310000
v -1.100541 -3.033812 0.310000
v -1.100541 -3.033812 0.365000
v -1.083667 -3.040533 0.365000
v -1.100541 -3.033812 0.310000
v -1.134161 -3.028397 0.310000
v -1.134161 -3.028397 0.365000
v -1.100541 -3.033812 0.365000
v -1.134161 -3.028397 0.310000
v -1.163061 -3.035532 0.310000
v -1.163061 -3.035532 0.365000
v -1.134161 -3.028397 0.365000
v -1.163061 -3.035532 0.310000
v -1.187057 -3.055167 0.310000
v -1.187057 -3.055167 0.365000
v -1.163061 -3.035532 0.365000
v -1.187057 -3.055167 0.310000
v -1.205922 -3.087116 0.310000
v -1.205922 -3.087116 0.365000
v -1.187057 -3.055167 0.365000
v -1.205922 -3.087116 0.310000
v -1.188293 -3.082751 0.310000
v -1.188293 -3.082751 0.365000
v -1.205922 -3.087116 0.365000
v -1.188293 -3.082751 0.310000
v -1.170541 -3.081310 0.310000
v -1.170541 -3.081310 0.365000
v -1.188293 -3.082751 0.365000
v -1.170541 -3.081310 0.310000
v -1.152483 -3.082852 0.310000
v -1.152483 -3.082852 0.365000
v -1.170541 -3.081310 0.365000
v -1.152483 -3.082852 0.310000
v -1.133936 -3.087437 0.310000
v -1.133936 -3.087437 0.365000
v -1.152483 -3.082852 0.365000
v -1.133936 -3.087437 0.310000
v -1.092947 -3.108463 0.310000
v -1.092947 -3.108463 0.365000
v -1.133936 -3.087437 0.365000
v -1.092947 -3.108463 0.310000
v -1.065752 -3.140424 0.310000
v -1.065752 -3.140424 0.365000
v -1.092947 -3.108463 0.365000
v -1.065752 -3.140424 0.310000
v -1.054228 -3.179881 0.310000
v -1.054228 -3.179881 0.365000
v -1.065752 -3.140424 0.365000
v -1.054228 -3.179881 0.310000
v -1.060252 -3.223396 0.310000
v -1.060252 -3.223396 0.365000
v -1.054228 -3.179881 0.365000
v -1.060252 -3.223396 0.310000
v -1.083177 -3.266134 0.310000
v -1.083177 -3.266134 0.365000
v -1.060252 -3.223396 0.365000
v -1.083177 -3.266134 0.310000
v -1.119184 -3.293493 0.310000
v -1.119184 -3.293493 0.365000
v -1.083177 -3.266134 0.365000
v -1.119184 -3.293493 0.310000
v -1.164838 -3.303780 0.310000
v -1.164838 -3.303780 0.365000
v -1.119184 -3.293493 0.365000
v -1.164838 -3.303780 0.310000
v -1.216706 -3.295301 0.310000
v -1.216706 -3.295301 0.365000
v -1.164838 -3.303780 0.365000
v -1.216706 -3.295301 0.310000
v -1.267515 -3.267405 0.310000
v -1.267515 -3.267405 0.365000
v -1.216706 -3.295301 0.365000
v -1.267515 -3.267405 0.310000
v -1.297820 -3.223398 0.310000
v -1.297820 -3.223398 0.365000
v -1.267515 -3.267405 0.365000
v -1.297820 -3.223398 0.310000
v -1.306765 -3.165592 0.310000
v -1.306765 -3.165592 0.365000
v -1.297820 -3.223398 0.365000
v -1.306765 -3.165592 0.310000
v -1.293449 -3.096164 0.310000
v -1.293449 -3.096164 0.365000
v -1.306765 -3.165592 0.365000
v -1.293449 -3.096164 0.310000
v -1.261220 -3.030256 0.310000
v -1.261220 -3.030256 0.365000
v -1.293449 -3.096164 0.365000
v -1.261220 -3.030256 0.310000
v -1.214819 -2.987291 0.310000
v -1.214819 -2.987291 0.365000
v -1.261220 -3.030256 0.365000
v -1.214819 -2.987291 0.310000
v -1.157716 -2.969189 0.310000
v -1.157716 -2.969189 0.365000
v -1.214819 -2.987291 0.365000
v -1.157716 -2.969189 0.310000
v -1.093249 -2.977917 0.310000
v -1.093249 -2.977917 0.365000
v -1.157716 -2.969189 0.365000
v -1.093249 -2.977917 0.310000
v -1.072047 -2.985712 0.310000
v -1.072047 -2.985712 0.365000
v -1.093249 -2.977917 0.365000
v -1.072047 -2.985712 0.310000
v -1.052314 -2.994841 0.310000
v -1.052314 -2.994841 0.365000
v -1.072047 -2.985712 0.365000
v -1.052314 -2.994841 0.310000
v -1.033776 -3.005319 0.310000
v -1.033776 -3.005319 0.365000
v -1.052314 -2.994841 0.365000
v -1.033776 -3.005319 0.310000
v -1.016207 -3.017294 0.310000
v -1.016207 -3.017294 0.365000
v -1.033776 -3.005319 0.365000
v -1.016207 -3.017294 0.310000
v -1.034960 -3.075010 0.310000
v -1.034960 -3.075010 0.365000
v -1.016207 -3.017294 0.365000
v -1.183900 -3.132720 0.310000
v -1.200483 -3.138644 0.310000
v -1.200483 -3.138644 0.365000
v -1.183900 -3.132720 0.365000
v -1.200483 -3.138644 0.310000
v -1.214027 -3.153191 0.310000
v -1.214027 -3.153191 0.365000
v -1.200483 -3.138644 0.365000
v -1.214027 -3.153191 0.310000
v -1.224481 -3.176320 0.310000
v -1.224481 -3.176320 0.365000
v -1.214027 -3.153191 0.365000
v -1.224481 -3.176320 0.310000
v -1.229558 -3.200992 0.310000
v -1.229558 -3.200992 0.365000
v -1.224481 -3.176320 0.365000
v -1.229558 -3.200992 0.310000
v -1.227146 -3.220705 0.310000
v -1.227146 -3.220705 0.365000
v -1.229558 -3.200992 0.365000
v -1.227146 -3.220705 0.310000
v -1.217261 -3.235396 0.310000
v -1.217261 -3.235396 0.365000
v -1.227146 -3.220705 0.365000
v -1.217261 -3.235396 0.310000
v -1.199877 -3.244871 0.310000
v -1.199877 -3.244871 0.365000
v -1.217261 -3.235396 0.365000
v -1.199877 -3.244871 0.310000
v -1.180244 -3.247423 0.310000
v -1.180244 -3.247423 0.365000
v -1.199877 -3.244871 0.365000
v -1.180244 -3.247423 0.310000
v -1.163611 -3.241349 0.310000
v -1.163611 -3.241349 0.365000
v -1.180244 -3.247423 0.365000
v -1.163611 -3.241349 0.310000
v -1.150073 -3.226819 0.310000
v -1.150073 -3.226819 0.365000
v -1.163611 -3.241349 0.365000
v -1.150073 -3.226819 0.310000
v -1.139678 -3.203874 0.310000
v -1.139678 -3.203874 0.365000
v -1.150073 -3.226819 0.365000
v -1.139678 -3.203874 0.310000
v -1.134541 -3.179017 0.310000
v -1.134541 -3.179017 0.365000
v -1.139678 -3.203874 0.365000
v -1.134541 -3.179017 0.310000
v -1.136948 -3.159288 0.310000
v -1.136948 -3.159288 0.365000
v -1.134541 -3.179017 0.365000
v -1.136948 -3.159288 0.310000
v -1.146882 -3.144748 0.310000
v -1.146882 -3.144748 0.365000
v -1.136948 -3.159288 0.365000
v -1.146882 -3.144748 0.310000
v -1.164283 -3.135323 0.310000
v -1.164283 -3.135323 0.365000
v -1.146882 -3.144748 0.365000
v -1.164283 -3.135323 0.310000
v -1.183900 -3.132720 0.310000
v -1.183900 -3.132720 0.365000
v -1.164283 -3.135323 0.365000
v -1.959490 -2.914946 0.310000
v -1.921585 -2.862774 0.310000
v -2.054048 -2.766534 0.310000
v -1.959490 -2.914946 0.365000
v -1.921585 -2.862774 0.365000
v -2.054048 -2.766534 0.365000
v -1.959490 -2.914946 0.310000
v -2.054048 -2.766534 0.310000
v -2.166762 -2.764354 0.310000
v -1.959490 -2.914946 0.365000
v -2.054048 -2.766534 0.365000
v -2.166762 -2.764354 0.365000
v -2.166762 -2.764354 0.310000
v -2.054048 -2.766534 0.310000
v -2.137723 -2.724385 0.310000
v -2.166762 -2.764354 0.365000
v -2.054048 -2.766534 0.365000
v -2.137723 -2.724385 0.365000
v -1.859683 -2.567197 0.310000
v -2.137723 -2.724385 0.310000
v -2.054048 -2.766534 0.310000
v -1.859683 -2.567197 0.365000
v -2.137723 -2.724385 0.365000
v -2.054048 -2.766534 0.365000
v -1.859683 -2.567197 0.310000
v -2.054048 -2.766534 0.310000
v -1.921585 -2.862774 0.310000
v -1.859683 -2.567197 0.365000
v -2.054048 -2.766534 0.365000
v -1.921585 -2.862774 0.365000
v -1.959490 -2.914946 0.310000
v -2.166762 -2.764354 0.310000
v -2.166762 -2.764354 0.365000
v -1.959490 -2.914946 0.365000
v -2.166762 -2.764354 0.310000
v -2.137723 -2.724385 0.310000
v -2.137723 -2.724385 0.365000
v -2.166762 -2.764354 0.365000
v -2.137723 -2.724385 0.310000
v -1.859683 -2.567197 0.310000
v -1.859683 -2.567197 0.365000
v -2.137723 -2.724385 0.365000
v -1.859683 -2.567197 0.310000
v -1.790593 -2.617394 0.310000
v -1.790593 -2.617394 0.365000
v -1.859683 -2.567197 0.365000
v -1.790593 -2.617394 0.310000
v -2.054048 -2.766534 0.310000
v -2.054048 -2.766534 0.365000
v -1.790593 -2.617394 0.365000
v -2.054048 -2.766534 0.310000
v -1.921585 -2.862774 0.310000
v -1.921585 -2.862774 0.365000
v -2.054048 -2.766534 0.365000
v -1.921585 -2.862774 0.310000
v -1.959490 -2.914946 0.310000
v -1.959490 -2.914946 0.365000
v -1.921585 -2.862774 0.365000
v -2.660382 -2.273617 0.310000
v -2.613789 -2.239765 0.310000
v -2.671684 -2.186997 0.310000
v -2.660382 -2.273617 0.365000
v -2.613789 -2.239765 0.365000
v -2.671684 -2.186997 0.365000
v -2.660382 -2.273617 0.310000
v -2.671684 -2.186997 0.310000
v -2.717988 -2.221247 0.310000
v -2.660382 -2.273617 0.365000
v -2.671684 -2.186997 0.365000
v -2.717988 -2.221247 0.365000
v -2.717988 -2.221247 0.310000
v -2.671684 -2.186997 0.310000
v -2.765273 -2.156165 0.310000
v -2.717988 -2.221247 0.365000
v -2.671684 -2.186997 0.365000
v -2.765273 -2.156165 0.365000
v -2.765273 -2.156165 0.310000
v -2.671684 -2.186997 0.310000
v -2.547098 -1.997651 0.310000
v -2.765273 -2.156165 0.365000
v -2.671684 -2.186997 0.365000
v -2.547098 -1.997651 0.365000
v -2.591036 -1.937176 0.310000
v -2.547098 -1.997651 0.310000
v -2.543760 -1.902828 0.310000
v -2.591036 -1.937176 0.365000
v -2.547098 -1.997651 0.365000
v -2.543760 -1.902828 0.365000
v -2.543760 -1.902828 0.310000
v -2.547098 -1.997651 0.310000
v -2.408889 -2.088462 0.310000
v -2.543760 -1.902828 0.365000
v -2.547098 -1.997651 0.365000
v -2.408889 -2.088462 0.365000
v -2.408889 -2.088462 0.310000
v -2.547098 -1.997651 0.310000
v -2.500102 -2.062336 0.310000
v -2.408889 -2.088462 0.365000
v -2.547098 -1.997651 0.365000
v -2.500102 -2.062336 0.365000
v -2.408889 -2.088462 0.310000
v -2.500102 -2.062336 0.310000
v -2.456165 -2.122810 0.310000
v -2.408889 -2.088462 0.365000
v -2.500102 -2.062336 0.365000
v -2.456165 -2.122810 0.365000
v -2.671684 -2.186997 0.310000
v -2.500102 -2.062336 0.310000
v -2.547098 -1.997651 0.310000
v -2.671684 -2.186997 0.365000
v -2.500102 -2.062336 0.365000
v -2.547098 -1.997651 0.365000
v -2.500102 -2.062336 0.310000
v -2.671684 -2.186997 0.310000
v -2.671684 -2.186997 0.365000
v -2.500102 -2.062336 0.365000
v -2.671684 -2.186997 0.310000
v -2.613789 -2.239765 0.310000
v -2.613789 -2.239765 0.365000
v -2.671684 -2.186997 0.365000
v -2.613789 -2.239765 0.310000
v -2.660382 -2.273617 0.310000
v -2.660382 -2.273617 0.365000
v -2.613789 -2.239765 0.365000
v -2.660382 -2.273617 0.310000
v -2.717988 -2.221247 0.310000
v -2.717988 -2.221247 0.365000
v -2.660382 -2.273617 0.365000
v -2.717988 -2.221247 0.310000
v -2.765273 -2.156165 0.310000
v -2.765273 -2.156165 0.365000
v -2.717988 -2.221247 0.365000
v -2.765273 -2.156165 0.310000
v -2.547098 -1.997651 0.310000
v -2.547098 -1.997651 0.365000
v -2.765273 -2.156165 0.365000
v -2.547098 -1.997651 0.310000
v -2.591036 -1.937176 0.310000
v -2.591036 -1.937176 0.365000
v -2.547098 -1.997651 0.365000
v -2.591036 -1.937176 0.310000
v -2.543760 -1.902828 0.310000
v -2.543760 -1.902828 0.365000
v -2.591036 -1.937176 0.365000
v -2.543760 -1.902828 0.310000
v -2.408889 -2.088462 0.310000
v -2.408889 -2.088462 0.365000
v -2.543760 -1.902828 0.365000
v -2.408889 -2.088462 0.310000
v -2.456165 -2.122810 0.310000
v -2.456165 -2.122810 0.365000
v -2.408889 -2.088462 0.365000
v -2.456165 -2.122810 0.310000
v -2.500102 -2.062336 0.310000
v -2.500102 -2.062336 0.365000
v -2.456165 -2.122810 0.365000
v -2.834742 -1.990801 0.310000
v -2.772024 -1.983240 0.310000
v -2.817405 -1.919403 0.310000
v -2.834742 -1.990801 0.365000
v -2.772024 -1.983240 0.365000
v -2.817405 -1.919403 0.365000
v -2.834742 -1.990801 0.310000
v -2.817405 -1.919403 0.310000
v -2.848286 -1.921195 0.310000
v -2.834742 -1.990801 0.365000
v -2.817405 -1.919403 0.365000
v -2.848286 -1.921195 0.365000
v -2.834742 -1.990801 0.310000
v -2.848286 -1.921195 0.310000
v -2.891507 -1.971981 0.310000
v -2.834742 -1.990801 0.365000
v -2.848286 -1.921195 0.365000
v -2.891507 -1.971981 0.365000
v -2.891507 -1.971981 0.310000
v -2.848286 -1.921195 0.310000
v -2.875892 -1.910026 0.310000
v -2.891507 -1.971981 0.365000
v -2.848286 -1.921195 0.365000
v -2.875892 -1.910026 0.365000
v -2.891507 -1.971981 0.310000
v -2.875892 -1.910026 0.310000
v -2.938398 -1.927211 0.310000
v -2.891507 -1.971981 0.365000
v -2.875892 -1.910026 0.365000
v -2.938398 -1.927211 0.365000
v -2.938398 -1.927211 0.310000
v -2.875892 -1.910026 0.310000
v -2.899892 -1.885936 0.310000
v -2.938398 -1.927211 0.365000
v -2.875892 -1.910026 0.365000
v -2.899892 -1.885936 0.365000
v -2.938398 -1.927211 0.310000
v -2.899892 -1.885936 0.310000
v -2.950800 -1.908646 0.310000
v -2.938398 -1.927211 0.365000
v -2.899892 -1.885936 0.365000
v -2.950800 -1.908646 0.365000
v -2.950800 -1.908646 0.310000
v -2.899892 -1.885936 0.310000
v -2.909396 -1.870851 0.310000
v -2.950800 -1.908646 0.365000
v -2.899892 -1.885936 0.365000
v -2.909396 -1.870851 0.365000
v -2.950800 -1.908646 0.310000
v -2.909396 -1.870851 0.310000
v -2.961387 -1.889588 0.310000
v -2.950800 -1.908646 0.365000
v -2.909396 -1.870851 0.365000
v -2.961387 -1.889588 0.365000
v -2.961387 -1.889588 0.310000
v -2.909396 -1.870851 0.310000
v -2.917243 -1.854039 0.310000
v -2.961387 -1.889588 0.365000
v -2.909396 -1.870851 0.365000
v -2.917243 -1.854039 0.365000
v -2.961387 -1.889588 0.310000
v -2.917243 -1.854039 0.310000
v -2.970293 -1.869852 0.310000
v -2.961387 -1.889588 0.365000
v -2.917243 -1.854039 0.365000
v -2.970293 -1.869852 0.365000
v -2.970293 -1.869852 0.310000
v -2.917243 -1.854039 0.310000
v -2.923601 -1.835059 0.310000
v -2.970293 -1.869852 0.365000
v -2.917243 -1.854039 0.365000
v -2.923601 -1.835059 0.365000
v -2.970293 -1.869852 0.310000
v -2.923601 -1.835059 0.310000
v -2.977653 -1.849254 0.310000
v -2.970293 -1.869852 0.365000
v -2.923601 -1.835059 0.365000
v -2.977653 -1.849254 0.365000
v -2.977653 -1.849254 0.310000
v -2.923601 -1.835059 0.310000
v -2.928556 -1.813583 0.310000
v -2.977653 -1.849254 0.365000
v -2.923601 -1.835059 0.365000
v -2.928556 -1.813583 0.365000
v -2.820710 -1.708630 0.310000
v -2.851048 -1.740211 0.310000
v -2.787073 -1.788366 0.310000
v -2.820710 -1.708630 0.365000
v -2.851048 -1.740211 0.365000
v -2.787073 -1.788366 0.365000
v -2.820710 -1.708630 0.310000
v -2.787073 -1.788366 0.310000
v -2.768311 -1.771301 0.310000
v -2.820710 -1.708630 0.365000
v -2.787073 -1.788366 0.365000
v -2.768311 -1.771301 0.365000
v -2.820710 -1.708630 0.310000
v -2.768311 -1.771301 0.310000
v -2.777207 -1.687693 0.310000
v -2.820710 -1.708630 0.365000
v -2.768311 -1.771301 0.365000
v -2.777207 -1.687693 0.365000
v -2.732033 -1.686881 0.310000
v -2.777207 -1.687693 0.310000
v -2.746311 -1.758751 0.310000
v -2.732033 -1.686881 0.365000
v -2.777207 -1.687693 0.365000
v -2.746311 -1.758751 0.365000
v -2.732033 -1.686881 0.310000
v -2.746311 -1.758751 0.310000
v -2.726849 -1.754911 0.310000
v -2.732033 -1.686881 0.365000
v -2.746311 -1.758751 0.365000
v -2.726849 -1.754911 0.365000
v -2.732033 -1.686881 0.310000
v -2.726849 -1.754911 0.310000
v -2.689032 -1.705510 0.310000
v -2.732033 -1.686881 0.365000
v -2.726849 -1.754911 0.365000
v -2.689032 -1.705510 0.365000
v -2.689032 -1.705510 0.310000
v -2.726849 -1.754911 0.310000
v -2.709961 -1.759851 0.310000
v -2.689032 -1.705510 0.365000
v -2.726849 -1.754911 0.365000
v -2.709961 -1.759851 0.365000
v -2.689032 -1.705510 0.310000
v -2.709961 -1.759851 0.310000
v -2.651965 -1.743009 0.310000
v -2.689032 -1.705510 0.365000
v -2.709961 -1.759851 0.365000
v -2.651965 -1.743009 0.365000
v -2.651965 -1.743009 0.310000
v -2.709961 -1.759851 0.310000
v -2.695569 -1.773559 0.310000
v -2.651965 -1.743009 0.365000
v -2.709961 -1.759851 0.365000
v -2.695569 -1.773559 0.365000
v -2.651965 -1.743009 0.310000
v -2.695569 -1.773559 0.310000
v -2.687041 -1.791397 0.310000
v -2.651965 -1.743009 0.365000
v -2.695569 -1.773559 0.365000
v -2.687041 -1.791397 0.365000
v -2.651965 -1.743009 0.310000
v -2.687041 -1.791397 0.310000
v -2.627363 -1.795236 0.310000
v -2.651965 -1.743009 0.365000
v -2.687041 -1.791397 0.365000
v -2.627363 -1.795236 0.365000
v -2.627363 -1.795236 0.310000
v -2.687041 -1.791397 0.310000
v -2.687582 -1.808957 0.310000
v -2.627363 -1.795236 0.365000
v -2.687041 -1.791397 0.365000
v -2.687582 -1.808957 0.365000
v -2.627363 -1.795236 0.310000
v -2.687582 -1.808957 0.310000
v -2.628699 -1.848490 0.310000
v -2.627363 -1.795236 0.365000
v -2.687582 -1.808957 0.365000
v -2.628699 -1.848490 0.365000
v -2.628699 -1.848490 0.310000
v -2.687582 -1.808957 0.310000
v -2.697248 -1.826280 0.310000
v -2.628699 -1.848490 0.365000
v -2.687582 -1.808957 0.365000
v -2.697248 -1.826280 0.365000
v -2.628699 -1.848490 0.310000
v -2.697248 -1.826280 0.310000
v -2.655545 -1.900459 0.310000
v -2.628699 -1.848490 0.365000
v -2.697248 -1.826280 0.365000
v -2.655545 -1.900459 0.365000
v -2.655545 -1.900459 0.310000
v -2.697248 -1.826280 0.310000
v -2.715982 -1.843324 0.310000
v -2.655545 -1.900459 0.365000
v -2.697248 -1.826280 0.365000
v -2.715982 -1.843324 0.365000
v -2.655545 -1.900459 0.310000
v -2.715982 -1.843324 0.310000
v -2.738010 -1.855895 0.310000
v -2.655545 -1.900459 0.365000
v -2.715982 -1.843324 0.365000
v -2.738010 -1.855895 0.365000
v -2.655545 -1.900459 0.310000
v -2.738010 -1.855895 0.310000
v -2.707275 -1.948865 0.310000
v -2.655545 -1.900459 0.365000
v -2.738010 -1.855895 0.365000
v -2.707275 -1.948865 0.365000
v -2.707275 -1.948865 0.310000
v -2.738010 -1.855895 0.310000
v -2.783471 -1.904527 0.310000
v -2.707275 -1.948865 0.365000
v -2.738010 -1.855895 0.365000
v -2.783471 -1.904527 0.365000
v -2.707275 -1.948865 0.310000
v -2.783471 -1.904527 0.310000
v -2.772024 -1.983240 0.310000
v -2.707275 -1.948865 0.365000
v -2.783471 -1.904527 0.365000
v -2.772024 -1.983240 0.365000
v -2.772024 -1.983240 0.310000
v -2.783471 -1.904527 0.310000
v -2.817405 -1.919403 0.310000
v -2.772024 -1.983240 0.365000
v -2.783471 -1.904527 0.365000
v -2.817405 -1.919403 0.365000
v -2.851048 -1.740211 0.310000
v -2.864917 -1.778907 0.310000
v -2.787073 -1.788366 0.310000
v -2.851048 -1.740211 0.365000
v -2.864917 -1.778907 0.365000
v -2.787073 -1.788366 0.365000
v -2.787073 -1.788366 0.310000
v -2.864917 -1.778907 0.310000
v -2.796711 -1.805668 0.310000
v -2.787073 -1.788366 0.365000
v -2.864917 -1.778907 0.365000
v -2.796711 -1.805668 0.365000
v -2.768311 -1.771301 0.310000
v -2.746311 -1.758751 0.310000
v -2.777207 -1.687693 0.310000
v -2.768311 -1.771301 0.365000
v -2.746311 -1.758751 0.365000
v -2.777207 -1.687693 0.365000
v -2.738010 -1.855895 0.310000
v -2.757444 -1.859714 0.310000
v -2.783471 -1.904527 0.310000
v -2.738010 -1.855895 0.365000
v -2.757444 -1.859714 0.365000
v -2.783471 -1.904527 0.365000
v -2.783471 -1.904527 0.310000
v -2.757444 -1.859714 0.310000
v -2.774354 -1.854834 0.310000
v -2.783471 -1.904527 0.365000
v -2.757444 -1.859714 0.365000
v -2.774354 -1.854834 0.365000
v -2.783471 -1.904527 0.310000
v -2.774354 -1.854834 0.310000
v -2.799946 -1.897852 0.310000
v -2.783471 -1.904527 0.365000
v -2.774354 -1.854834 0.365000
v -2.799946 -1.897852 0.365000
v -2.799946 -1.897852 0.310000
v -2.774354 -1.854834 0.310000
v -2.814933 -1.888619 0.310000
v -2.799946 -1.897852 0.365000
v -2.774354 -1.854834 0.365000
v -2.814933 -1.888619 0.365000
v -2.814933 -1.888619 0.310000
v -2.774354 -1.854834 0.310000
v -2.788699 -1.841222 0.310000
v -2.814933 -1.888619 0.365000
v -2.774354 -1.854834 0.365000
v -2.788699 -1.841222 0.365000
v -2.814933 -1.888619 0.310000
v -2.788699 -1.841222 0.310000
v -2.828635 -1.876669 0.310000
v -2.814933 -1.888619 0.365000
v -2.788699 -1.841222 0.365000
v -2.828635 -1.876669 0.365000
v -2.828635 -1.876669 0.310000
v -2.788699 -1.841222 0.310000
v -2.841055 -1.861877 0.310000
v -2.828635 -1.876669 0.365000
v -2.788699 -1.841222 0.365000
v -2.841055 -1.861877 0.365000
v -2.841055 -1.861877 0.310000
v -2.788699 -1.841222 0.310000
v -2.797274 -1.823288 0.310000
v -2.841055 -1.861877 0.365000
v -2.788699 -1.841222 0.365000
v -2.797274 -1.823288 0.365000
v -2.841055 -1.861877 0.310000
v -2.797274 -1.823288 0.310000
v -2.861797 -1.820796 0.310000
v -2.841055 -1.861877 0.365000
v -2.797274 -1.823288 0.365000
v -2.861797 -1.820796 0.365000
v -2.861797 -1.820796 0.310000
v -2.797274 -1.823288 0.310000
v -2.796711 -1.805668 0.310000
v -2.861797 -1.820796 0.365000
v -2.797274 -1.823288 0.365000
v -2.796711 -1.805668 0.365000
v -2.861797 -1.820796 0.310000
v -2.796711 -1.805668 0.310000
v -2.864917 -1.778907 0.310000
v -2.861797 -1.820796 0.365000
v -2.796711 -1.805668 0.365000
v -2.864917 -1.778907 0.365000
v -2.928556 -1.813583 0.310000
v -2.923601 -1.835059 0.310000
v -2.923601 -1.835059 0.365000
v -2.928556 -1.813583 0.365000
v -2.923601 -1.835059 0.310000
v -2.917243 -1.854039 0.310000
v -2.917243 -1.854039 0.365000
v -2.923601 -1.835059 0.365000
v -2.917243 -1.854039 0.310000
v -2.909396 -1.870851 0.310000
v -2.909396 -1.870851 0.365000
v -2.917243 -1.854039 0.365000
v -2.909396 -1.870851 0.310000
v -2.899892 -1.885936 0.310000
v -2.899892 -1.885936 0.365000
v -2.909396 -1.870851 0.365000
v -2.899892 -1.885936 0.310000
v -2.875892 -1.910026 0.310000
v -2.875892 -1.910026 0.365000
v -2.899892 -1.885936 0.365000
v -2.875892 -1.910026 0.310000
v -2.848286 -1.921195 0.310000
v -2.848286 -1.921195 0.365000
v -2.875892 -1.910026 0.365000
v -2.848286 -1.921195 0.310000
v -2.817405 -1.919403 0.310000
v -2.817405 -1.919403 0.365000
v -2.848286 -1.921195 0.365000
v -2.817405 -1.919403 0.310000
v -2.783471 -1.904527 0.310000
v -2.783471 -1.904527 0.365000
v -2.817405 -1.919403 0.365000
v -2.783471 -1.904527 0.310000
v -2.799946 -1.897852 0.310000
v -2.799946 -1.897852 0.365000
v -2.783471 -1.904527 0.365000
v -2.799946 -1.897852 0.310000
v -2.814933 -1.888619 0.310000
v -2.814933 -1.888619 0.365000
v -2.799946 -1.897852 0.365000
v -2.814933 -1.888619 0.310000
v -2.828635 -1.876669 0.310000
v -2.828635 -1.876669 0.365000
v -2.814933 -1.888619 0.365000
v -2.828635 -1.876669 0.310000
v -2.841055 -1.861877 0.310000
v -2.841055 -1.861877 0.365000
v -2.828635 -1.876669 0.365000
v -2.841055 -1.861877 0.310000
v -2.861797 -1.820796 0.310000
v -2.861797 -1.820796 0.365000
v -2.841055 -1.861877 0.365000
v -2.861797 -1.820796 0.310000
v -2.864917 -1.778907 0.310000
v -2.864917 -1.778907 0.365000
v -2.861797 -1.820796 0.365000
v -2.864917 -1.778907 0.310000
v -2.851048 -1.740211 0.310000
v -2.851048 -1.740211 0.365000
v -2.864917 -1.778907 0.365000
v -2.851048 -1.740211 0.310000
v -2.820710 -1.708630 0.310000
v -2.820710 -1.708630 0.365000
v -2.851048 -1.740211 0.365000
v -2.820710 -1.708630 0.310000
v -2.777207 -1.687693 0.310000
v -2.777207 -1.687693 0.365000
v -2.820710 -1.708630 0.365000
v -2.777207 -1.687693 0.310000
v -2.732033 -1.686881 0.310000
v -2.732033 -1.686881 0.365000
v -2.777207 -1.687693 0.365000
v -2.732033 -1.686881 0.310000
v -2.689032 -1.705510 0.310000
v -2.689032 -1.705510 0.365000
v -2.732033 -1.686881 0.365000
v -2.689032 -1.705510 0.310000
v -2.651965 -1.743009 0.310000
v -2.651965 -1.743009 0.365000
v -2.689032 -1.705510 0.365000
v -2.651965 -1.743009 0.310000
v -2.627363 -1.795236 0.310000
v -2.627363 -1.795236 0.365000
v -2.651965 -1.743009 0.365000
v -2.627363 -1.795236 0.310000
v -2.628699 -1.848490 0.310000
v -2.628699 -1.848490 0.365000
v -2.627363 -1.795236 0.365000
v -2.628699 -1.848490 0.310000
v -2.655545 -1.900459 0.310000
v -2.655545 -1.900459 0.365000
v -2.628699 -1.848490 0.365000
v -2.655545 -1.900459 0.310000
v -2.707275 -1.948865 0.310000
v -2.707275 -1.948865 0.365000
v -2.655545 -1.900459 0.365000
v -2.707275 -1.948865 0.310000
v -2.772024 -1.983240 0.310000
v -2.772024 -1.983240 0.365000
v -2.707275 -1.948865 0.365000
v -2.772024 -1.983240 0.310000
v -2.834742 -1.990801 0.310000
v -2.834742 -1.990801 0.365000
v -2.772024 -1.983240 0.365000
v -2.834742 -1.990801 0.310000
v -2.891507 -1.971981 0.310000
v -2.891507 -1.971981 0.365000
v -2.834742 -1.990801 0.365000
v -2.891507 -1.971981 0.310000
v -2.938398 -1.927211 0.310000
v -2.938398 -1.927211 0.365000
v -2.891507 -1.971981 0.365000
v -2.938398 -1.927211 0.310000
v -2.950800 -1.908646 0.310000
v -2.950800 -1.908646 0.365000
v -2.938398 -1.927211 0.365000
v -2.950800 -1.908646 0.310000
v -2.961387 -1.889588 0.310000
v -2.961387 -1.889588 0.365000
v -2.950800 -1.908646 0.365000
v -2.961387 -1.889588 0.310000
v -2.970293 -1.869852 0.310000
v -2.970293 -1.869852 0.365000
v -2.961387 -1.889588 0.365000
v -2.970293 -1.869852 0.310000
v -2.977653 -1.849254 0.310000
v -2.977653 -1.849254 0.365000
v -2.970293 -1.869852 0.365000
v -2.977653 -1.849254 0.310000
v -2.928556 -1.813583 0.310000
v -2.928556 -1.813583 0.365000
v -2.977653 -1.849254 0.365000
v -2.774354 -1.854834 0.310000
v -2.757444 -1.859714 0.310000
v -2.757444 -1.859714 0.365000
v -2.774354 -1.854834 0.365000
v -2.757444 -1.859714 0.310000
v -2.738010 -1.855895 0.310000
v -2.738010 -1.855895 0.365000
v -2.757444 -1.859714 0.365000
v -2.738010 -1.855895 0.310000
v -2.715982 -1.843324 0.310000
v -2.715982 -1.843324 0.365000
v -2.738010 -1.855895 0.365000
v -2.715982 -1.843324 0.310000
v -2.697248 -1.826280 0.310000
v -2.697248 -1.826280 0.365000
v -2.715982 -1.843324 0.365000
v -2.697248 -1.826280 0.310000
v -2.687582 -1.808957 0.310000
v -2.687582 -1.808957 0.365000
v -2.697248 -1.826280 0.365000
v -2.687582 -1.808957 0.310000
v -2.687041 -1.791397 0.310000
v -2.687041 -1.791397 0.365000
v -2.687582 -1.808957 0.365000
v -2.687041 -1.791397 0.310000
v -2.695569 -1.773559 0.310000
v -2.695569 -1.773559 0.365000
v -2.687041 -1.791397 0.365000
v -2.695569 -1.773559 0.310000
v -2.709961 -1.759851 0.310000
v -2.709961 -1.759851 0.365000
v -2.695569 -1.773559 0.365000
v -2.709961 -1.759851 0.310000
v -2.726849 -1.754911 0.310000
v -2.726849 -1.754911 0.365000
v -2.709961 -1.759851 0.365000
v -2.726849 -1.754911 0.310000
v -2.746311 -1.758751 0.310000
v -2.746311 -1.758751 0.365000
v -2.726849 -1.754911 0.365000
v -2.746311 -1.758751 0.310000
v -2.768311 -1.771301 0.310000
v -2.768311 -1.771301 0.365000
v -2.746311 -1.758751 0.365000
v -2.768311 -1.771301 0.310000
v -2.787073 -1.788366 0.310000
v -2.787073 -1.788366 0.365000
v -2.768311 -1.771301 0.365000
v -2.787073 -1.788366 0.310000
v -2.796711 -1.805668 0.310000
v -2.796711 -1.805668 0.365000
v -2.787073 -1.788366 0.365000
v -2.796711 -1.805668 0.310000
v -2.797274 -1.823288 0.310000
v -2.797274 -1.823288 0.365000
v -2.796711 -1.805668 0.365000
v -2.797274 -1.823288 0.310000
v -2.788699 -1.841222 0.310000
v -2.788699 -1.841222 0.365000
v -2.797274 -1.823288 0.365000
v -2.788699 -1.841222 0.310000
v -2.774354 -1.854834 0.310000
v -2.774354 -1.854834 0.365000
v -2.788699 -1.841222 0.365000
v -3.289515 -1.164055 0.310000
v -3.257021 -1.177867 0.310000
v -3.253566 -1.098041 0.310000
v -3.289515 -1.164055 0.365000
v -3.257021 -1.177867 0.365000
v -3.253566 -1.098041 0.365000
v -3.289515 -1.164055 0.310000
v -3.253566 -1.098041 0.310000
v -3.268196 -1.094210 0.310000
v -3.289515 -1.164055 0.365000
v -3.253566 -1.098041 0.365000
v -3.268196 -1.094210 0.365000
v -3.289515 -1.164055 0.310000
v -3.268196 -1.094210 0.310000
v -3.316852 -1.132764 0.310000
v -3.289515 -1.164055 0.365000
v -3.268196 -1.094210 0.365000
v -3.316852 -1.132764 0.365000
v -3.316852 -1.132764 0.310000
v -3.268196 -1.094210 0.310000
v -3.279791 -1.084094 0.310000
v -3.316852 -1.132764 0.365000
v -3.268196 -1.094210 0.365000
v -3.279791 -1.084094 0.365000
v -3.316852 -1.132764 0.310000
v -3.279791 -1.084094 0.310000
v -3.338306 -1.084349 0.310000
v -3.316852 -1.132764 0.365000
v -3.279791 -1.084094 0.365000
v -3.338306 -1.084349 0.365000
v -3.338306 -1.084349 0.310000
v -3.279791 -1.084094 0.310000
v -3.287808 -1.067941 0.310000
v -3.338306 -1.084349 0.365000
v -3.279791 -1.084094 0.365000
v -3.287808 -1.067941 0.365000
v -3.338306 -1.084349 0.310000
v -3.287808 -1.067941 0.310000
v -3.290724 -1.050501 0.310000
v -3.338306 -1.084349 0.365000
v -3.287808 -1.067941 0.365000
v -3.290724 -1.050501 0.365000
v -3.338306 -1.084349 0.310000
v -3.290724 -1.050501 0.310000
v -3.349337 -1.032898 0.310000
v -3.338306 -1.084349 0.365000
v -3.290724 -1.050501 0.365000
v -3.349337 -1.032898 0.365000
v -3.349337 -1.032898 0.310000
v -3.290724 -1.050501 0.310000
v -3.287275 -1.035718 0.310000
v -3.349337 -1.032898 0.365000
v -3.290724 -1.050501 0.365000
v -3.287275 -1.035718 0.365000
v -3.349337 -1.032898 0.310000
v -3.287275 -1.035718 0.310000
v -3.345665 -0.991698 0.310000
v -3.349337 -1.032898 0.365000
v -3.287275 -1.035718 0.365000
v -3.345665 -0.991698 0.365000
v -3.345665 -0.991698 0.310000
v -3.287275 -1.035718 0.310000
v -3.277725 -1.024086 0.310000
v -3.345665 -0.991698 0.365000
v -3.287275 -1.035718 0.365000
v -3.277725 -1.024086 0.365000
v -3.345665 -0.991698 0.310000
v -3.277725 -1.024086 0.310000
v -3.327511 -0.961374 0.310000
v -3.345665 -0.991698 0.365000
v -3.277725 -1.024086 0.365000
v -3.327511 -0.961374 0.365000
v -3.327511 -0.961374 0.310000
v -3.277725 -1.024086 0.310000
v -3.295053 -0.942686 0.310000
v -3.327511 -0.961374 0.365000
v -3.277725 -1.024086 0.365000
v -3.295053 -0.942686 0.365000
v -3.295053 -0.942686 0.310000
v -3.277725 -1.024086 0.310000
v -3.262162 -1.016186 0.310000
v -3.295053 -0.942686 0.365000
v -3.277725 -1.024086 0.365000
v -3.262162 -1.016186 0.365000
v -3.295053 -0.942686 0.310000
v -3.262162 -1.016186 0.310000
v -3.269545 -0.938405 0.310000
v -3.295053 -0.942686 0.365000
v -3.262162 -1.016186 0.365000
v -3.269545 -0.938405 0.365000
v -3.148402 -0.887652 0.310000
v -3.174559 -0.900618 0.310000
v -3.127867 -0.964944 0.310000
v -3.148402 -0.887652 0.365000
v -3.174559 -0.900618 0.365000
v -3.127867 -0.964944 0.365000
v -3.148402 -0.887652 0.310000
v -3.127867 -0.964944 0.310000
v -3.106612 -0.961324 0.310000
v -3.148402 -0.887652 0.365000
v -3.127867 -0.964944 0.365000
v -3.106612 -0.961324 0.365000
v -3.148402 -0.887652 0.310000
v -3.106612 -0.961324 0.310000
v -3.105205 -0.882127 0.310000
v -3.148402 -0.887652 0.365000
v -3.106612 -0.961324 0.365000
v -3.105205 -0.882127 0.365000
v -3.068328 -0.895678 0.310000
v -3.105205 -0.882127 0.310000
v -3.106612 -0.961324 0.310000
v -3.068328 -0.895678 0.365000
v -3.105205 -0.882127 0.365000
v -3.106612 -0.961324 0.365000
v -3.068328 -0.895678 0.310000
v -3.106612 -0.961324 0.310000
v -3.088802 -0.965396 0.310000
v -3.068328 -0.895678 0.365000
v -3.106612 -0.961324 0.365000
v -3.088802 -0.965396 0.365000
v -3.068328 -0.895678 0.310000
v -3.088802 -0.965396 0.310000
v -3.038124 -0.928123 0.310000
v -3.068328 -0.895678 0.365000
v -3.088802 -0.965396 0.365000
v -3.038124 -0.928123 0.365000
v -3.038124 -0.928123 0.310000
v -3.088802 -0.965396 0.310000
v -3.074969 -0.976945 0.310000
v -3.038124 -0.928123 0.365000
v -3.088802 -0.965396 0.365000
v -3.074969 -0.976945 0.365000
v -3.038124 -0.928123 0.310000
v -3.074969 -0.976945 0.310000
v -3.014947 -0.979283 0.310000
v -3.038124 -0.928123 0.365000
v -3.074969 -0.976945 0.365000
v -3.014947 -0.979283 0.365000
v -3.014947 -0.979283 0.310000
v -3.074969 -0.976945 0.310000
v -3.065511 -0.995713 0.310000
v -3.014947 -0.979283 0.365000
v -3.074969 -0.976945 0.365000
v -3.065511 -0.995713 0.365000
v -3.014947 -0.979283 0.310000
v -3.065511 -0.995713 0.310000
v -3.062078 -1.016622 0.310000
v -3.014947 -0.979283 0.365000
v -3.065511 -0.995713 0.365000
v -3.062078 -1.016622 0.365000
v -3.014947 -0.979283 0.310000
v -3.062078 -1.016622 0.310000
v -3.003561 -1.034496 0.310000
v -3.014947 -0.979283 0.365000
v -3.062078 -1.016622 0.365000
v -3.003561 -1.034496 0.365000
v -3.003561 -1.034496 0.310000
v -3.062078 -1.016622 0.310000
v -3.066404 -1.034330 0.310000
v -3.003561 -1.034496 0.365000
v -3.062078 -1.016622 0.365000
v -3.066404 -1.034330 0.365000
v -3.003561 -1.034496 0.310000
v -3.066404 -1.034330 0.310000
v -3.008861 -1.078699 0.310000
v -3.003561 -1.034496 0.365000
v -3.066404 -1.034330 0.365000
v -3.008861 -1.078699 0.365000
v -3.008861 -1.078699 0.310000
v -3.066404 -1.034330 0.310000
v -3.078370 -1.048243 0.310000
v -3.008861 -1.078699 0.365000
v -3.066404 -1.034330 0.365000
v -3.078370 -1.048243 0.365000
v -3.008861 -1.078699 0.310000
v -3.078370 -1.048243 0.310000
v -3.030681 -1.111488 0.310000
v -3.008861 -1.078699 0.365000
v -3.078370 -1.048243 0.365000
v -3.030681 -1.111488 0.365000
v -3.030681 -1.111488 0.310000
v -3.078370 -1.048243 0.310000
v -3.068859 -1.132459 0.310000
v -3.030681 -1.111488 0.365000
v -3.078370 -1.048243 0.365000
v -3.068859 -1.132459 0.365000
v -3.068859 -1.132459 0.310000
v -3.078370 -1.048243 0.310000
v -3.097677 -1.057858 0.310000
v -3.068859 -1.132459 0.365000
v -3.078370 -1.048243 0.365000
v -3.097677 -1.057858 0.365000
v -3.068859 -1.132459 0.310000
v -3.097677 -1.057858 0.310000
v -3.097642 -1.137343 0.310000
v -3.068859 -1.132459 0.365000
v -3.097677 -1.057858 0.365000
v -3.097642 -1.137343 0.365000
v -3.219916 -1.173934 0.310000
v -3.196752 -1.162438 0.310000
v -3.236444 -1.095339 0.310000
v -3.219916 -1.173934 0.365000
v -3.196752 -1.162438 0.365000
v -3.236444 -1.095339 0.365000
v -3.219916 -1.173934 0.310000
v -3.236444 -1.095339 0.310000
v -3.253566 -1.098041 0.310000
v -3.219916 -1.173934 0.365000
v -3.236444 -1.095339 0.365000
v -3.253566 -1.098041 0.365000
v -3.219916 -1.173934 0.310000
v -3.253566 -1.098041 0.310000
v -3.257021 -1.177867 0.310000
v -3.219916 -1.173934 0.365000
v -3.253566 -1.098041 0.365000
v -3.257021 -1.177867 0.365000
v -3.262162 -1.016186 0.310000
v -3.244895 -1.013419 0.310000
v -3.246058 -0.942792 0.310000
v -3.262162 -1.016186 0.365000
v -3.244895 -1.013419 0.365000
v -3.246058 -0.942792 0.365000
v -3.262162 -1.016186 0.310000
v -3.246058 -0.942792 0.310000
v -3.269545 -0.938405 0.310000
v -3.262162 -1.016186 0.365000
v -3.246058 -0.942792 0.365000
v -3.269545 -0.938405 0.365000
v -3.174559 -0.900618 0.310000
v -3.192913 -0.919985 0.310000
v -3.147340 -0.974558 0.310000
v -3.174559 -0.900618 0.365000
v -3.192913 -0.919985 0.365000
v -3.147340 -0.974558 0.365000
v -3.174559 -0.900618 0.310000
v -3.147340 -0.974558 0.310000
v -3.127867 -0.964944 0.310000
v -3.174559 -0.900618 0.365000
v -3.147340 -0.974558 0.365000
v -3.127867 -0.964944 0.365000
v -3.097677 -1.057858 0.310000
v -3.118965 -1.061433 0.310000
v -3.097642 -1.137343 0.310000
v -3.097677 -1.057858 0.365000
v -3.118965 -1.061433 0.365000
v -3.097642 -1.137343 0.365000
v -3.097642 -1.137343 0.310000
v -3.118965 -1.061433 0.310000
v -3.123875 -1.132463 0.310000
v -3.097642 -1.137343 0.365000
v -3.118965 -1.061433 0.365000
v -3.123875 -1.132463 0.365000
v -3.196752 -1.162438 0.310000
v -3.180297 -1.145184 0.310000
v -3.236444 -1.095339 0.310000
v -3.196752 -1.162438 0.365000
v -3.180297 -1.145184 0.365000
v -3.236444 -1.095339 0.365000
v -3.236444 -1.095339 0.310000
v -3.180297 -1.145184 0.310000
v -3.220853 -1.087412 0.310000
v -3.236444 -1.095339 0.365000
v -3.180297 -1.145184 0.365000
v -3.220853 -1.087412 0.365000
v -3.210793 -1.042917 0.310000
v -3.207785 -1.060697 0.310000
v -3.160495 -1.026575 0.310000
v -3.210793 -1.042917 0.365000
v -3.207785 -1.060697 0.365000
v -3.160495 -1.026575 0.365000
v -3.210793 -1.042917 0.310000
v -3.160495 -1.026575 0.310000
v -3.218702 -1.027099 0.310000
v -3.210793 -1.042917 0.365000
v -3.160495 -1.026575 0.365000
v -3.218702 -1.027099 0.365000
v -3.218702 -1.027099 0.310000
v -3.160495 -1.026575 0.310000
v -3.163858 -1.005827 0.310000
v -3.218702 -1.027099 0.365000
v -3.160495 -1.026575 0.365000
v -3.163858 -1.005827 0.365000
v -3.218702 -1.027099 0.310000
v -3.163858 -1.005827 0.310000
v -3.205807 -0.977124 0.310000
v -3.218702 -1.027099 0.365000
v -3.163858 -1.005827 0.365000
v -3.205807 -0.977124 0.365000
v -3.218702 -1.027099 0.310000
v -3.205807 -0.977124 0.310000
v -3.230231 -1.017183 0.310000
v -3.218702 -1.027099 0.365000
v -3.205807 -0.977124 0.365000
v -3.230231 -1.017183 0.365000
v -3.244895 -1.013419 0.310000
v -3.230231 -1.017183 0.310000
v -3.205807 -0.977124 0.310000
v -3.244895 -1.013419 0.365000
v -3.230231 -1.017183 0.365000
v -3.205807 -0.977124 0.365000
v -3.244895 -1.013419 0.310000
v -3.205807 -0.977124 0.310000
v -3.224790 -0.955746 0.310000
v -3.244895 -1.013419 0.365000
v -3.205807 -0.977124 0.365000
v -3.224790 -0.955746 0.365000
v -3.244895 -1.013419 0.310000
v -3.224790 -0.955746 0.310000
v -3.246058 -0.942792 0.310000
v -3.244895 -1.013419 0.365000
v -3.224790 -0.955746 0.365000
v -3.246058 -0.942792 0.365000
v -3.192913 -0.919985 0.310000
v -3.203363 -0.945553 0.310000
v -3.147340 -0.974558 0.310000
v -3.192913 -0.919985 0.365000
v -3.203363 -0.945553 0.365000
v -3.147340 -0.974558 0.365000
v -3.147340 -0.974558 0.310000
v -3.203363 -0.945553 0.310000
v -3.159405 -0.988337 0.310000
v -3.147340 -0.974558 0.365000
v -3.203363 -0.945553 0.365000
v -3.159405 -0.988337 0.365000
v -3.163858 -1.005827 0.310000
v -3.159405 -0.988337 0.310000
v -3.205807 -0.977124 0.310000
v -3.163858 -1.005827 0.365000
v -3.159405 -0.988337 0.365000
v -3.205807 -0.977124 0.365000
v -3.205807 -0.977124 0.310000
v -3.159405 -0.988337 0.310000
v -3.203363 -0.945553 0.310000
v -3.205807 -0.977124 0.365000
v -3.159405 -0.988337 0.365000
v -3.203363 -0.945553 0.365000
v -3.160495 -1.026575 0.310000
v -3.207785 -1.060697 0.310000
v -3.150933 -1.045493 0.310000
v -3.160495 -1.026575 0.365000
v -3.207785 -1.060697 0.365000
v -3.150933 -1.045493 0.365000
v -3.118965 -1.061433 0.310000
v -3.136874 -1.057227 0.310000
v -3.147357 -1.117920 0.310000
v -3.118965 -1.061433 0.365000
v -3.136874 -1.057227 0.365000
v -3.147357 -1.117920 0.365000
v -3.118965 -1.061433 0.310000
v -3.147357 -1.117920 0.310000
v -3.123875 -1.132463 0.310000
v -3.118965 -1.061433 0.365000
v -3.147357 -1.117920 0.365000
v -3.123875 -1.132463 0.365000
v -3.180297 -1.145184 0.310000
v -3.170689 -1.122252 0.310000
v -3.220853 -1.087412 0.310000
v -3.180297 -1.145184 0.365000
v -3.170689 -1.122252 0.365000
v -3.220853 -1.087412 0.365000
v -3.220853 -1.087412 0.310000
v -3.170689 -1.122252 0.310000
v -3.167891 -1.093816 0.310000
v -3.220853 -1.087412 0.365000
v -3.170689 -1.122252 0.365000
v -3.167891 -1.093816 0.365000
v -3.220853 -1.087412 0.310000
v -3.167891 -1.093816 0.310000
v -3.211219 -1.075697 0.310000
v -3.220853 -1.087412 0.365000
v -3.167891 -1.093816 0.365000
v -3.211219 -1.075697 0.365000
v -3.207785 -1.060697 0.310000
v -3.211219 -1.075697 0.310000
v -3.167891 -1.093816 0.310000
v -3.207785 -1.060697 0.365000
v -3.211219 -1.075697 0.365000
v -3.167891 -1.093816 0.365000
v -3.207785 -1.060697 0.310000
v -3.167891 -1.093816 0.310000
v -3.150933 -1.045493 0.310000
v -3.207785 -1.060697 0.365000
v -3.167891 -1.093816 0.365000
v -3.150933 -1.045493 0.365000
v -3.150933 -1.045493 0.310000
v -3.167891 -1.093816 0.310000
v -3.136874 -1.057227 0.310000
v -3.150933 -1.045493 0.365000
v -3.167891 -1.093816 0.365000
v -3.136874 -1.057227 0.365000
v -3.136874 -1.057227 0.310000
v -3.167891 -1.093816 0.310000
v -3.147357 -1.117920 0.310000
v -3.136874 -1.057227 0.365000
v -3.167891 -1.093816 0.365000
v -3.147357 -1.117920 0.365000
v -3.180297 -1.145184 0.310000
v -3.196752 -1.162438 0.310000
v -3.196752 -1.162438 0.365000
v -3.180297 -1.145184 0.365000
v -3.196752 -1.162438 0.310000
v -3.219916 -1.173934 0.310000
v -3.219916 -1.173934 0.365000
v -3.196752 -1.162438 0.365000
v -3.219916 -1.173934 0.310000
v -3.257021 -1.177867 0.310000
v -3.257021 -1.177867 0.365000
v -3.219916 -1.173934 0.365000
v -3.257021 -1.177867 0.310000
v -3.289515 -1.164055 0.310000
v -3.289515 -1.164055 0.365000
v -3.257021 -1.177867 0.365000
v -3.289515 -1.164055 0.310000
v -3.316852 -1.132764 0.310000
v -3.316852 -1.132764 0.365000
v -3.289515 -1.164055 0.365000
v -3.316852 -1.132764 0.310000
v -3.338306 -1.084349 0.310000
v -3.338306 -1.084349 0.365000
v -3.316852 -1.132764 0.365000
v -3.338306 -1.084349 0.310000
v -3.349337 -1.032898 0.310000
v -3.349337 -1.032898 0.365000
v -3.338306 -1.084349 0.365000
v -3.349337 -1.032898 0.310000
v -3.345665 -0.991698 0.310000
v -3.345665 -0.991698 0.365000
v -3.349337 -1.032898 0.365000
v -3.345665 -0.991698 0.310000
v -3.327511 -0.961374 0.310000
v -3.327511 -0.961374 0.365000
v -3.345665 -0.991698 0.365000
v -3.327511 -0.961374 0.310000
v -3.295053 -0.942686 0.310000
v -3.295053 -0.942686 0.365000
v -3.327511 -0.961374 0.365000
v -3.295053 -0.942686 0.310000
v -3.269545 -0.938405 0.310000
v -3.269545 -0.938405 0.365000
v -3.295053 -0.942686 0.365000
v -3.269545 -0.938405 0.310000
v -3.246058 -0.942792 0.310000
v -3.246058 -0.942792 0.365000
v -3.269545 -0.938405 0.365000
v -3.246058 -0.942792 0.310000
v -3.224790 -0.955746 0.310000
v -3.224790 -0.955746 0.365000
v -3.246058 -0.942792 0.365000
v -3.224790 -0.955746 0.310000
v -3.205807 -0.977124 0.310000
v -3.205807 -0.977124 0.365000
v -3.224790 -0.955746 0.365000
v -3.205807 -0.977124 0.310000
v -3.203363 -0.945553 0.310000
v -3.203363 -0.945553 0.365000
v -3.205807 -0.977124 0.365000
v -3.203363 -0.945553 0.310000
v -3.192913 -0.919985 0.310000
v -3.192913 -0.919985 0.365000
v -3.203363 -0.945553 0.365000
v -3.192913 -0.919985 0.310000
v -3.174559 -0.900618 0.310000
v -3.174559 -0.900618 0.365000
v -3.192913 -0.919985 0.365000
v -3.174559 -0.900618 0.310000
v -3.148402 -0.887652 0.310000
v -3.148402 -0.887652 0.365000
v -3.174559 -0.900618 0.365000
v -3.148402 -0.887652 0.310000
v -3.105205 -0.882127 0.310000
v -3.105205 -0.882127 0.365000
v -3.148402 -0.887652 0.365000
v -3.105205 -0.882127 0.310000
v -3.068328 -0.895678 0.310000
v -3.068328 -0.895678 0.365000
v -3.105205 -0.882127 0.365000
v -3.068328 -0.895678 0.310000
v -3.038124 -0.928123 0.310000
v -3.038124 -0.928123 0.365000
v -3.068328 -0.895678 0.365000
v -3.038124 -0.928123 0.310000
v -3.014947 -0.979283 0.310000
v -3.014947 -0.979283 0.365000
v -3.038124 -0.928123 0.365000
v -3.014947 -0.979283 0.310000
v -3.003561 -1.034496 0.310000
v -3.003561 -1.034496 0.365000
v -3.014947 -0.979283 0.365000
v -3.003561 -1.034496 0.310000
v -3.008861 -1.078699 0.310000
v -3.008861 -1.078699 0.365000
v -3.003561 -1.034496 0.365000
v -3.008861 -1.078699 0.310000
v -3.030681 -1.111488 0.310000
v -3.030681 -1.111488 0.365000
v -3.008861 -1.078699 0.365000
v -3.030681 -1.111488 0.310000
v -3.068859 -1.132459 0.310000
v -3.068859 -1.132459 0.365000
v -3.030681 -1.111488 0.365000
v -3.068859 -1.132459 0.310000
v -3.097642 -1.137343 0.310000
v -3.097642 -1.137343 0.365000
v -3.068859 -1.132459 0.365000
v -3.097642 -1.137343 0.310000
v -3.123875 -1.132463 0.310000
v -3.123875 -1.132463 0.365000
v -3.097642 -1.137343 0.365000
v -3.123875 -1.132463 0.310000
v -3.147357 -1.117920 0.310000
v -3.147357 -1.117920 0.365000
v -3.123875 -1.132463 0.365000
v -3.147357 -1.117920 0.310000
v -3.167891 -1.093816 0.310000
v -3.167891 -1.093816 0.365000
v -3.147357 -1.117920 0.365000
v -3.167891 -1.093816 0.310000
v -3.170689 -1.122252 0.310000
v -3.170689 -1.122252 0.365000
v -3.167891 -1.093816 0.365000
v -3.170689 -1.122252 0.310000
v -3.180297 -1.145184 0.310000
v -3.180297 -1.145184 0.365000
v -3.170689 -1.122252 0.365000
v -3.136874 -1.057227 0.310000
v -3.118965 -1.061433 0.310000
v -3.118965 -1.061433 0.365000
v -3.136874 -1.057227 0.365000
v -3.118965 -1.061433 0.310000
v -3.097677 -1.057858 0.310000
v -3.097677 -1.057858 0.365000
v -3.118965 -1.061433 0.365000
v -3.097677 -1.057858 0.310000
v -3.078370 -1.048243 0.310000
v -3.078370 -1.048243 0.365000
v -3.097677 -1.057858 0.365000
v -3.078370 -1.048243 0.310000
v -3.066404 -1.034330 0.310000
v -3.066404 -1.034330 0.365000
v -3.078370 -1.048243 0.365000
v -3.066404 -1.034330 0.310000
v -3.062078 -1.016622 0.310000
v -3.062078 -1.016622 0.365000
v -3.066404 -1.034330 0.365000
v -3.062078 -1.016622 0.310000
v -3.065511 -0.995713 0.310000
v -3.065511 -0.995713 0.365000
v -3.062078 -1.016622 0.365000
v -3.065511 -0.995713 0.310000
v -3.074969 -0.976945 0.310000
v -3.074969 -0.976945 0.365000
v -3.065511 -0.995713 0.365000
v -3.074969 -0.976945 0.310000
v -3.088802 -0.965396 0.310000
v -3.088802 -0.965396 0.365000
v -3.074969 -0.976945 0.365000
v -3.088802 -0.965396 0.310000
v -3.106612 -0.961324 0.310000
v -3.106612 -0.961324 0.365000
v -3.088802 -0.965396 0.365000
v -3.106612 -0.961324 0.310000
v -3.127867 -0.964944 0.310000
v -3.127867 -0.964944 0.365000
v -3.106612 -0.961324 0.365000
v -3.127867 -0.964944 0.310000
v -3.147340 -0.974558 0.310000
v -3.147340 -0.974558 0.365000
v -3.127867 -0.964944 0.365000
v -3.147340 -0.974558 0.310000
v -3.159405 -0.988337 0.310000
v -3.159405 -0.988337 0.365000
v -3.147340 -0.974558 0.365000
v -3.159405 -0.988337 0.310000
v -3.163858 -1.005827 0.310000
v -3.163858 -1.005827 0.365000
v -3.159405 -0.988337 0.365000
v -3.163858 -1.005827 0.310000
v -3.160495 -1.026575 0.310000
v -3.160495 -1.026575 0.365000
v -3.163858 -1.005827 0.365000
v -3.160495 -1.026575 0.310000
v -3.150933 -1.045493 0.310000
v -3.150933 -1.045493 0.365000
v -3.160495 -1.026575 0.365000
v -3.150933 -1.045493 0.310000
v -3.136874 -1.057227 0.310000
v -3.136874 -1.057227 0.365000
v -3.150933 -1.045493 0.365000
v -3.220853 -1.087412 0.310000
v -3.211219 -1.075697 0.310000
v -3.211219 -1.075697 0.365000
v -3.220853 -1.087412 0.365000
v -3.211219 -1.075697 0.310000
v -3.207785 -1.060697 0.310000
v -3.207785 -1.060697 0.365000
v -3.211219 -1.075697 0.365000
v -3.207785 -1.060697 0.310000
v -3.210793 -1.042917 0.310000
v -3.210793 -1.042917 0.365000
v -3.207785 -1.060697 0.365000
v -3.210793 -1.042917 0.310000
v -3.218702 -1.027099 0.310000
v -3.218702 -1.027099 0.365000
v -3.210793 -1.042917 0.365000
v -3.218702 -1.027099 0.310000
v -3.230231 -1.017183 0.310000
v -3.230231 -1.017183 0.365000
v -3.218702 -1.027099 0.365000
v -3.230231 -1.017183 0.310000
v -3.244895 -1.013419 0.310000
v -3.244895 -1.013419 0.365000
v -3.230231 -1.017183 0.365000
v -3.244895 -1.013419 0.310000
v -3.262162 -1.016186 0.310000
v -3.262162 -1.016186 0.365000
v -3.244895 -1.013419 0.365000
v -3.262162 -1.016186 0.310000
v -3.277725 -1.024086 0.310000
v -3.277725 -1.024086 0.365000
v -3.262162 -1.016186 0.365000
v -3.277725 -1.024086 0.310000
v -3.287275 -1.035718 0.310000
v -3.287275 -1.035718 0.365000
v -3.277725 -1.024086 0.365000
v -3.287275 -1.035718 0.310000
v -3.290724 -1.050501 0.310000
v -3.290724 -1.050501 0.365000
v -3.287275 -1.035718 0.365000
v -3.290724 -1.050501 0.310000
v -3.287808 -1.067941 0.310000
v -3.287808 -1.067941 0.365000
v -3.290724 -1.050501 0.365000
v -3.287808 -1.067941 0.310000
v -3.279791 -1.084094 0.310000
v -3.279791 -1.084094 0.365000
v -3.287808 -1.067941 0.365000
v -3.279791 -1.084094 0.310000
v -3.268196 -1.094210 0.310000
v -3.268196 -1.094210 0.365000
v -3.279791 -1.084094 0.365000
v -3.268196 -1.094210 0.310000
v -3.253566 -1.098041 0.310000
v -3.253566 -1.098041 0.365000
v -3.268196 -1.094210 0.365000
v -3.253566 -1.098041 0.310000
v -3.236444 -1.095339 0.310000
v -3.236444 -1.095339 0.365000
v -3.253566 -1.098041 0.365000
v -3.236444 -1.095339 0.310000
v -3.220853 -1.087412 0.310000
v -3.220853 -1.087412 0.365000
v -3.236444 -1.095339 0.365000
v -3.493605 -0.282148 0.310000
v -3.433926 -0.282148 0.310000
v -3.450321 -0.202649 0.310000
v -3.493605 -0.282148 0.365000
v -3.433926 -0.282148 0.365000
v -3.450321 -0.202649 0.365000
v -3.493605 -0.282148 0.310000
v -3.450321 -0.202649 0.310000
v -3.510000 -0.203159 0.310000
v -3.493605 -0.282148 0.365000
v -3.450321 -0.202649 0.365000
v -3.510000 -0.203159 0.365000
v -3.510000 -0.203159 0.310000
v -3.450321 -0.202649 0.310000
v -3.510000 -0.119799 0.310000
v -3.510000 -0.203159 0.365000
v -3.450321 -0.202649 0.365000
v -3.510000 -0.119799 0.365000
v -3.510000 -0.119799 0.310000
v -3.450321 -0.202649 0.310000
v -3.230553 -0.119799 0.310000
v -3.510000 -0.119799 0.365000
v -3.450321 -0.202649 0.365000
v -3.230553 -0.119799 0.365000
v -3.230553 -0.042341 0.310000
v -3.230553 -0.119799 0.310000
v -3.170000 -0.042341 0.310000
v -3.230553 -0.042341 0.365000
v -3.230553 -0.119799 0.365000
v -3.170000 -0.042341 0.365000
v -3.170000 -0.042341 0.310000
v -3.230553 -0.119799 0.310000
v -3.170000 -0.280107 0.310000
v -3.170000 -0.042341 0.365000
v -3.230553 -0.119799 0.365000
v -3.170000 -0.280107 0.365000
v -3.170000 -0.280107 0.310000
v -3.230553 -0.119799 0.310000
v -3.230553 -0.202649 0.310000
v -3.170000 -0.280107 0.365000
v -3.230553 -0.119799 0.365000
v -3.230553 -0.202649 0.365000
v -3.170000 -0.280107 0.310000
v -3.230553 -0.202649 0.310000
v -3.230553 -0.280107 0.310000
v -3.170000 -0.280107 0.365000
v -3.230553 -0.202649 0.365000
v -3.230553 -0.280107 0.365000
v -3.450321 -0.202649 0.310000
v -3.230553 -0.202649 0.310000
v -3.230553 -0.119799 0.310000
v -3.450321 -0.202649 0.365000
v -3.230553 -0.202649 0.365000
v -3.230553 -0.119799 0.365000
v -3.230553 -0.280107 0.310000
v -3.230553 -0.202649 0.310000
v -3.230553 -0.202649 0.365000
v -3.230553 -0.280107 0.365000
v -3.230553 -0.202649 0.310000
v -3.450321 -0.202649 0.310000
v -3.450321 -0.202649 0.365000
v -3.230553 -0.202649 0.365000
v -3.450321 -0.202649 0.310000
v -3.433926 -0.282148 0.310000
v -3.433926 -0.282148 0.365000
v -3.450321 -0.202649 0.365000
v -3.433926 -0.282148 0.310000
v -3.493605 -0.282148 0.310000
v -3.493605 -0.282148 0.365000
v -3.433926 -0.282148 0.365000
v -3.493605 -0.282148 0.310000
v -3.510000 -0.203159 0.310000
v -3.510000 -0.203159 0.365000
v -3.493605 -0.282148 0.365000
v -3.510000 -0.203159 0.310000
v -3.510000 -0.119799 0.310000
v -3.510000 -0.119799 0.365000
v -3.510000 -0.203159 0.365000
v -3.510000 -0.119799 0.310000
v -3.230553 -0.119799 0.310000
v -3.230553 -0.119799 0.365000
v -3.510000 -0.119799 0.365000
v -3.230553 -0.119799 0.310000
v -3.230553 -0.042341 0.310000
v -3.230553 -0.042341 0.365000
v -3.230553 -0.119799 0.365000
v -3.230553 -0.042341 0.310000
v -3.170000 -0.042341 0.310000
v -3.170000 -0.042341 0.365000
v -3.230553 -0.042341 0.365000
v -3.170000 -0.042341 0.310000
v -3.170000 -0.280107 0.310000
v -3.170000 -0.280107 0.365000
v -3.170000 -0.042341 0.365000
v -3.170000 -0.280107 0.310000
v -3.230553 -0.280107 0.310000
v -3.230553 -0.280107 0.365000
v -3.170000 -0.280107 0.365000
v -3.493605 0.042341 0.310000
v -3.433926 0.042341 0.310000
v -3.450321 0.121839 0.310000
v -3.493605 0.042341 0.365000
v -3.433926 0.042341 0.365000
v -3.450321 0.121839 0.365000
v -3.493605 0.042341 0.310000
v -3.450321 0.121839 0.310000
v -3.510000 0.121329 0.310000
v -3.493605 0.042341 0.365000
v -3.450321 0.121839 0.365000
v -3.510000 0.121329 0.365000
v -3.510000 0.121329 0.310000
v -3.450321 0.121839 0.310000
v -3.510000 0.204690 0.310000
v -3.510000 0.121329 0.365000
v -3.450321 0.121839 0.365000
v -3.510000 0.204690 0.365000
v -3.510000 0.204690 0.310000
v -3.450321 0.121839 0.310000
v -3.230553 0.204690 0.310000
v -3.510000 0.204690 0.365000
v -3.450321 0.121839 0.365000
v -3.230553 0.204690 0.365000
v -3.230553 0.282148 0.310000
v -3.230553 0.204690 0.310000
v -3.170000 0.282148 0.310000
v -3.230553 0.282148 0.365000
v -3.230553 0.204690 0.365000
v -3.170000 0.282148 0.365000
v -3.170000 0.282148 0.310000
v -3.230553 0.204690 0.310000
v -3.230553 0.121839 0.310000
v -3.170000 0.282148 0.365000
v -3.230553 0.204690 0.365000
v -3.230553 0.121839 0.365000
v -3.170000 0.282148 0.310000
v -3.230553 0.121839 0.310000
v -3.170000 0.044381 0.310000
v -3.170000 0.282148 0.365000
v -3.230553 0.121839 0.365000
v -3.170000 0.044381 0.365000
v -3.170000 0.044381 0.310000
v -3.230553 0.121839 0.310000
v -3.230553 0.044381 0.310000
v -3.170000 0.044381 0.365000
v -3.230553 0.121839 0.365000
v -3.230553 0.044381 0.365000
v -3.450321 0.121839 0.310000
v -3.230553 0.121839 0.310000
v -3.230553 0.204690 0.310000
v -3.450321 0.121839 0.365000
v -3.230553 0.121839 0.365000
v -3.230553 0.204690 0.365000
v -3.230553 0.044381 0.310000
v -3.230553 0.121839 0.310000
v -3.230553 0.121839 0.365000
v -3.230553 0.044381 0.365000
v -3.230553 0.121839 0.310000
v -3.450321 0.121839 0.310000
v -3.450321 0.121839 0.365000
v -3.230553 0.121839 0.365000
v -3.450321 0.121839 0.310000
v -3.433926 0.042341 0.310000
v -3.433926 0.042341 0.365000
v -3.450321 0.121839 0.365000
v -3.433926 0.042341 0.310000
v -3.493605 0.042341 0.310000
v -3.493605 0.042341 0.365000
v -3.433926 0.042341 0.365000
v -3.493605 0.042341 0.310000
v -3.510000 0.121329 0.310000
v -3.510000 0.121329 0.365000
v -3.493605 0.042341 0.365000
v -3.510000 0.121329 0.310000
v -3.510000 0.204690 0.310000
v -3.510000 0.204690 0.365000
v -3.510000 0.121329 0.365000
v -3.510000 0.204690 0.310000
v -3.230553 0.204690 0.310000
v -3.230553 0.204690 0.365000
v -3.510000 0.204690 0.365000
v -3.230553 0.204690 0.310000
v -3.230553 0.282148 0.310000
v -3.230553 0.282148 0.365000
v -3.230553 0.204690 0.365000
v -3.230553 0.282148 0.310000
v -3.170000 0.282148 0.310000
v -3.170000 0.282148 0.365000
v -3.230553 0.282148 0.365000
v -3.170000 0.282148 0.310000
v -3.170000 0.044381 0.310000
v -3.170000 0.044381 0.365000
v -3.170000 0.282148 0.365000
v -3.170000 0.044381 0.310000
v -3.230553 0.044381 0.310000
v -3.230553 0.044381 0.365000
v -3.170000 0.044381 0.365000
v -3.411448 0.806186 0.310000
v -3.354690 0.787744 0.310000
v -3.345717 0.868418 0.310000
v -3.411448 0.806186 0.365000
v -3.354690 0.787744 0.365000
v -3.345717 0.868418 0.365000
v -3.411448 0.806186 0.310000
v -3.345717 0.868418 0.310000
v -3.402632 0.886375 0.310000
v -3.411448 0.806186 0.365000
v -3.345717 0.868418 0.365000
v -3.402632 0.886375 0.365000
v -3.402632 0.886375 0.310000
v -3.345717 0.868418 0.310000
v -3.376872 0.965655 0.310000
v -3.402632 0.886375 0.365000
v -3.345717 0.868418 0.365000
v -3.376872 0.965655 0.365000
v -3.376872 0.965655 0.310000
v -3.345717 0.868418 0.310000
v -3.111102 0.879301 0.310000
v -3.376872 0.965655 0.365000
v -3.345717 0.868418 0.365000
v -3.111102 0.879301 0.365000
v -3.087166 0.952968 0.310000
v -3.111102 0.879301 0.310000
v -3.029577 0.934257 0.310000
v -3.087166 0.952968 0.365000
v -3.111102 0.879301 0.365000
v -3.029577 0.934257 0.365000
v -3.029577 0.934257 0.310000
v -3.111102 0.879301 0.310000
v -3.103051 0.708127 0.310000
v -3.029577 0.934257 0.365000
v -3.111102 0.879301 0.365000
v -3.103051 0.708127 0.365000
v -3.103051 0.708127 0.310000
v -3.111102 0.879301 0.310000
v -3.136704 0.800506 0.310000
v -3.103051 0.708127 0.365000
v -3.111102 0.879301 0.365000
v -3.136704 0.800506 0.365000
v -3.103051 0.708127 0.310000
v -3.136704 0.800506 0.310000
v -3.160640 0.726839 0.310000
v -3.103051 0.708127 0.365000
v -3.136704 0.800506 0.365000
v -3.160640 0.726839 0.365000
v -3.345717 0.868418 0.310000
v -3.136704 0.800506 0.310000
v -3.111102 0.879301 0.310000
v -3.345717 0.868418 0.365000
v -3.136704 0.800506 0.365000
v -3.111102 0.879301 0.365000
v -3.136704 0.800506 0.310000
v -3.345717 0.868418 0.310000
v -3.345717 0.868418 0.365000
v -3.136704 0.800506 0.365000
v -3.345717 0.868418 0.310000
v -3.354690 0.787744 0.310000
v -3.354690 0.787744 0.365000
v -3.345717 0.868418 0.365000
v -3.354690 0.787744 0.310000
v -3.411448 0.806186 0.310000
v -3.411448 0.806186 0.365000
v -3.354690 0.787744 0.365000
v -3.411448 0.806186 0.310000
v -3.402632 0.886375 0.310000
v -3.402632 0.886375 0.365000
v -3.411448 0.806186 0.365000
v -3.402632 0.886375 0.310000
v -3.376872 0.965655 0.310000
v -3.376872 0.965655 0.365000
v -3.402632 0.886375 0.365000
v -3.376872 0.965655 0.310000
v -3.111102 0.879301 0.310000
v -3.111102 0.879301 0.365000
v -3.376872 0.965655 0.365000
v -3.111102 0.879301 0.310000
v -3.087166 0.952968 0.310000
v -3.087166 0.952968 0.365000
v -3.111102 0.879301 0.365000
v -3.087166 0.952968 0.310000
v -3.029577 0.934257 0.310000
v -3.029577 0.934257 0.365000
v -3.087166 0.952968 0.365000
v -3.029577 0.934257 0.310000
v -3.103051 0.708127 0.310000
v -3.103051 0.708127 0.365000
v -3.029577 0.934257 0.365000
v -3.103051 0.708127 0.310000
v -3.160640 0.726839 0.310000
v -3.160640 0.726839 0.365000
v -3.103051 0.708127 0.365000
v -3.160640 0.726839 0.310000
v -3.136704 0.800506 0.310000
v -3.136704 0.800506 0.365000
v -3.160640 0.726839 0.365000
v -3.294478 1.219237 0.310000
v -3.143537 1.027072 0.310000
v -3.221297 1.210782 0.310000
v -3.294478 1.219237 0.365000
v -3.143537 1.027072 0.365000
v -3.221297 1.210782 0.365000
v -3.294478 1.219237 0.310000
v -3.221297 1.210782 0.310000
v -3.264350 1.311962 0.310000
v -3.294478 1.219237 0.365000
v -3.221297 1.210782 0.365000
v -3.264350 1.311962 0.365000
v -3.264350 1.311962 0.310000
v -3.221297 1.210782 0.310000
v -3.060328 1.245671 0.310000
v -3.264350 1.311962 0.365000
v -3.221297 1.210782 0.365000
v -3.060328 1.245671 0.365000
v -3.045354 1.291756 0.310000
v -3.060328 1.245671 0.310000
v -2.984923 1.272121 0.310000
v -3.045354 1.291756 0.365000
v -3.060328 1.245671 0.365000
v -2.984923 1.272121 0.365000
v -2.940991 1.206896 0.310000
v -2.999897 1.226036 0.310000
v -2.966616 1.128031 0.310000
v -2.940991 1.206896 0.365000
v -2.999897 1.226036 0.365000
v -2.966616 1.128031 0.365000
v -2.966616 1.128031 0.310000
v -2.999897 1.226036 0.310000
v -3.025522 1.147171 0.310000
v -2.966616 1.128031 0.365000
v -2.999897 1.226036 0.365000
v -3.025522 1.147171 0.365000
v -3.072087 1.003856 0.310000
v -3.025522 1.147171 0.310000
v -3.115630 1.075467 0.310000
v -3.072087 1.003856 0.365000
v -3.025522 1.147171 0.365000
v -3.115630 1.075467 0.365000
v -3.072087 1.003856 0.310000
v -3.115630 1.075467 0.310000
v -3.143537 1.027072 0.310000
v -3.072087 1.003856 0.365000
v -3.115630 1.075467 0.365000
v -3.143537 1.027072 0.365000
v -3.143537 1.027072 0.310000
v -3.115630 1.075467 0.310000
v -3.221297 1.210782 0.310000
v -3.143537 1.027072 0.365000
v -3.115630 1.075467 0.365000
v -3.221297 1.210782 0.365000
v -3.221297 1.210782 0.310000
v -3.085952 1.166806 0.310000
v -3.060328 1.245671 0.310000
v -3.221297 1.210782 0.365000
v -3.085952 1.166806 0.365000
v -3.060328 1.245671 0.365000
v -3.060328 1.245671 0.310000
v -3.085952 1.166806 0.310000
v -2.999897 1.226036 0.310000
v -3.060328 1.245671 0.365000
v -3.085952 1.166806 0.365000
v -2.999897 1.226036 0.365000
v -3.060328 1.245671 0.310000
v -2.999897 1.226036 0.310000
v -2.984923 1.272121 0.310000
v -3.060328 1.245671 0.365000
v -2.999897 1.226036 0.365000
v -2.984923 1.272121 0.365000
v -2.999897 1.226036 0.310000
v -3.085952 1.166806 0.310000
v -3.025522 1.147171 0.310000
v -2.999897 1.226036 0.365000
v -3.085952 1.166806 0.365000
v -3.025522 1.147171 0.365000
v -3.025522 1.147171 0.310000
v -3.085952 1.166806 0.310000
v -3.115630 1.075467 0.310000
v -3.025522 1.147171 0.365000
v -3.085952 1.166806 0.365000
v -3.115630 1.075467 0.365000
v -3.264350 1.311962 0.310000
v -3.060328 1.245671 0.310000
v -3.060328 1.245671 0.365000
v -3.264350 1.311962 0.365000
v -3.060328 1.245671 0.310000
v -3.045354 1.291756 0.310000
v -3.045354 1.291756 0.365000
v -3.060328 1.245671 0.365000
v -3.045354 1.291756 0.310000
v -2.984923 1.272121 0.310000
v -2.984923 1.272121 0.365000
v -3.045354 1.291756 0.365000
v -2.984923 1.272121 0.310000
v -2.999897 1.226036 0.310000
v -2.999897 1.226036 0.365000
v -2.984923 1.272121 0.365000
v -2.999897 1.226036 0.310000
v -2.940991 1.206896 0.310000
v -2.940991 1.206896 0.365000
v -2.999897 1.226036 0.365000
v -2.940991 1.206896 0.310000
v -2.966616 1.128031 0.310000
v -2.966616 1.128031 0.365000
v -2.940991 1.206896 0.365000
v -2.966616 1.128031 0.310000
v -3.025522 1.147171 0.310000
v -3.025522 1.147171 0.365000
v -2.966616 1.128031 0.365000
v -3.025522 1.147171 0.310000
v -3.072087 1.003856 0.310000
v -3.072087 1.003856 0.365000
v -3.025522 1.147171 0.365000
v -3.072087 1.003856 0.310000
v -3.143537 1.027072 0.310000
v -3.143537 1.027072 0.365000
v -3.072087 1.003856 0.365000
v -3.143537 1.027072 0.310000
v -3.294478 1.219237 0.310000
v -3.294478 1.219237 0.365000
v -3.143537 1.027072 0.365000
v -3.294478 1.219237 0.310000
v -3.264350 1.311962 0.310000
v -3.264350 1.311962 0.365000
v -3.294478 1.219237 0.365000
v -3.115630 1.075467 0.310000
v -3.085952 1.166806 0.310000
v -3.085952 1.166806 0.365000
v -3.115630 1.075467 0.365000
v -3.085952 1.166806 0.310000
v -3.221297 1.210782 0.310000
v -3.221297 1.210782 0.365000
v -3.085952 1.166806 0.365000
v -3.221297 1.210782 0.310000
v -3.115630 1.075467 0.310000
v -3.115630 1.075467 0.365000
v -3.221297 1.210782 0.365000
v -2.870402 1.966604 0.310000
v -2.855508 1.923905 0.310000
v -2.797446 1.975378 0.310000
v -2.870402 1.966604 0.365000
v -2.855508 1.923905 0.365000
v -2.797446 1.975378 0.365000
v -2.870402 1.966604 0.310000
v -2.797446 1.975378 0.310000
v -2.807081 1.992744 0.310000
v -2.870402 1.966604 0.365000
v -2.797446 1.975378 0.365000
v -2.807081 1.992744 0.365000
v -2.870402 1.966604 0.310000
v -2.807081 1.992744 0.310000
v -2.866077 2.013203 0.310000
v -2.870402 1.966604 0.365000
v -2.807081 1.992744 0.365000
v -2.866077 2.013203 0.365000
v -2.866077 2.013203 0.310000
v -2.807081 1.992744 0.310000
v -2.807719 2.010439 0.310000
v -2.866077 2.013203 0.365000
v -2.807081 1.992744 0.365000
v -2.807719 2.010439 0.365000
v -2.866077 2.013203 0.310000
v -2.807719 2.010439 0.310000
v -2.841985 2.059912 0.310000
v -2.866077 2.013203 0.365000
v -2.807719 2.010439 0.365000
v -2.841985 2.059912 0.365000
v -2.841985 2.059912 0.310000
v -2.807719 2.010439 0.310000
v -2.799224 2.028323 0.310000
v -2.841985 2.059912 0.365000
v -2.807719 2.010439 0.365000
v -2.799224 2.028323 0.365000
v -2.841985 2.059912 0.310000
v -2.799224 2.028323 0.310000
v -2.784841 2.041928 0.310000
v -2.841985 2.059912 0.365000
v -2.799224 2.028323 0.365000
v -2.784841 2.041928 0.365000
v -2.841985 2.059912 0.310000
v -2.784841 2.041928 0.310000
v -2.799754 2.099614 0.310000
v -2.841985 2.059912 0.365000
v -2.784841 2.041928 0.365000
v -2.799754 2.099614 0.365000
v -2.799754 2.099614 0.310000
v -2.784841 2.041928 0.310000
v -2.767814 2.046790 0.310000
v -2.799754 2.099614 0.365000
v -2.784841 2.041928 0.365000
v -2.767814 2.046790 0.365000
v -2.799754 2.099614 0.310000
v -2.767814 2.046790 0.310000
v -2.748536 2.114837 0.310000
v -2.799754 2.099614 0.365000
v -2.767814 2.046790 0.365000
v -2.748536 2.114837 0.365000
v -2.748536 2.114837 0.310000
v -2.767814 2.046790 0.310000
v -2.748321 2.042992 0.310000
v -2.748536 2.114837 0.365000
v -2.767814 2.046790 0.365000
v -2.748321 2.042992 0.365000
v -2.748536 2.114837 0.310000
v -2.748321 2.042992 0.310000
v -2.690795 2.105481 0.310000
v -2.748536 2.114837 0.365000
v -2.748321 2.042992 0.365000
v -2.690795 2.105481 0.365000
v -2.690795 2.105481 0.310000
v -2.748321 2.042992 0.310000
v -2.726425 2.030539 0.310000
v -2.690795 2.105481 0.365000
v -2.748321 2.042992 0.365000
v -2.726425 2.030539 0.365000
v -2.690795 2.105481 0.310000
v -2.726425 2.030539 0.310000
v -2.707659 2.013449 0.310000
v -2.690795 2.105481 0.365000
v -2.726425 2.030539 0.365000
v -2.707659 2.013449 0.365000
v -2.690795 2.105481 0.310000
v -2.707659 2.013449 0.310000
v -2.628880 2.071362 0.310000
v -2.690795 2.105481 0.365000
v -2.707659 2.013449 0.365000
v -2.628880 2.071362 0.365000
v -2.628880 2.071362 0.310000
v -2.707659 2.013449 0.310000
v -2.647322 1.985323 0.310000
v -2.628880 2.071362 0.365000
v -2.707659 2.013449 0.365000
v -2.647322 1.985323 0.365000
v -2.628880 2.071362 0.310000
v -2.647322 1.985323 0.310000
v -2.576157 2.020344 0.310000
v -2.628880 2.071362 0.365000
v -2.647322 1.985323 0.365000
v -2.576157 2.020344 0.365000
v -2.549633 1.962937 0.310000
v -2.576157 2.020344 0.310000
v -2.622766 1.957508 0.310000
v -2.549633 1.962937 0.365000
v -2.576157 2.020344 0.365000
v -2.622766 1.957508 0.365000
v -2.549633 1.962937 0.310000
v -2.622766 1.957508 0.310000
v -2.611508 1.928619 0.310000
v -2.549633 1.962937 0.365000
v -2.622766 1.957508 0.365000
v -2.611508 1.928619 0.365000
v -2.549633 1.962937 0.310000
v -2.611508 1.928619 0.310000
v -2.550063 1.903035 0.310000
v -2.549633 1.962937 0.365000
v -2.611508 1.928619 0.365000
v -2.550063 1.903035 0.365000
v -2.550063 1.903035 0.310000
v -2.611508 1.928619 0.310000
v -2.613652 1.898929 0.310000
v -2.550063 1.903035 0.365000
v -2.611508 1.928619 0.365000
v -2.613652 1.898929 0.365000
v -2.550063 1.903035 0.310000
v -2.613652 1.898929 0.310000
v -2.578286 1.844420 0.310000
v -2.550063 1.903035 0.365000
v -2.613652 1.898929 0.365000
v -2.578286 1.844420 0.365000
v -2.578286 1.844420 0.310000
v -2.613652 1.898929 0.310000
v -2.629192 1.868628 0.310000
v -2.578286 1.844420 0.365000
v -2.613652 1.898929 0.365000
v -2.629192 1.868628 0.365000
v -2.578286 1.844420 0.310000
v -2.629192 1.868628 0.310000
v -2.592251 1.826665 0.310000
v -2.578286 1.844420 0.365000
v -2.629192 1.868628 0.365000
v -2.592251 1.826665 0.365000
v -2.592251 1.826665 0.310000
v -2.629192 1.868628 0.310000
v -2.640798 1.854657 0.310000
v -2.592251 1.826665 0.365000
v -2.629192 1.868628 0.365000
v -2.640798 1.854657 0.365000
v -2.592251 1.826665 0.310000
v -2.640798 1.854657 0.310000
v -2.607031 1.810718 0.310000
v -2.592251 1.826665 0.365000
v -2.640798 1.854657 0.365000
v -2.607031 1.810718 0.365000
v -2.607031 1.810718 0.310000
v -2.640798 1.854657 0.310000
v -2.654455 1.841871 0.310000
v -2.607031 1.810718 0.365000
v -2.640798 1.854657 0.365000
v -2.654455 1.841871 0.365000
v -2.607031 1.810718 0.310000
v -2.654455 1.841871 0.310000
v -2.622724 1.796326 0.310000
v -2.607031 1.810718 0.365000
v -2.654455 1.841871 0.365000
v -2.622724 1.796326 0.365000
v -2.622724 1.796326 0.310000
v -2.654455 1.841871 0.310000
v -2.670322 1.830082 0.310000
v -2.622724 1.796326 0.365000
v -2.654455 1.841871 0.365000
v -2.670322 1.830082 0.365000
v -2.622724 1.796326 0.310000
v -2.670322 1.830082 0.310000
v -2.639543 1.783317 0.310000
v -2.622724 1.796326 0.365000
v -2.670322 1.830082 0.365000
v -2.639543 1.783317 0.365000
v -2.639543 1.783317 0.310000
v -2.670322 1.830082 0.310000
v -2.688639 1.818987 0.310000
v -2.639543 1.783317 0.365000
v -2.670322 1.830082 0.365000
v -2.688639 1.818987 0.365000
v -2.821947 1.888895 0.310000
v -2.782423 1.869719 0.310000
v -2.756783 1.945835 0.310000
v -2.821947 1.888895 0.365000
v -2.782423 1.869719 0.365000
v -2.756783 1.945835 0.365000
v -2.821947 1.888895 0.310000
v -2.756783 1.945835 0.310000
v -2.778836 1.958402 0.310000
v -2.821947 1.888895 0.365000
v -2.756783 1.945835 0.365000
v -2.778836 1.958402 0.365000
v -2.821947 1.888895 0.310000
v -2.778836 1.958402 0.310000
v -2.855508 1.923905 0.310000
v -2.821947 1.888895 0.365000
v -2.778836 1.958402 0.365000
v -2.855508 1.923905 0.365000
v -2.855508 1.923905 0.310000
v -2.778836 1.958402 0.310000
v -2.797446 1.975378 0.310000
v -2.855508 1.923905 0.365000
v -2.778836 1.958402 0.365000
v -2.797446 1.975378 0.365000
v -2.707659 2.013449 0.310000
v -2.698009 1.996073 0.310000
v -2.647322 1.985323 0.310000
v -2.707659 2.013449 0.365000
v -2.698009 1.996073 0.365000
v -2.647322 1.985323 0.365000
v -2.647322 1.985323 0.310000
v -2.698009 1.996073 0.310000
v -2.697499 1.978471 0.310000
v -2.647322 1.985323 0.365000
v -2.698009 1.996073 0.365000
v -2.697499 1.978471 0.365000
v -2.647322 1.985323 0.310000
v -2.697499 1.978471 0.310000
v -2.648619 1.967208 0.310000
v -2.647322 1.985323 0.365000
v -2.697499 1.978471 0.365000
v -2.648619 1.967208 0.365000
v -2.647322 1.985323 0.310000
v -2.622766 1.957508 0.310000
v -2.576157 2.020344 0.310000
v -2.647322 1.985323 0.365000
v -2.622766 1.957508 0.365000
v -2.576157 2.020344 0.365000
v -2.782423 1.869719 0.310000
v -2.741336 1.868486 0.310000
v -2.756783 1.945835 0.310000
v -2.782423 1.869719 0.365000
v -2.741336 1.868486 0.365000
v -2.756783 1.945835 0.365000
v -2.756783 1.945835 0.310000
v -2.741336 1.868486 0.310000
v -2.737276 1.942027 0.310000
v -2.756783 1.945835 0.365000
v -2.741336 1.868486 0.365000
v -2.737276 1.942027 0.365000
v -2.706037 1.960618 0.310000
v -2.720377 1.946982 0.310000
v -2.669872 1.916959 0.310000
v -2.706037 1.960618 0.365000
v -2.720377 1.946982 0.365000
v -2.669872 1.916959 0.365000
v -2.706037 1.960618 0.310000
v -2.669872 1.916959 0.310000
v -2.659780 1.933182 0.310000
v -2.706037 1.960618 0.365000
v -2.669872 1.916959 0.365000
v -2.659780 1.933182 0.365000
v -2.706037 1.960618 0.310000
v -2.659780 1.933182 0.310000
v -2.652734 1.949880 0.310000
v -2.706037 1.960618 0.365000
v -2.659780 1.933182 0.365000
v -2.652734 1.949880 0.365000
v -2.706037 1.960618 0.310000
v -2.652734 1.949880 0.310000
v -2.697499 1.978471 0.310000
v -2.706037 1.960618 0.365000
v -2.652734 1.949880 0.365000
v -2.697499 1.978471 0.365000
v -2.697499 1.978471 0.310000
v -2.652734 1.949880 0.310000
v -2.648619 1.967208 0.310000
v -2.697499 1.978471 0.365000
v -2.652734 1.949880 0.365000
v -2.648619 1.967208 0.365000
v -2.669872 1.916959 0.310000
v -2.720377 1.946982 0.310000
v -2.702535 1.884474 0.310000
v -2.669872 1.916959 0.365000
v -2.720377 1.946982 0.365000
v -2.702535 1.884474 0.365000
v -2.702535 1.884474 0.310000
v -2.720377 1.946982 0.310000
v -2.737276 1.942027 0.310000
v -2.702535 1.884474 0.365000
v -2.720377 1.946982 0.365000
v -2.737276 1.942027 0.365000
v -2.702535 1.884474 0.310000
v -2.737276 1.942027 0.310000
v -2.741336 1.868486 0.310000
v -2.702535 1.884474 0.365000
v -2.737276 1.942027 0.365000
v -2.741336 1.868486 0.365000
v -2.688639 1.818987 0.310000
v -2.670322 1.830082 0.310000
v -2.670322 1.830082 0.365000
v -2.688639 1.818987 0.365000
v -2.670322 1.830082 0.310000
v -2.654455 1.841871 0.310000
v -2.654455 1.841871 0.365000
v -2.670322 1.830082 0.365000
v -2.654455 1.841871 0.310000
v -2.640798 1.854657 0.310000
v -2.640798 1.854657 0.365000
v -2.654455 1.841871 0.365000
v -2.640798 1.854657 0.310000
v -2.629192 1.868628 0.310000
v -2.629192 1.868628 0.365000
v -2.640798 1.854657 0.365000
v -2.629192 1.868628 0.310000
v -2.613652 1.898929 0.310000
v -2.613652 1.898929 0.365000
v -2.629192 1.868628 0.365000
v -2.613652 1.898929 0.310000
v -2.611508 1.928619 0.310000
v -2.611508 1.928619 0.365000
v -2.613652 1.898929 0.365000
v -2.611508 1.928619 0.310000
v -2.622766 1.957508 0.310000
v -2.622766 1.957508 0.365000
v -2.611508 1.928619 0.365000
v -2.622766 1.957508 0.310000
v -2.647322 1.985323 0.310000
v -2.647322 1.985323 0.365000
v -2.622766 1.957508 0.365000
v -2.647322 1.985323 0.310000
v -2.648619 1.967208 0.310000
v -2.648619 1.967208 0.365000
v -2.647322 1.985323 0.365000
v -2.648619 1.967208 0.310000
v -2.652734 1.949880 0.310000
v -2.652734 1.949880 0.365000
v -2.648619 1.967208 0.365000
v -2.652734 1.949880 0.310000
v -2.659780 1.933182 0.310000
v -2.659780 1.933182 0.365000
v -2.652734 1.949880 0.365000
v -2.659780 1.933182 0.310000
v -2.669872 1.916959 0.310000
v -2.669872 1.916959 0.365000
v -2.659780 1.933182 0.365000
v -2.669872 1.916959 0.310000
v -2.702535 1.884474 0.310000
v -2.702535 1.884474 0.365000
v -2.669872 1.916959 0.365000
v -2.702535 1.884474 0.310000
v -2.741336 1.868486 0.310000
v -2.741336 1.868486 0.365000
v -2.702535 1.884474 0.365000
v -2.741336 1.868486 0.310000
v -2.782423 1.869719 0.310000
v -2.782423 1.869719 0.365000
v -2.741336 1.868486 0.365000
v -2.782423 1.869719 0.310000
v -2.821947 1.888895 0.310000
v -2.821947 1.888895 0.365000
v -2.782423 1.869719 0.365000
v -2.821947 1.888895 0.310000
v -2.855508 1.923905 0.310000
v -2.855508 1.923905 0.365000
v -2.821947 1.888895 0.365000
v -2.855508 1.923905 0.310000
v -2.870402 1.966604 0.310000
v -2.870402 1.966604 0.365000
v -2.855508 1.923905 0.365000
v -2.870402 1.966604 0.310000
v -2.866077 2.013203 0.310000
v -2.866077 2.013203 0.365000
v -2.870402 1.966604 0.365000
v -2.866077 2.013203 0.310000
v -2.841985 2.059912 0.310000
v -2.841985 2.059912 0.365000
v -2.866077 2.013203 0.365000
v -2.841985 2.059912 0.310000
v -2.799754 2.099614 0.310000
v -2.799754 2.099614 0.365000
v -2.841985 2.059912 0.365000
v -2.799754 2.099614 0.310000
v -2.748536 2.114837 0.310000
v -2.748536 2.114837 0.365000
v -2.799754 2.099614 0.365000
v -2.748536 2.114837 0.310000
v -2.690795 2.105481 0.310000
v -2.690795 2.105481 0.365000
v -2.748536 2.114837 0.365000
v -2.690795 2.105481 0.310000
v -2.628880 2.071362 0.310000
v -2.628880 2.071362 0.365000
v -2.690795 2.105481 0.365000
v -2.628880 2.071362 0.310000
v -2.576157 2.020344 0.310000
v -2.576157 2.020344 0.365000
v -2.628880 2.071362 0.365000
v -2.576157 2.020344 0.310000
v -2.549633 1.962937 0.310000
v -2.549633 1.962937 0.365000
v -2.576157 2.020344 0.365000
v -2.549633 1.962937 0.310000
v -2.550063 1.903035 0.310000
v -2.550063 1.903035 0.365000
v -2.549633 1.962937 0.365000
v -2.550063 1.903035 0.310000
v -2.578286 1.844420 0.310000
v -2.578286 1.844420 0.365000
v -2.550063 1.903035 0.365000
v -2.578286 1.844420 0.310000
v -2.592251 1.826665 0.310000
v -2.592251 1.826665 0.365000
v -2.578286 1.844420 0.365000
v -2.592251 1.826665 0.310000
v -2.607031 1.810718 0.310000
v -2.607031 1.810718 0.365000
v -2.592251 1.826665 0.365000
v -2.607031 1.810718 0.310000
v -2.622724 1.796326 0.310000
v -2.622724 1.796326 0.365000
v -2.607031 1.810718 0.365000
v -2.622724 1.796326 0.310000
v -2.639543 1.783317 0.310000
v -2.639543 1.783317 0.365000
v -2.622724 1.796326 0.365000
v -2.639543 1.783317 0.310000
v -2.688639 1.818987 0.310000
v -2.688639 1.818987 0.365000
v -2.639543 1.783317 0.365000
v -2.697499 1.978471 0.310000
v -2.698009 1.996073 0.310000
v -2.698009 1.996073 0.365000
v -2.697499 1.978471 0.365000
v -2.698009 1.996073 0.310000
v -2.707659 2.013449 0.310000
v -2.707659 2.013449 0.365000
v -2.698009 1.996073 0.365000
v -2.707659 2.013449 0.310000
v -2.726425 2.030539 0.310000
v -2.726425 2.030539 0.365000
v -2.707659 2.013449 0.365000
v -2.726425 2.030539 0.310000
v -2.748321 2.042992 0.310000
v -2.748321 2.042992 0.365000
v -2.726425 2.030539 0.365000
v -2.748321 2.042992 0.310000
v -2.767814 2.046790 0.310000
v -2.767814 2.046790 0.365000
v -2.748321 2.042992 0.365000
v -2.767814 2.046790 0.310000
v -2.784841 2.041928 0.310000
v -2.784841 2.041928 0.365000
v -2.767814 2.046790 0.365000
v -2.784841 2.041928 0.310000
v -2.799224 2.028323 0.310000
v -2.799224 2.028323 0.365000
v -2.784841 2.041928 0.365000
v -2.799224 2.028323 0.310000
v -2.807719 2.010439 0.310000
v -2.807719 2.010439 0.365000
v -2.799224 2.028323 0.365000
v -2.807719 2.010439 0.310000
v -2.807081 1.992744 0.310000
v -2.807081 1.992744 0.365000
v -2.807719 2.010439 0.365000
v -2.807081 1.992744 0.310000
v -2.797446 1.975378 0.310000
v -2.797446 1.975378 0.365000
v -2.807081 1.992744 0.365000
v -2.797446 1.975378 0.310000
v -2.778836 1.958402 0.310000
v -2.778836 1.958402 0.365000
v -2.797446 1.975378 0.365000
v -2.778836 1.958402 0.310000
v -2.756783 1.945835 0.310000
v -2.756783 1.945835 0.365000
v -2.778836 1.958402 0.365000
v -2.756783 1.945835 0.310000
v -2.737276 1.942027 0.310000
v -2.737276 1.942027 0.365000
v -2.756783 1.945835 0.365000
v -2.737276 1.942027 0.310000
v -2.720377 1.946982 0.310000
v -2.720377 1.946982 0.365000
v -2.737276 1.942027 0.365000
v -2.720377 1.946982 0.310000
v -2.706037 1.960618 0.310000
v -2.706037 1.960618 0.365000
v -2.720377 1.946982 0.365000
v -2.706037 1.960618 0.310000
v -2.697499 1.978471 0.310000
v -2.697499 1.978471 0.365000
v -2.706037 1.960618 0.365000
v -2.270993 2.661287 0.310000
v -2.236535 2.613860 0.310000
v -2.182823 2.672791 0.310000
v -2.270993 2.661287 0.365000
v -2.236535 2.613860 0.365000
v -2.182823 2.672791 0.365000
v -2.270993 2.661287 0.310000
v -2.182823 2.672791 0.310000
v -2.217686 2.719923 0.310000
v -2.270993 2.661287 0.365000
v -2.182823 2.672791 0.365000
v -2.217686 2.719923 0.365000
v -2.217686 2.719923 0.310000
v -2.182823 2.672791 0.310000
v -2.151439 2.768055 0.310000
v -2.217686 2.719923 0.365000
v -2.182823 2.672791 0.365000
v -2.151439 2.768055 0.365000
v -2.151439 2.768055 0.310000
v -2.182823 2.672791 0.310000
v -1.990089 2.545975 0.310000
v -2.151439 2.768055 0.365000
v -2.182823 2.672791 0.365000
v -1.990089 2.545975 0.365000
v -1.928532 2.590699 0.310000
v -1.990089 2.545975 0.310000
v -1.893569 2.542577 0.310000
v -1.928532 2.590699 0.365000
v -1.990089 2.545975 0.365000
v -1.893569 2.542577 0.365000
v -1.893569 2.542577 0.310000
v -1.990089 2.545975 0.310000
v -2.082525 2.405293 0.310000
v -1.893569 2.542577 0.365000
v -1.990089 2.545975 0.365000
v -2.082525 2.405293 0.365000
v -2.082525 2.405293 0.310000
v -1.990089 2.545975 0.310000
v -2.055931 2.498138 0.310000
v -2.082525 2.405293 0.365000
v -1.990089 2.545975 0.365000
v -2.055931 2.498138 0.365000
v -2.082525 2.405293 0.310000
v -2.055931 2.498138 0.310000
v -2.117487 2.453415 0.310000
v -2.082525 2.405293 0.365000
v -2.055931 2.498138 0.365000
v -2.117487 2.453415 0.365000
v -2.182823 2.672791 0.310000
v -2.055931 2.498138 0.310000
v -1.990089 2.545975 0.310000
v -2.182823 2.672791 0.365000
v -2.055931 2.498138 0.365000
v -1.990089 2.545975 0.365000
v -2.117487 2.453415 0.310000
v -2.055931 2.498138 0.310000
v -2.055931 2.498138 0.365000
v -2.117487 2.453415 0.365000
v -2.055931 2.498138 0.310000
v -2.182823 2.672791 0.310000
v -2.182823 2.672791 0.365000
v -2.055931 2.498138 0.365000
v -2.182823 2.672791 0.310000
v -2.236535 2.613860 0.310000
v -2.236535 2.613860 0.365000
v -2.182823 2.672791 0.365000
v -2.236535 2.613860 0.310000
v -2.270993 2.661287 0.310000
v -2.270993 2.661287 0.365000
v -2.236535 2.613860 0.365000
v -2.270993 2.661287 0.310000
v -2.217686 2.719923 0.310000
v -2.217686 2.719923 0.365000
v -2.270993 2.661287 0.365000
v -2.217686 2.719923 0.310000
v -2.151439 2.768055 0.310000
v -2.151439 2.768055 0.365000
v -2.217686 2.719923 0.365000
v -2.151439 2.768055 0.310000
v -1.990089 2.545975 0.310000
v -1.990089 2.545975 0.365000
v -2.151439 2.768055 0.365000
v -1.990089 2.545975 0.310000
v -1.928532 2.590699 0.310000
v -1.928532 2.590699 0.365000
v -1.990089 2.545975 0.365000
v -1.928532 2.590699 0.310000
v -1.893569 2.542577 0.310000
v -1.893569 2.542577 0.365000
v -1.928532 2.590699 0.365000
v -1.893569 2.542577 0.310000
v -2.082525 2.405293 0.310000
v -2.082525 2.405293 0.365000
v -1.893569 2.542577 0.365000
v -2.082525 2.405293 0.310000
v -2.117487 2.453415 0.310000
v -2.117487 2.453415 0.365000
v -2.082525 2.405293 0.365000
v -2.026304 2.842071 0.310000
v -1.983180 2.782715 0.310000
v -1.970569 2.810324 0.310000
v -2.026304 2.842071 0.365000
v -1.983180 2.782715 0.365000
v -1.970569 2.810324 0.365000
v -2.026304 2.842071 0.310000
v -1.970569 2.810324 0.310000
v -2.007888 2.865891 0.310000
v -2.026304 2.842071 0.365000
v -1.970569 2.810324 0.365000
v -2.007888 2.865891 0.365000
v -2.007888 2.865891 0.310000
v -1.970569 2.810324 0.310000
v -1.956837 2.833528 0.310000
v -2.007888 2.865891 0.365000
v -1.970569 2.810324 0.365000
v -1.956837 2.833528 0.365000
v -2.007888 2.865891 0.310000
v -1.956837 2.833528 0.310000
v -1.988387 2.887669 0.310000
v -2.007888 2.865891 0.365000
v -1.956837 2.833528 0.365000
v -1.988387 2.887669 0.365000
v -1.988387 2.887669 0.310000
v -1.956837 2.833528 0.310000
v -1.942006 2.852267 0.310000
v -1.988387 2.887669 0.365000
v -1.956837 2.833528 0.365000
v -1.942006 2.852267 0.365000
v -1.988387 2.887669 0.310000
v -1.942006 2.852267 0.310000
v -1.967869 2.907288 0.310000
v -1.988387 2.887669 0.365000
v -1.942006 2.852267 0.365000
v -1.967869 2.907288 0.365000
v -1.967869 2.907288 0.310000
v -1.942006 2.852267 0.310000
v -1.926214 2.866395 0.310000
v -1.967869 2.907288 0.365000
v -1.942006 2.852267 0.365000
v -1.926214 2.866395 0.365000
v -1.967869 2.907288 0.310000
v -1.926214 2.866395 0.310000
v -1.946321 2.924514 0.310000
v -1.967869 2.907288 0.365000
v -1.926214 2.866395 0.365000
v -1.946321 2.924514 0.365000
v -1.946321 2.924514 0.310000
v -1.926214 2.866395 0.310000
v -1.905030 2.877362 0.310000
v -1.946321 2.924514 0.365000
v -1.926214 2.866395 0.365000
v -1.905030 2.877362 0.365000
v -1.946321 2.924514 0.310000
v -1.905030 2.877362 0.310000
v -1.899327 2.950495 0.310000
v -1.946321 2.924514 0.365000
v -1.905030 2.877362 0.365000
v -1.899327 2.950495 0.365000
v -1.899327 2.950495 0.310000
v -1.905030 2.877362 0.310000
v -1.883865 2.879468 0.310000
v -1.899327 2.950495 0.365000
v -1.905030 2.877362 0.365000
v -1.883865 2.879468 0.365000
v -1.899327 2.950495 0.310000
v -1.883865 2.879468 0.310000
v -1.855399 2.957924 0.310000
v -1.899327 2.950495 0.365000
v -1.883865 2.879468 0.365000
v -1.855399 2.957924 0.365000
v -1.855399 2.957924 0.310000
v -1.883865 2.879468 0.310000
v -1.864549 2.872975 0.310000
v -1.855399 2.957924 0.365000
v -1.883865 2.879468 0.365000
v -1.864549 2.872975 0.365000
v -1.855399 2.957924 0.310000
v -1.864549 2.872975 0.310000
v -1.816693 2.947028 0.310000
v -1.855399 2.957924 0.365000
v -1.864549 2.872975 0.365000
v -1.816693 2.947028 0.365000
v -1.816693 2.947028 0.310000
v -1.864549 2.872975 0.310000
v -1.785278 2.917916 0.310000
v -1.816693 2.947028 0.365000
v -1.864549 2.872975 0.365000
v -1.785278 2.917916 0.365000
v -1.785278 2.917916 0.310000
v -1.864549 2.872975 0.310000
v -1.848911 2.858148 0.310000
v -1.785278 2.917916 0.365000
v -1.864549 2.872975 0.365000
v -1.848911 2.858148 0.365000
v -1.785278 2.917916 0.310000
v -1.848911 2.858148 0.310000
v -1.772637 2.894519 0.310000
v -1.785278 2.917916 0.365000
v -1.848911 2.858148 0.365000
v -1.772637 2.894519 0.365000
v -1.642412 2.725053 0.310000
v -1.679605 2.776244 0.310000
v -1.798491 2.689868 0.310000
v -1.642412 2.725053 0.365000
v -1.679605 2.776244 0.365000
v -1.798491 2.689868 0.365000
v -1.642412 2.725053 0.310000
v -1.798491 2.689868 0.310000
v -1.838780 2.582383 0.310000
v -1.642412 2.725053 0.365000
v -1.798491 2.689868 0.365000
v -1.838780 2.582383 0.365000
v -1.838780 2.582383 0.310000
v -1.798491 2.689868 0.310000
v -1.875973 2.633575 0.310000
v -1.838780 2.582383 0.365000
v -1.798491 2.689868 0.365000
v -1.875973 2.633575 0.365000
v -1.875973 2.633575 0.310000
v -1.798491 2.689868 0.310000
v -1.840632 2.792320 0.310000
v -1.875973 2.633575 0.365000
v -1.798491 2.689868 0.365000
v -1.840632 2.792320 0.365000
v -1.848911 2.858148 0.310000
v -1.841727 2.844942 0.310000
v -1.766772 2.868455 0.310000
v -1.848911 2.858148 0.365000
v -1.841727 2.844942 0.365000
v -1.766772 2.868455 0.365000
v -1.848911 2.858148 0.310000
v -1.766772 2.868455 0.310000
v -1.772637 2.894519 0.310000
v -1.848911 2.858148 0.365000
v -1.766772 2.868455 0.365000
v -1.772637 2.894519 0.365000
v -1.798491 2.689868 0.310000
v -1.777570 2.782485 0.310000
v -1.840632 2.792320 0.310000
v -1.798491 2.689868 0.365000
v -1.777570 2.782485 0.365000
v -1.840632 2.792320 0.365000
v -1.840632 2.792320 0.310000
v -1.777570 2.782485 0.310000
v -1.837681 2.812491 0.310000
v -1.840632 2.792320 0.365000
v -1.777570 2.782485 0.365000
v -1.837681 2.812491 0.365000
v -1.837681 2.812491 0.310000
v -1.777570 2.782485 0.310000
v -1.768255 2.833292 0.310000
v -1.837681 2.812491 0.365000
v -1.777570 2.782485 0.365000
v -1.768255 2.833292 0.365000
v -1.837681 2.812491 0.310000
v -1.768255 2.833292 0.310000
v -1.838015 2.829877 0.310000
v -1.837681 2.812491 0.365000
v -1.768255 2.833292 0.365000
v -1.838015 2.829877 0.365000
v -1.838015 2.829877 0.310000
v -1.768255 2.833292 0.310000
v -1.841727 2.844942 0.310000
v -1.838015 2.829877 0.365000
v -1.768255 2.833292 0.365000
v -1.841727 2.844942 0.365000
v -1.841727 2.844942 0.310000
v -1.768255 2.833292 0.310000
v -1.766772 2.868455 0.310000
v -1.841727 2.844942 0.365000
v -1.768255 2.833292 0.365000
v -1.766772 2.868455 0.365000
v -1.798491 2.689868 0.310000
v -1.679605 2.776244 0.310000
v -1.679605 2.776244 0.365000
v -1.798491 2.689868 0.365000
v -1.679605 2.776244 0.310000
v -1.642412 2.725053 0.310000
v -1.642412 2.725053 0.365000
v -1.679605 2.776244 0.365000
v -1.642412 2.725053 0.310000
v -1.838780 2.582383 0.310000
v -1.838780 2.582383 0.365000
v -1.642412 2.725053 0.365000
v -1.838780 2.582383 0.310000
v -1.875973 2.633575 0.310000
v -1.875973 2.633575 0.365000
v -1.838780 2.582383 0.365000
v -1.875973 2.633575 0.310000
v -1.840632 2.792320 0.310000
v -1.840632 2.792320 0.365000
v -1.875973 2.633575 0.365000
v -1.840632 2.792320 0.310000
v -1.837681 2.812491 0.310000
v -1.837681 2.812491 0.365000
v -1.840632 2.792320 0.365000
v -1.837681 2.812491 0.310000
v -1.838015 2.829877 0.310000
v -1.838015 2.829877 0.365000
v -1.837681 2.812491 0.365000
v -1.838015 2.829877 0.310000
v -1.841727 2.844942 0.310000
v -1.841727 2.844942 0.365000
v -1.838015 2.829877 0.365000
v -1.841727 2.844942 0.310000
v -1.848911 2.858148 0.310000
v -1.848911 2.858148 0.365000
v -1.841727 2.844942 0.365000
v -1.848911 2.858148 0.310000
v -1.864549 2.872975 0.310000
v -1.864549 2.872975 0.365000
v -1.848911 2.858148 0.365000
v -1.864549 2.872975 0.310000
v -1.883865 2.879468 0.310000
v -1.883865 2.879468 0.365000
v -1.864549 2.872975 0.365000
v -1.883865 2.879468 0.310000
v -1.905030 2.877362 0.310000
v -1.905030 2.877362 0.365000
v -1.883865 2.879468 0.365000
v -1.905030 2.877362 0.310000
v -1.926214 2.866395 0.310000
v -1.926214 2.866395 0.365000
v -1.905030 2.877362 0.365000
v -1.926214 2.866395 0.310000
v -1.942006 2.852267 0.310000
v -1.942006 2.852267 0.365000
v -1.926214 2.866395 0.365000
v -1.942006 2.852267 0.310000
v -1.956837 2.833528 0.310000
v -1.956837 2.833528 0.365000
v -1.942006 2.852267 0.365000
v -1.956837 2.833528 0.310000
v -1.970569 2.810324 0.310000
v -1.970569 2.810324 0.365000
v -1.956837 2.833528 0.365000
v -1.970569 2.810324 0.310000
v -1.983180 2.782715 0.310000
v -1.983180 2.782715 0.365000
v -1.970569 2.810324 0.365000
v -1.983180 2.782715 0.310000
v -2.026304 2.842071 0.310000
v -2.026304 2.842071 0.365000
v -1.983180 2.782715 0.365000
v -2.026304 2.842071 0.310000
v -2.007888 2.865891 0.310000
v -2.007888 2.865891 0.365000
v -2.026304 2.842071 0.365000
v -2.007888 2.865891 0.310000
v -1.988387 2.887669 0.310000
v -1.988387 2.887669 0.365000
v -2.007888 2.865891 0.365000
v -1.988387 2.887669 0.310000
v -1.967869 2.907288 0.310000
v -1.967869 2.907288 0.365000
v -1.988387 2.887669 0.365000
v -1.967869 2.907288 0.310000
v -1.946321 2.924514 0.310000
v -1.946321 2.924514 0.365000
v -1.967869 2.907288 0.365000
v -1.946321 2.924514 0.310000
v -1.899327 2.950495 0.310000
v -1.899327 2.950495 0.365000
v -1.946321 2.924514 0.365000
v -1.899327 2.950495 0.310000
v -1.855399 2.957924 0.310000
v -1.855399 2.957924 0.365000
v -1.899327 2.950495 0.365000
v -1.855399 2.957924 0.310000
v -1.816693 2.947028 0.310000
v -1.816693 2.947028 0.365000
v -1.855399 2.957924 0.365000
v -1.816693 2.947028 0.310000
v -1.785278 2.917916 0.310000
v -1.785278 2.917916 0.365000
v -1.816693 2.947028 0.365000
v -1.785278 2.917916 0.310000
v -1.772637 2.894519 0.310000
v -1.772637 2.894519 0.365000
v -1.785278 2.917916 0.365000
v -1.772637 2.894519 0.310000
v -1.766772 2.868455 0.310000
v -1.766772 2.868455 0.365000
v -1.772637 2.894519 0.365000
v -1.766772 2.868455 0.310000
v -1.768255 2.833292 0.310000
v -1.768255 2.833292 0.365000
v -1.766772 2.868455 0.365000
v -1.768255 2.833292 0.310000
v -1.777570 2.782485 0.310000
v -1.777570 2.782485 0.365000
v -1.768255 2.833292 0.365000
v -1.777570 2.782485 0.310000
v -1.798491 2.689868 0.310000
v -1.798491 2.689868 0.365000
v -1.777570 2.782485 0.365000
v -1.191507 3.303488 0.310000
v -1.133530 3.125053 0.310000
v -1.090758 3.215455 0.310000
v -1.191507 3.303488 0.365000
v -1.133530 3.125053 0.365000
v -1.090758 3.215455 0.365000
v -1.191507 3.303488 0.310000
v -1.090758 3.215455 0.310000
v -1.106704 3.264533 0.310000
v -1.191507 3.303488 0.365000
v -1.090758 3.215455 0.365000
v -1.106704 3.264533 0.365000
v -1.191507 3.303488 0.310000
v -1.106704 3.264533 0.310000
v -0.988192 3.369549 0.310000
v -1.191507 3.303488 0.365000
v -1.106704 3.264533 0.365000
v -0.988192 3.369549 0.365000
v -0.988192 3.369549 0.310000
v -1.106704 3.264533 0.310000
v -0.968646 3.309391 0.310000
v -0.988192 3.369549 0.365000
v -1.106704 3.264533 0.365000
v -0.968646 3.309391 0.365000
v -0.895845 3.163278 0.310000
v -0.918897 3.206759 0.310000
v -0.977619 3.136707 0.310000
v -0.895845 3.163278 0.365000
v -0.918897 3.206759 0.365000
v -0.977619 3.136707 0.365000
v -0.895845 3.163278 0.310000
v -0.977619 3.136707 0.310000
v -0.889739 3.114590 0.310000
v -0.895845 3.163278 0.365000
v -0.977619 3.136707 0.365000
v -0.889739 3.114590 0.365000
v -0.904815 3.071308 0.310000
v -0.889739 3.114590 0.310000
v -0.974657 3.113020 0.310000
v -0.904815 3.071308 0.365000
v -0.889739 3.114590 0.365000
v -0.974657 3.113020 0.365000
v -0.904815 3.071308 0.310000
v -0.974657 3.113020 0.310000
v -0.981939 3.091716 0.310000
v -0.904815 3.071308 0.365000
v -0.974657 3.113020 0.365000
v -0.981939 3.091716 0.365000
v -0.904815 3.071308 0.310000
v -0.981939 3.091716 0.310000
v -0.939700 3.035849 0.310000
v -0.904815 3.071308 0.365000
v -0.981939 3.091716 0.365000
v -0.939700 3.035849 0.365000
v -0.939700 3.035849 0.310000
v -0.981939 3.091716 0.310000
v -0.998616 3.074235 0.310000
v -0.939700 3.035849 0.365000
v -0.981939 3.091716 0.365000
v -0.998616 3.074235 0.365000
v -0.939700 3.035849 0.310000
v -0.998616 3.074235 0.310000
v -0.992975 3.010498 0.310000
v -0.939700 3.035849 0.365000
v -0.998616 3.074235 0.365000
v -0.992975 3.010498 0.365000
v -0.992975 3.010498 0.310000
v -0.998616 3.074235 0.310000
v -1.023979 3.061974 0.310000
v -0.992975 3.010498 0.365000
v -0.998616 3.074235 0.365000
v -1.023979 3.061974 0.365000
v -0.992975 3.010498 0.310000
v -1.023979 3.061974 0.310000
v -1.020251 3.003082 0.310000
v -0.992975 3.010498 0.365000
v -1.023979 3.061974 0.365000
v -1.020251 3.003082 0.365000
v -1.020251 3.003082 0.310000
v -1.023979 3.061974 0.310000
v -1.045891 3.056902 0.310000
v -1.020251 3.003082 0.365000
v -1.023979 3.061974 0.365000
v -1.045891 3.056902 0.365000
v -1.020251 3.003082 0.310000
v -1.045891 3.056902 0.310000
v -1.048104 2.998372 0.310000
v -1.020251 3.003082 0.365000
v -1.045891 3.056902 0.365000
v -1.048104 2.998372 0.365000
v -1.048104 2.998372 0.310000
v -1.045891 3.056902 0.310000
v -1.070299 3.055115 0.310000
v -1.048104 2.998372 0.365000
v -1.045891 3.056902 0.365000
v -1.070299 3.055115 0.365000
v -1.048104 2.998372 0.310000
v -1.070299 3.055115 0.310000
v -1.076599 2.996385 0.310000
v -1.048104 2.998372 0.365000
v -1.070299 3.055115 0.365000
v -1.076599 2.996385 0.365000
v -1.076599 2.996385 0.310000
v -1.070299 3.055115 0.310000
v -1.097241 3.056676 0.310000
v -1.076599 2.996385 0.365000
v -1.070299 3.055115 0.365000
v -1.097241 3.056676 0.365000
v -1.076599 2.996385 0.310000
v -1.097241 3.056676 0.310000
v -1.105796 2.997138 0.310000
v -1.076599 2.996385 0.365000
v -1.097241 3.056676 0.365000
v -1.105796 2.997138 0.365000
v -1.105796 2.997138 0.310000
v -1.097241 3.056676 0.310000
v -1.126712 3.061510 0.310000
v -1.105796 2.997138 0.365000
v -1.097241 3.056676 0.365000
v -1.126712 3.061510 0.365000
v -1.133530 3.125053 0.310000
v -1.114008 3.140546 0.310000
v -1.090758 3.215455 0.310000
v -1.133530 3.125053 0.365000
v -1.114008 3.140546 0.365000
v -1.090758 3.215455 0.365000
v -1.090758 3.215455 0.310000
v -1.114008 3.140546 0.310000
v -1.095209 3.153060 0.310000
v -1.090758 3.215455 0.365000
v -1.114008 3.140546 0.365000
v -1.095209 3.153060 0.365000
v -1.090758 3.215455 0.310000
v -1.095209 3.153060 0.310000
v -1.076929 3.162833 0.310000
v -1.090758 3.215455 0.365000
v -1.095209 3.153060 0.365000
v -1.076929 3.162833 0.365000
v -1.090758 3.215455 0.310000
v -1.076929 3.162833 0.310000
v -1.059053 3.169919 0.310000
v -1.090758 3.215455 0.365000
v -1.076929 3.162833 0.365000
v -1.059053 3.169919 0.365000
v -1.090758 3.215455 0.310000
v -1.059053 3.169919 0.310000
v -1.082151 3.220769 0.310000
v -1.090758 3.215455 0.365000
v -1.059053 3.169919 0.365000
v -1.082151 3.220769 0.365000
v -0.918897 3.206759 0.310000
v -0.954394 3.233609 0.310000
v -0.989185 3.157731 0.310000
v -0.918897 3.206759 0.365000
v -0.954394 3.233609 0.365000
v -0.989185 3.157731 0.365000
v -0.918897 3.206759 0.310000
v -0.989185 3.157731 0.310000
v -0.977619 3.136707 0.310000
v -0.918897 3.206759 0.365000
v -0.989185 3.157731 0.365000
v -0.977619 3.136707 0.365000
v -0.977619 3.136707 0.310000
v -0.974657 3.113020 0.310000
v -0.889739 3.114590 0.310000
v -0.977619 3.136707 0.365000
v -0.974657 3.113020 0.365000
v -0.889739 3.114590 0.365000
v -1.059053 3.169919 0.310000
v -1.031332 3.174924 0.310000
v -1.063990 3.229695 0.310000
v -1.059053 3.169919 0.365000
v -1.031332 3.174924 0.365000
v -1.063990 3.229695 0.365000
v -1.059053 3.169919 0.310000
v -1.063990 3.229695 0.310000
v -1.073277 3.225493 0.310000
v -1.059053 3.169919 0.365000
v -1.063990 3.229695 0.365000
v -1.073277 3.225493 0.365000
v -1.059053 3.169919 0.310000
v -1.073277 3.225493 0.310000
v -1.082151 3.220769 0.310000
v -1.059053 3.169919 0.365000
v -1.073277 3.225493 0.365000
v -1.082151 3.220769 0.365000
v -1.063990 3.229695 0.310000
v -1.031332 3.174924 0.310000
v -1.054096 3.233304 0.310000
v -1.063990 3.229695 0.365000
v -1.031332 3.174924 0.365000
v -1.054096 3.233304 0.365000
v -1.054096 3.233304 0.310000
v -1.031332 3.174924 0.310000
v -1.000179 3.242800 0.310000
v -1.054096 3.233304 0.365000
v -1.031332 3.174924 0.365000
v -1.000179 3.242800 0.365000
v -1.000179 3.242800 0.310000
v -1.031332 3.174924 0.310000
v -1.007581 3.170635 0.310000
v -1.000179 3.242800 0.365000
v -1.031332 3.174924 0.365000
v -1.007581 3.170635 0.365000
v -1.000179 3.242800 0.310000
v -1.007581 3.170635 0.310000
v -0.954394 3.233609 0.310000
v -1.000179 3.242800 0.365000
v -1.007581 3.170635 0.365000
v -0.954394 3.233609 0.365000
v -0.954394 3.233609 0.310000
v -1.007581 3.170635 0.310000
v -0.989185 3.157731 0.310000
v -0.954394 3.233609 0.365000
v -1.007581 3.170635 0.365000
v -0.989185 3.157731 0.365000
v -1.191507 3.303488 0.310000
v -0.988192 3.369549 0.310000
v -0.988192 3.369549 0.365000
v -1.191507 3.303488 0.365000
v -0.988192 3.369549 0.310000
v -0.968646 3.309391 0.310000
v -0.968646 3.309391 0.365000
v -0.988192 3.369549 0.365000
v -0.968646 3.309391 0.310000
v -1.106704 3.264533 0.310000
v -1.106704 3.264533 0.365000
v -0.968646 3.309391 0.365000
v -1.106704 3.264533 0.310000
v -1.090758 3.215455 0.310000
v -1.090758 3.215455 0.365000
v -1.106704 3.264533 0.365000
v -1.090758 3.215455 0.310000
v -1.082151 3.220769 0.310000
v -1.082151 3.220769 0.365000
v -1.090758 3.215455 0.365000
v -1.082151 3.220769 0.310000
v -1.073277 3.225493 0.310000
v -1.073277 3.225493 0.365000
v -1.082151 3.220769 0.365000
v -1.073277 3.225493 0.310000
v -1.063990 3.229695 0.310000
v -1.063990 3.229695 0.365000
v -1.073277 3.225493 0.365000
v -1.063990 3.229695 0.310000
v -1.054096 3.233304 0.310000
v -1.054096 3.233304 0.365000
v -1.063990 3.229695 0.365000
v -1.054096 3.233304 0.310000
v -1.000179 3.242800 0.310000
v -1.000179 3.242800 0.365000
v -1.054096 3.233304 0.365000
v -1.000179 3.242800 0.310000
v -0.954394 3.233609 0.310000
v -0.954394 3.233609 0.365000
v -1.000179 3.242800 0.365000
v -0.954394 3.233609 0.310000
v -0.918897 3.206759 0.310000
v -0.918897 3.206759 0.365000
v -0.954394 3.233609 0.365000
v -0.918897 3.206759 0.310000
v -0.895845 3.163278 0.310000
v -0.895845 3.163278 0.365000
v -0.918897 3.206759 0.365000
v -0.895845 3.163278 0.310000
v -0.889739 3.114590 0.310000
v -0.889739 3.114590 0.365000
v -0.895845 3.163278 0.365000
v -0.889739 3.114590 0.310000
v -0.904815 3.071308 0.310000
v -0.904815 3.071308 0.365000
v -0.889739 3.114590 0.365000
v -0.904815 3.071308 0.310000
v -0.939700 3.035849 0.310000
v -0.939700 3.035849 0.365000
v -0.904815 3.071308 0.365000
v -0.939700 3.035849 0.310000
v -0.992975 3.010498 0.310000
v -0.992975 3.010498 0.365000
v -0.939700 3.035849 0.365000
v -0.992975 3.010498 0.310000
v -1.020251 3.003082 0.310000
v -1.020251 3.003082 0.365000
v -0.992975 3.010498 0.365000
v -1.020251 3.003082 0.310000
v -1.048104 2.998372 0.310000
v -1.048104 2.998372 0.365000
v -1.020251 3.003082 0.365000
v -1.048104 2.998372 0.310000
v -1.076599 2.996385 0.310000
v -1.076599 2.996385 0.365000
v -1.048104 2.998372 0.365000
v -1.076599 2.996385 0.310000
v -1.105796 2.997138 0.310000
v -1.105796 2.997138 0.365000
v -1.076599 2.996385 0.365000
v -1.105796 2.997138 0.310000
v -1.126712 3.061510 0.310000
v -1.126712 3.061510 0.365000
v -1.105796 2.997138 0.365000
v -1.126712 3.061510 0.310000
v -1.097241 3.056676 0.310000
v -1.097241 3.056676 0.365000
v -1.126712 3.061510 0.365000
v -1.097241 3.056676 0.310000
v -1.070299 3.055115 0.310000
v -1.070299 3.055115 0.365000
v -1.097241 3.056676 0.365000
v -1.070299 3.055115 0.310000
v -1.045891 3.056902 0.310000
v -1.045891 3.056902 0.365000
v -1.070299 3.055115 0.365000
v -1.045891 3.056902 0.310000
v -1.023979 3.061974 0.310000
v -1.023979 3.061974 0.365000
v -1.045891 3.056902 0.365000
v -1.023979 3.061974 0.310000
v -0.998616 3.074235 0.310000
v -0.998616 3.074235 0.365000
v -1.023979 3.061974 0.365000
v -0.998616 3.074235 0.310000
v -0.981939 3.091716 0.310000
v -0.981939 3.091716 0.365000
v -0.998616 3.074235 0.365000
v -0.981939 3.091716 0.310000
v -0.974657 3.113020 0.310000
v -0.974657 3.113020 0.365000
v -0.981939 3.091716 0.365000
v -0.974657 3.113020 0.310000
v -0.977619 3.136707 0.310000
v -0.977619 3.136707 0.365000
v -0.974657 3.113020 0.365000
v -0.977619 3.136707 0.310000
v -0.989185 3.157731 0.310000
v -0.989185 3.157731 0.365000
v -0.977619 3.136707 0.365000
v -0.989185 3.157731 0.310000
v -1.007581 3.170635 0.310000
v -1.007581 3.170635 0.365000
v -0.989185 3.157731 0.365000
v -1.007581 3.170635 0.310000
v -1.031332 3.174924 0.310000
v -1.031332 3.174924 0.365000
v -1.007581 3.170635 0.365000
v -1.031332 3.174924 0.310000
v -1.059053 3.169919 0.310000
v -1.059053 3.169919 0.365000
v -1.031332 3.174924 0.365000
v -1.059053 3.169919 0.310000
v -1.076929 3.162833 0.310000
v -1.076929 3.162833 0.365000
v -1.059053 3.169919 0.365000
v -1.076929 3.162833 0.310000
v -1.095209 3.153060 0.310000
v -1.095209 3.153060 0.365000
v -1.076929 3.162833 0.365000
v -1.095209 3.153060 0.310000
v -1.114008 3.140546 0.310000
v -1.114008 3.140546 0.365000
v -1.095209 3.153060 0.365000
v -1.114008 3.140546 0.310000
v -1.133530 3.125053 0.310000
v -1.133530 3.125053 0.365000
v -1.114008 3.140546 0.365000
v -1.133530 3.125053 0.310000
v -1.191507 3.303488 0.310000
v -1.191507 3.303488 0.365000
v -1.133530 3.125053 0.365000
usemtl Number
f 4 5 6
f 3 2 1
f 10 11 12
f 9 8 7
f 16 17 18
f 15 14 13
f 22 23 24
f 21 20 19
f 28 29 30
f 27 26 25
f 34 35 36
f 33 32 31
f 40 41 42
f 39 38 37
f 46 47 48
f 45 44 43
f 52 53 54
f 51 50 49
f 58 59 60
f 57 56 55
f 64 65 66
f 63 62 61
f 70 71 72
f 69 68 67
f 76 77 78
f 75 74 73
f 82 83 84
f 81 80 79
f 88 89 90
f 87 86 85
f 94 95 96
f 93 92 91
f 100 101 102
f 99 98 97
f 106 107 108
f 105 104 103
f 112 113 114
f 111 110 109
f 118 119 120
f 117 116 115
f 124 125 126
f 123 122 121
f 130 131 132
f 129 128 127
f 136 137 138
f 135 134 133
f 142 143 144
f 141 140 139
f 148 149 150
f 147 146 145
f 154 155 156
f 153 152 151
f 160 161 162
f 159 158 157
f 166 167 168
f 165 164 163
f 172 173 174
f 171 170 169
f 175 176 177 178
f 179 180 181 182
f 183 184 185 186
f 187 188 189 190
f 191 192 193 194
f 195 196 197 198
f 199 200 201 202
f 203 204 205 206
f 207 208 209 210
f 211 212 213 214
f 215 216 217 218
f 219 220 221 222
f 223 224 225 226
f 227 228 229 230
f 231 232 233 234
f 235 236 237 238
f 239 240 241 242
f 243 244 245 246
f 247 248 249 250
f 251 252 253 254
f 255 256 257 258
f 259 260 261 262
f 263 264 265 266
f 267 268 269 270
f 271 272 273 274
f 275 276 277 278
f 279 280 281 282
f 283 284 285 286
f 287 288 289 290
f 291 292 293 294
f 295 296 297 298
f 302 303 304
f 301 300 299
f 308 309 310
f 307 306 305
f 314 315 316
f 313 312 311
f 320 321 322
f 319 318 317
f 326 327 328
f 325 324 323
f 332 333 334
f 331 330 329
f 338 339 340
f 337 336 335
f 344 345 346
f 343 342 341
f 350 351 352
f 349 348 347
f 356 357 358
f 355 354 353
f 362 363 364
f 361 360 359
f 368 369 370
f 367 366 365
f 374 375 376
f 373 372 371
f 380 381 382
f 379 378 377
f 386 387 388
f 385 384 383
f 392 393 394
f 391 390 389
f 398 399 400
f 397 396 395
f 404 405 406
f 403 402 401
f 410 411 412
f 409 408 407
f 416 417 418
f 415 414 413
f 422 423 424
f 421 420 419
f 428 429 430
f 427 426 425
f 434 435 436
f 433 432 431
f 440 441 442
f 439 438 437
f 446 447 448
f 445 444 443
f 452 453 454
f 451 450 449
f 458 459 460
f 457 456 455
f 464 465 466
f 463 462 461
f 470 471 472
f 469 468 467
f 476 477 478
f 475 474 473
f 482 483 484
f 481 480 479
f 488 489 490
f 487 486 485
f 491 492 493 494
f 495 496 497 498
f 499 500 501 502
f 503 504 505 506
f 507 508 509 510
f 511 512 513 514
f 515 516 517 518
f 519 520 521 522
f 523 524 525 526
f 527 528 529 530
f 531 532 533 534
f 535 536 537 538
f 539 540 541 542
f 543 544 545 546
f 547 548 549 550
f 551 552 553 554
f 555 556 557 558
f 559 560 561 562
f 563 564 565 566
f 567 568 569 570
f 571 572 573 574
f 575 576 577 578
f 579 580 581 582
f 583 584 585 586
f 587 588 589 590
f 591 592 593 594
f 595 596 597 598
f 599 600 601 602
f 603 604 605 606
f 607 608 609 610
f 611 612 613 614
f 615 616 617 618
f 622 623 624
f 621 620 619
f 628 629 630
f 627 626 625
f 634 635 636
f 633 632 631
f 640 641 642
f 639 638 637
f 646 647 648
f 645 644 643
f 652 653 654
f 651 650 649
f 658 659 660
f 657 656 655
f 664 665 666
f 663 662 661
f 670 671 672
f 669 668 667
f 673 674 675 676
f 677 678 679 680
f 681 682 683 684
f 685 686 687 688
f 689 690 691 692
f 693 694 695 696
f 697 698 699 700
f 701 702 703 704
f 705 706 707 708
f 709 710 711 712
f 713 714 715 716
f 720 721 722
f 719 718 717
f 726 727 728
f 725 724 723
f 732 733 734
f 731 730 729
f 738 739 740
f 737 736 735
f 744 745 746
f 743 742 741
f 750 751 752
f 749 748 747
f 756 757 758
f 755 754 753
f 762 763 764
f 761 760 759
f 768 769 770
f 767 766 765
f 771 772 773 774
f 775 776 777 778
f 779 780 781 782
f 783 784 785 786
f 787 788 789 790
f 791 792 793 794
f 795 796 797 798
f 799 800 801 802
f 803 804 805 806
f 807 808 809 810
f 811 812 813 814
f 818 819 820
f 817 816 815
f 824 825 826
f 823 822 821
f 830 831 832
f 829 828 827
f 836 837 838
f 835 834 833
f 842 843 844
f 841 840 839
f 848 849 850
f 847 846 845
f 854 855 856
f 853 852 851
f 860 861 862
f 859 858 857
f 866 867 868
f 865 864 863
f 872 873 874
f 871 870 869
f 878 879 880
f 877 876 875
f 884 885 886
f 883 882 881
f 890 891 892
f 889 888 887
f 896 897 898
f 895 894 893
f 902 903 904
f 901 900 899
f 908 909 910
f 907 906 905
f 914 915 916
f 913 912 911
f 920 921 922
f 919 918 917
f 926 927 928
f 925 924 923
f 932 933 934
f 931 930 929
f 938 939 940
f 937 936 935
f 944 945 946
f 943 942 941
f 950 951 952
f 949 948 947
f 956 957 958
f 955 954 953
f 962 963 964
f 961 960 959
f 968 969 970
f 967 966 965
f 974 975 976
f 973 972 971
f 980 981 982
f 979 978 977
f 986 987 988
f 985 984 983
f 992 993 994
f 991 990 989
f 998 999 1000
f 997 996 995
f 1004 1005 1006
f 1003 1002 1001
f 1010 1011 1012
f 1009 1008 1007
f 1016 1017 1018
f 1015 1014 1013
f 1022 1023 1024
f 1021 1020 1019
f 1028 1029 1030
f 1027 1026 1025
f 1034 1035 1036
f 1033 1032 1031
f 1040 1041 1042
f 1039 1038 1037
f 1046 1047 1048
f 1045 1044 1043
f 1052 1053 1054
f 1051 1050 1049
f 1058 1059 1060
f 1057 1056 1055
f 1064 1065 1066
f 1063 1062 1061
f 1070 1071 1072
f 1069 1068 1067
f 1076 1077 1078
f 1075 1074 1073
f 1082 1083 1084
f 1081 1080 1079
f 1088 1089 1090
f 1087 1086 1085
f 1094 1095 1096
f 1093 1092 1091
f 1100 1101 1102
f 1099 1098 1097
f 1106 1107 1108
f 1105 1104 1103
f 1112 1113 1114
f 1111 1110 1109
f 1118 1119 1120
f 1117 1116 1115
f 1124 1125 1126
f 1123 1122 1121
f 1130 1131 1132
f 1129 1128 1127
f 1136 1137 1138
f 1135 1134 1133
f 1142 1143 1144
f 1141 1140 1139
f 1148 1149 1150
f 1147 1146 1145
f 1154 1155 1156
f 1153 1152 1151
f 1160 1161 1162
f 1159 1158 1157
f 1166 1167 1168
f 1165 1164 1163
f 1172 1173 1174
f 1171 1170 1169
f 1178 1179 1180
f 1177 1176 1175
f 1184 1185 1186
f 1183 1182 1181
f 1190 1191 1192
f 1189 1188 1187
f 1196 1197 1198
f 1195 1194 1193
f 1202 1203 1204
f 1201 1200 1199
f 1208 1209 1210
f 1207 1206 1205
f 1211 1212 1213 1214
f 1215 1216 1217 1218
f 1219 1220 1221 1222
f 1223 1224 1225 1226
f 1227 1228 1229 1230
f 1231 1232 1233 1234
f 1235 1236 1237 1238
f 1239 1240 1241 1242
f 1243 1244 1245 1246
f 1247 1248 1249 1250
f 1251 1252 1253 1254
f 1255 1256 1257 1258
f 1259 1260 1261 1262
f 1263 1264 1265 1266
f 1267 1268 1269 1270
f 1271 1272 1273 1274
f 1275 1276 1277 1278
f 1279 1280 1281 1282
f 1283 1284 1285 1286
f 1287 1288 1289 1290
f 1291 1292 1293 1294
f 1295 1296 1297 1298
f 1299 1300 1301 1302
f 1303 1304 1305 1306
f 1307 1308 1309 1310
f 1311 1312 1313 1314
f 1315 1316 1317 1318
f 1319 1320 1321 1322
f 1323 1324 1325 1326
f 1327 1328 1329 1330
f 1331 1332 1333 1334
f 1335 1336 1337 1338
f 1339 1340 1341 1342
f 1343 1344 1345 1346
f 1347 1348 1349 1350
f 1351 1352 1353 1354
f 1355 1356 1357 1358
f 1359 1360 1361 1362
f 1363 1364 1365 1366
f 1367 1368 1369 1370
f 1371 1372 1373 1374
f 1375 1376 1377 1378
f 1379 1380 1381 1382
f 1383 1384 1385 1386
f 1387 1388 1389 1390
f 1391 1392 1393 1394
f 1395 1396 1397 1398
f 1399 1400 1401 1402
f 1403 1404 1405 1406
f 1407 1408 1409 1410
f 1411 1412 1413 1414
f 1415 1416 1417 1418
f 1419 1420 1421 1422
f 1423 1424 1425 1426
f 1427 1428 1429 1430
f 1431 1432 1433 1434
f 1435 1436 1437 1438
f 1439 1440 1441 1442
f 1443 1444 1445 1446
f 1447 1448 1449 1450
f 1451 1452 1453 1454
f 1455 1456 1457 1458
f 1459 1460 1461 1462
f 1463 1464 1465 1466
f 1470 1471 1472
f 1469 1468 1467
f 1476 1477 1478
f 1475 1474 1473
f 1482 1483 1484
f 1481 1480 1479
f 1488 1489 1490
f 1487 1486 1485
f 1494 1495 1496
f 1493 1492 1491
f 1500 1501 1502
f 1499 1498 1497
f 1506 1507 1508
f 1505 1504 1503
f 1512 1513 1514
f 1511 1510 1509
f 1518 1519 1520
f 1517 1516 1515
f 1524 1525 1526
f 1523 1522 1521
f 1530 1531 1532
f 1529 1528 1527
f 1536 1537 1538
f 1535 1534 1533
f 1542 1543 1544
f 1541 1540 1539
f 1548 1549 1550
f 1547 1546 1545
f 1551 1552 1553 1554
f 1555 1556 1557 1558
f 1559 1560 1561 1562
f 1563 1564 1565 1566
f 1567 1568 1569 1570
f 1571 1572 1573 1574
f 1575 1576 1577 1578
f 1579 1580 1581 1582
f 1583 1584 1585 1586
f 1587 1588 1589 1590
f 1591 1592 1593 1594
f 1595 1596 1597 1598
f 1599 1600 1601 1602
f 1603 1604 1605 1606
f 1610 1611 1612
f 1609 1608 1607
f 1616 1617 1618
f 1615 1614 1613
f 1622 1623 1624
f 1621 1620 1619
f 1628 1629 1630
f 1627 1626 1625
f 1634 1635 1636
f 1633 1632 1631
f 1640 1641 1642
f 1639 1638 1637
f 1646 1647 1648
f 1645 1644 1643
f 1652 1653 1654
f 1651 1650 1649
f 1658 1659 1660
f 1657 1656 1655
f 1661 1662 1663 1664
f 1665 1666 1667 1668
f 1669 1670 1671 1672
f 1673 1674 1675 1676
f 1677 1678 1679 1680
f 1681 1682 1683 1684
f 1685 1686 1687 1688
f 1689 1690 1691 1692
f 1693 1694 1695 1696
f 1697 1698 1699 1700
f 1701 1702 1703 1704
f 1708 1709 1710
f 1707 1706 1705
f 1714 1715 1716
f 1713 1712 1711
f 1720 1721 1722
f 1719 1718 1717
f 1726 1727 1728
f 1725 1724 1723
f 1732 1733 1734
f 1731 1730 1729
f 1738 1739 1740
f 1737 1736 1735
f 1744 1745 1746
f 1743 1742 1741
f 1750 1751 1752
f 1749 1748 1747
f 1756 1757 1758
f 1755 1754 1753
f 1762 1763 1764
f 1761 1760 1759
f 1768 1769 1770
f 1767 1766 1765
f 1774 1775 1776
f 1773 1772 1771
f 1780 1781 1782
f 1779 1778 1777
f 1786 1787 1788
f 1785 1784 1783
f 1792 1793 1794
f 1791 1790 1789
f 1798 1799 1800
f 1797 1796 1795
f 1804 1805 1806
f 1803 1802 1801
f 1810 1811 1812
f 1809 1808 1807
f 1816 1817 1818
f 1815 1814 1813
f 1822 1823 1824
f 1821 1820 1819
f 1828 1829 1830
f 1827 1826 1825
f 1834 1835 1836
f 1833 1832 1831
f 1840 1841 1842
f 1839 1838 1837
f 1846 1847 1848
f 1845 1844 1843
f 1852 1853 1854
f 1851 1850 1849
f 1858 1859 1860
f 1857 1856 1855
f 1864 1865 1866
f 1863 1862 1861
f 1870 1871 1872
f 1869 1868 1867
f 1876 1877 1878
f 1875 1874 1873
f 1882 1883 1884
f 1881 1880 1879
f 1888 1889 1890
f 1887 1886 1885
f 1894 1895 1896
f 1893 1892 1891
f 1900 1901 1902
f 1899 1898 1897
f 1906 1907 1908
f 1905 1904 1903
f 1912 1913 1914
f 1911 1910 1909
f 1918 1919 1920
f 1917 1916 1915
f 1924 1925 1926
f 1923 1922 1921
f 1930 1931 1932
f 1929 1928 1927
f 1936 1937 1938
f 1935 1934 1933
f 1942 1943 1944
f 1941 1940 1939
f 1948 1949 1950
f 1947 1946 1945
f 1954 1955 1956
f 1953 1952 1951
f 1960 1961 1962
f 1959 1958 1957
f 1966 1967 1968
f 1965 1964 1963
f 1972 1973 1974
f 1971 1970 1969
f 1978 1979 1980
f 1977 1976 1975
f 1984 1985 1986
f 1983 1982 1981
f 1990 1991 1992
f 1989 1988 1987
f 1996 1997 1998
f 1995 1994 1993
f 2002 2003 2004
f 2001 2000 1999
f 2008 2009 2010
f 2007 2006 2005
f 2011 2012 2013 2014
f 2015 2016 2017 2018
f 2019 2020 2021 2022
f 2023 2024 2025 2026
f 2027 2028 2029 2030
f 2031 2032 2033 2034
f 2035 2036 2037 2038
f 2039 2040 2041 2042
f 2043 2044 2045 2046
f 2047 2048 2049 2050
f 2051 2052 2053 2054
f 2055 2056 2057 2058
f 2059 2060 2061 2062
f 2063 2064 2065 2066
f 2067 2068 2069 2070
f 2071 2072 2073 2074
f 2075 2076 2077 2078
f 2079 2080 2081 2082
f 2083 2084 2085 2086
f 2087 2088 2089 2090
f 2091 2092 2093 2094
f 2095 2096 2097 2098
f 2099 2100 2101 2102
f 2103 2104 2105 2106
f 2107 2108 2109 2110
f 2111 2112 2113 2114
f 2115 2116 2117 2118
f 2119 2120 2121 2122
f 2123 2124 2125 2126
f 2127 2128 2129 2130
f 2131 2132 2133 2134
f 2135 2136 2137 2138
f 2139 2140 2141 2142
f 2143 2144 2145 2146
f 2147 2148 2149 2150
f 2151 2152 2153 2154
f 2155 2156 2157 2158
f 2159 2160 2161 2162
f 2163 2164 2165 2166
f 2167 2168 2169 2170
f 2171 2172 2173 2174
f 2175 2176 2177 2178
f 2179 2180 2181 2182
f 2183 2184 2185 2186
f 2187 2188 2189 2190
f 2191 2192 2193 2194
f 2195 2196 2197 2198
f 2199 2200 2201 2202
f 2203 2204 2205 2206
f 2207 2208 2209 2210
f 2211 2212 2213 2214
f 2215 2216 2217 2218
f 2219 2220 2221 2222
f 2226 2227 2228
f 2225 2224 2223
f 2232 2233 2234
f 2231 2230 2229
f 2238 2239 2240
f 2237 2236 2235
f 2244 2245 2246
f 2243 2242 2241
f 2250 2251 2252
f 2249 2248 2247
f 2256 2257 2258
f 2255 2254 2253
f 2262 2263 2264
f 2261 2260 2259
f 2268 2269 2270
f 2267 2266 2265
f 2274 2275 2276
f 2273 2272 2271
f 2280 2281 2282
f 2279 2278 2277
f 2286 2287 2288
f 2285 2284 2283
f 2292 2293 2294
f 2291 2290 2289
f 2298 2299 2300
f 2297 2296 2295
f 2304 2305 2306
f 2303 2302 2301
f 2310 2311 2312
f 2309 2308 2307
f 2316 2317 2318
f 2315 2314 2313
f 2322 2323 2324
f 2321 2320 2319
f 2328 2329 2330
f 2327 2326 2325
f 2334 2335 2336
f 2333 2332 2331
f 2340 2341 2342
f 2339 2338 2337
f 2346 2347 2348
f 2345 2344 2343
f 2352 2353 2354
f 2351 2350 2349
f 2358 2359 2360
f 2357 2356 2355
f 2364 2365 2366
f 2363 2362 2361
f 2370 2371 2372
f 2369 2368 2367
f 2376 2377 2378
f 2375 2374 2373
f 2382 2383 2384
f 2381 2380 2379
f 2388 2389 2390
f 2387 2386 2385
f 2394 2395 2396
f 2393 2392 2391
f 2400 2401 2402
f 2399 2398 2397
f 2406 2407 2408
f 2405 2404 2403
f 2412 2413 2414
f 2411 2410 2409
f 2418 2419 2420
f 2417 2416 2415
f 2424 2425 2426
f 2423 2422 2421
f 2430 2431 2432
f 2429 2428 2427
f 2436 2437 2438
f 2435 2434 2433
f 2442 2443 2444
f 2441 2440 2439
f 2448 2449 2450
f 2447 2446 2445
f 2454 2455 2456
f 2453 2452 2451
f 2460 2461 2462
f 2459 2458 2457
f 2466 2467 2468
f 2465 2464 2463
f 2472 2473 2474
f 2471 2470 2469
f 2478 2479 2480
f 2477 2476 2475
f 2484 2485 2486
f 2483 2482 2481
f 2490 2491 2492
f 2489 2488 2487
f 2496 2497 2498
f 2495 2494 2493
f 2502 2503 2504
f 2501 2500 2499
f 2508 2509 2510
f 2507 2506 2505
f 2514 2515 2516
f 2513 2512 2511
f 2517 2518 2519 2520
f 2521 2522 2523 2524
f 2525 2526 2527 2528
f 2529 2530 2531 2532
f 2533 2534 2535 2536
f 2537 2538 2539 2540
f 2541 2542 2543 2544
f 2545 2546 2547 2548
f 2549 2550 2551 2552
f 2553 2554 2555 2556
f 2557 2558 2559 2560
f 2561 2562 2563 2564
f 2565 2566 2567 2568
f 2569 2570 2571 2572
f 2573 2574 2575 2576
f 2577 2578 2579 2580
f 2581 2582 2583 2584
f 2585 2586 2587 2588
f 2589 2590 2591 2592
f 2593 2594 2595 2596
f 2597 2598 2599 2600
f 2601 2602 2603 2604
f 2605 2606 2607 2608
f 2609 2610 2611 2612
f 2613 2614 2615 2616
f 2617 2618 2619 2620
f 2621 2622 2623 2624
f 2625 2626 2627 2628
f 2629 2630 2631 2632
f 2633 2634 2635 2636
f 2637 2638 2639 2640
f 2641 2642 2643 2644
f 2645 2646 2647 2648
f 2649 2650 2651 2652
f 2653 2654 2655 2656
f 2657 2658 2659 2660
f 2661 2662 2663 2664
f 2665 2666 2667 2668
f 2669 2670 2671 2672
f 2673 2674 2675 2676
f 2677 2678 2679 2680
f 2681 2682 2683 2684
f 2685 2686 2687 2688
f 2689 2690 2691 2692
f 2693 2694 2695 2696
f 2697 2698 2699 2700
f 2701 2702 2703 2704
f 2705 2706 2707 2708
f 2709 2710 2711 2712
f 2716 2717 2718
f 2715 2714 2713
f 2722 2723 2724
f 2721 2720 2719
f 2728 2729 2730
f 2727 2726 2725
f 2734 2735 2736
f 2733 2732 2731
f 2740 2741 2742
f 2739 2738 2737
f 2746 2747 2748
f 2745 2744 2743
f 2752 2753 2754
f 2751 2750 2749
f 2758 2759 2760
f 2757 2756 2755
f 2764 2765 2766
f 2763 2762 2761
f 2767 2768 2769 2770
f 2771 2772 2773 2774
f 2775 2776 2777 2778
f 2779 2780 2781 2782
f 2783 2784 2785 2786
f 2787 2788 2789 2790
f 2791 2792 2793 2794
f 2795 2796 2797 2798
f 2799 2800 2801 2802
f 2803 2804 2805 2806
f 2807 2808 2809 2810
f 2814 2815 2816
f 2813 2812 2811
f 2820 2821 2822
f 2819 2818 2817
f 2826 2827 2828
f 2825 2824 2823
f 2832 2833 2834
f 2831 2830 2829
f 2838 2839 2840
f 2837 2836 2835
f 2844 2845 2846
f 2843 2842 2841
f 2850 2851 2852
f 2849 2848 2847
f 2856 2857 2858
f 2855 2854 2853
f 2862 2863 2864
f 2861 2860 2859
f 2868 2869 2870
f 2867 2866 2865
f 2874 2875 2876
f 2873 2872 2871
f 2880 2881 2882
f 2879 2878 2877
f 2886 2887 2888
f 2885 2884 2883
f 2892 2893 2894
f 2891 2890 2889
f 2898 2899 2900
f 2897 2896 2895
f 2904 2905 2906
f 2903 2902 2901
f 2910 2911 2912
f 2909 2908 2907
f 2916 2917 2918
f 2915 2914 2913
f 2922 2923 2924
f 2921 2920 2919
f 2928 2929 2930
f 2927 2926 2925
f 2934 2935 2936
f 2933 2932 2931
f 2940 2941 2942
f 2939 2938 2937
f 2946 2947 2948
f 2945 2944 2943
f 2952 2953 2954
f 2951 2950 2949
f 2958 2959 2960
f 2957 2956 2955
f 2964 2965 2966
f 2963 2962 2961
f 2970 2971 2972
f 2969 2968 2967
f 2976 2977 2978
f 2975 2974 2973
f 2982 2983 2984
f 2981 2980 2979
f 2988 2989 2990
f 2987 2986 2985
f 2994 2995 2996
f 2993 2992 2991
f 3000 3001 3002
f 2999 2998 2997
f 3003 3004 3005 3006
f 3007 3008 3009 3010
f 3011 3012 3013 3014
f 3015 3016 3017 3018
f 3019 3020 3021 3022
f 3023 3024 3025 3026
f 3027 3028 3029 3030
f 3031 3032 3033 3034
f 3035 3036 3037 3038
f 3039 3040 3041 3042
f 3043 3044 3045 3046
f 3047 3048 3049 3050
f 3051 3052 3053 3054
f 3055 3056 3057 3058
f 3059 3060 3061 3062
f 3063 3064 3065 3066
f 3067 3068 3069 3070
f 3071 3072 3073 3074
f 3075 3076 3077 3078
f 3079 3080 3081 3082
f 3083 3084 3085 3086
f 3087 3088 3089 3090
f 3091 3092 3093 3094
f 3095 3096 3097 3098
f 3099 3100 3101 3102
f 3103 3104 3105 3106
f 3107 3108 3109 3110
f 3111 3112 3113 3114
f 3115 3116 3117 3118
f 3119 3120 3121 3122
f 3123 3124 3125 3126
f 3127 3128 3129 3130
f 3134 3135 3136
f 3133 3132 3131
f 3140 3141 3142
f 3139 3138 3137
f 3146 3147 3148
f 3145 3144 3143
f 3152 3153 3154
f 3151 3150 3149
f 3158 3159 3160
f 3157 3156 3155
f 3164 3165 3166
f 3163 3162 3161
f 3170 3171 3172
f 3169 3168 3167
f 3176 3177 3178
f 3175 3174 3173
f 3182 3183 3184
f 3181 3180 3179
f 3185 3186 3187 3188
f 3189 3190 3191 3192
f 3193 3194 3195 3196
f 3197 3198 3199 3200
f 3201 3202 3203 3204
f 3205 3206 3207 3208
f 3209 3210 3211 3212
f 3213 3214 3215 3216
f 3217 3218 3219 3220
f 3221 3222 3223 3224
f 3225 3226 3227 3228
f 3232 3233 3234
f 3231 3230 3229
f 3238 3239 3240
f 3237 3236 3235
f 3244 3245 3246
f 3243 3242 3241
f 3250 3251 3252
f 3249 3248 3247
f 3256 3257 3258
f 3255 3254 3253
f 3262 3263 3264
f 3261 3260 3259
f 3268 3269 3270
f 3267 3266 3265
f 3274 3275 3276
f 3273 3272 3271
f 3280 3281 3282
f 3279 3278 3277
f 3286 3287 3288
f 3285 3284 3283
f 3292 3293 3294
f 3291 3290 3289
f 3298 3299 3300
f 3297 3296 3295
f 3304 3305 3306
f 3303 3302 3301
f 3310 3311 3312
f 3309 3308 3307
f 3316 3317 3318
f 3315 3314 3313
f 3322 3323 3324
f 3321 3320 3319
f 3328 3329 3330
f 3327 3326 3325
f 3334 3335 3336
f 3333 3332 3331
f 3340 3341 3342
f 3339 3338 3337
f 3346 3347 3348
f 3345 3344 3343
f 3352 3353 3354
f 3351 3350 3349
f 3358 3359 3360
f 3357 3356 3355
f 3364 3365 3366
f 3363 3362 3361
f 3370 3371 3372
f 3369 3368 3367
f 3376 3377 3378
f 3375 3374 3373
f 3382 3383 3384
f 3381 3380 3379
f 3388 3389 3390
f 3387 3386 3385
f 3394 3395 3396
f 3393 3392 3391
f 3400 3401 3402
f 3399 3398 3397
f 3406 3407 3408
f 3405 3404 3403
f 3412 3413 3414
f 3411 3410 3409
f 3418 3419 3420
f 3417 3416 3415
f 3424 3425 3426
f 3423 3422 3421
f 3430 3431 3432
f 3429 3428 3427
f 3436 3437 3438
f 3435 3434 3433
f 3442 3443 3444
f 3441 3440 3439
f 3445 3446 3447 3448
f 3449 3450 3451 3452
f 3453 3454 3455 3456
f 3457 3458 3459 3460
f 3461 3462 3463 3464
f 3465 3466 3467 3468
f 3469 3470 3471 3472
f 3473 3474 3475 3476
f 3477 3478 3479 3480
f 3481 3482 3483 3484
f 3485 3486 3487 3488
f 3489 3490 3491 3492
f 3493 3494 3495 3496
f 3497 3498 3499 3500
f 3501 3502 3503 3504
f 3505 3506 3507 3508
f 3509 3510 3511 3512
f 3513 3514 3515 3516
f 3517 3518 3519 3520
f 3521 3522 3523 3524
f 3525 3526 3527 3528
f 3529 3530 3531 3532
f 3533 3534 3535 3536
f 3537 3538 3539 3540
f 3541 3542 3543 3544
f 3545 3546 3547 3548
f 3549 3550 3551 3552
f 3553 3554 3555 3556
f 3557 3558 3559 3560
f 3561 3562 3563 3564
f 3565 3566 3567 3568
f 3569 3570 3571 3572
f 3573 3574 3575 3576
f 3577 3578 3579 3580
f 3581 3582 3583 3584
f 3585 3586 3587 3588
f 3589 3590 3591 3592
f 3593 3594 3595 3596
f 3600 3601 3602
f 3599 3598 3597
f 3606 3607 3608
f 3605 3604 3603
f 3612 3613 3614
f 3611 3610 3609
f 3618 3619 3620
f 3617 3616 3615
f 3624 3625 3626
f 3623 3622 3621
f 3630 3631 3632
f 3629 3628 3627
f 3636 3637 3638
f 3635 3634 3633
f 3642 3643 3644
f 3641 3640 3639
f 3648 3649 3650
f 3647 3646 3645
f 3654 3655 3656
f 3653 3652 3651
f 3660 3661 3662
f 3659 3658 3657
f 3666 3667 3668
f 3665 3664 3663
f 3672 3673 3674
f 3671 3670 3669
f 3678 3679 3680
f 3677 3676 3675
f 3684 3685 3686
f 3683 3682 3681
f 3690 3691 3692
f 3689 3688 3687
f 3696 3697 3698
f 3695 3694 3693
f 3702 3703 3704
f 3701 3700 3699
f 3708 3709 3710
f 3707 3706 3705
f 3714 3715 3716
f 3713 3712 3711
f 3720 3721 3722
f 3719 3718 3717
f 3726 3727 3728
f 3725 3724 3723
f 3732 3733 3734
f 3731 3730 3729
f 3738 3739 3740
f 3737 3736 3735
f 3744 3745 3746
f 3743 3742 3741
f 3750 3751 3752
f 3749 3748 3747
f 3756 3757 3758
f 3755 3754 3753
f 3762 3763 3764
f 3761 3760 3759
f 3768 3769 3770
f 3767 3766 3765
f 3771 3772 3773 3774
f 3775 3776 3777 3778
f 3779 3780 3781 3782
f 3783 3784 3785 3786
f 3787 3788 3789 3790
f 3791 3792 3793 3794
f 3795 3796 3797 3798
f 3799 3800 3801 3802
f 3803 3804 3805 3806
f 3807 3808 3809 3810
f 3811 3812 3813 3814
f 3815 3816 3817 3818
f 3819 3820 3821 3822
f 3823 3824 3825 3826
f 3827 3828 3829 3830
f 3831 3832 3833 3834
f 3835 3836 3837 3838
f 3839 3840 3841 3842
f 3843 3844 3845 3846
f 3847 3848 3849 3850
f 3851 3852 3853 3854
f 3855 3856 3857 3858
f 3859 3860 3861 3862
f 3863 3864 3865 3866
f 3867 3868 3869 3870
f 3871 3872 3873 3874
f 3875 3876 3877 3878
f 3879 3880 3881 3882
f 3883 3884 3885 3886
f 3887 3888 3889 3890
f 3891 3892 3893 3894
f 3898 3899 3900
f 3897 3896 3895
f 3904 3905 3906
f 3903 3902 3901
f 3910 3911 3912
f 3909 3908 3907
f 3916 3917 3918
f 3915 3914 3913
f 3922 3923 3924
f 3921 3920 3919
f 3928 3929 3930
f 3927 3926 3925
f 3934 3935 3936
f 3933 3932 3931
f 3940 3941 3942
f 3939 3938 3937
f 3946 3947 3948
f 3945 3944 3943
f 3949 3950 3951 3952
f 3953 3954 3955 3956
f 3957 3958 3959 3960
f 3961 3962 3963 3964
f 3965 3966 3967 3968
f 3969 3970 3971 3972
f 3973 3974 3975 3976
f 3977 3978 3979 3980
f 3981 3982 3983 3984
f 3985 3986 3987 3988
f 3989 3990 3991 3992
f 3996 3997 3998
f 3995 3994 3993
f 4002 4003 4004
f 4001 4000 3999
f 4008 4009 4010
f 4007 4006 4005
f 4014 4015 4016
f 4013 4012 4011
f 4020 4021 4022
f 4019 4018 4017
f 4023 4024 4025 4026
f 4027 4028 4029 4030
f 4031 4032 4033 4034
f 4035 4036 4037 4038
f 4039 4040 4041 4042
f 4043 4044 4045 4046
f 4047 4048 4049 4050
f 4054 4055 4056
f 4053 4052 4051
f 4060 4061 4062
f 4059 4058 4057
f 4066 4067 4068
f 4065 4064 4063
f 4072 4073 4074
f 4071 4070 4069
f 4078 4079 4080
f 4077 4076 4075
f 4084 4085 4086
f 4083 4082 4081
f 4090 4091 4092
f 4089 4088 4087
f 4096 4097 4098
f 4095 4094 4093
f 4102 4103 4104
f 4101 4100 4099
f 4108 4109 4110
f 4107 4106 4105
f 4114 4115 4116
f 4113 4112 4111
f 4120 4121 4122
f 4119 4118 4117
f 4126 4127 4128
f 4125 4124 4123
f 4132 4133 4134
f 4131 4130 4129
f 4138 4139 4140
f 4137 4136 4135
f 4144 4145 4146
f 4143 4142 4141
f 4150 4151 4152
f 4149 4148 4147
f 4156 4157 4158
f 4155 4154 4153
f 4162 4163 4164
f 4161 4160 4159
f 4168 4169 4170
f 4167 4166 4165
f 4174 4175 4176
f 4173 4172 4171
f 4180 4181 4182
f 4179 4178 4177
f 4186 4187 4188
f 4185 4184 4183
f 4192 4193 4194
f 4191 4190 4189
f 4198 4199 4200
f 4197 4196 4195
f 4204 4205 4206
f 4203 4202 4201
f 4210 4211 4212
f 4209 4208 4207
f 4216 4217 4218
f 4215 4214 4213
f 4222 4223 4224
f 4221 4220 4219
f 4228 4229 4230
f 4227 4226 4225
f 4234 4235 4236
f 4233 4232 4231
f 4240 4241 4242
f 4239 4238 4237
f 4246 4247 4248
f 4245 4244 4243
f 4252 4253 4254
f 4251 4250 4249
f 4258 4259 4260
f 4257 4256 4255
f 4264 4265 4266
f 4263 4262 4261
f 4270 4271 4272
f 4269 4268 4267
f 4276 4277 4278
f 4275 4274 4273
f 4282 4283 4284
f 4281 4280 4279
f 4288 4289 4290
f 4287 4286 4285
f 4294 4295 4296
f 4293 4292 4291
f 4300 4301 4302
f 4299 4298 4297
f 4306 4307 4308
f 4305 4304 4303
f 4312 4313 4314
f 4311 4310 4309
f 4318 4319 4320
f 4317 4316 4315
f 4324 4325 4326
f 4323 4322 4321
f 4330 4331 4332
f 4329 4328 4327
f 4336 4337 4338
f 4335 4334 4333
f 4342 4343 4344
f 4341 4340 4339
f 4348 4349 4350
f 4347 4346 4345
f 4354 4355 4356
f 4353 4352 4351
f 4357 4358 4359 4360
f 4361 4362 4363 4364
f 4365 4366 4367 4368
f 4369 4370 4371 4372
f 4373 4374 4375 4376
f 4377 4378 4379 4380
f 4381 4382 4383 4384
f 4385 4386 4387 4388
f 4389 4390 4391 4392
f 4393 4394 4395 4396
f 4397 4398 4399 4400
f 4401 4402 4403 4404
f 4405 4406 4407 4408
f 4409 4410 4411 4412
f 4413 4414 4415 4416
f 4417 4418 4419 4420
f 4421 4422 4423 4424
f 4425 4426 4427 4428
f 4429 4430 4431 4432
f 4433 4434 4435 4436
f 4437 4438 4439 4440
f 4441 4442 4443 4444
f 4445 4446 4447 4448
f 4449 4450 4451 4452
f 4453 4454 4455 4456
f 4457 4458 4459 4460
f 4461 4462 4463 4464
f 4465 4466 4467 4468
f 4469 4470 4471 4472
f 4473 4474 4475 4476
f 4477 4478 4479 4480
f 4481 4482 4483 4484
f 4485 4486 4487 4488
f 4489 4490 4491 4492
f 4493 4494 4495 4496
f 4497 4498 4499 4500
f 4501 4502 4503 4504
f 4505 4506 4507 4508
f 4509 4510 4511 4512
f 4513 4514 4515 4516
f 4517 4518 4519 4520
f 4521 4522 4523 4524
f 4525 4526 4527 4528
f 4529 4530 4531 4532
f 4533 4534 4535 4536
f 4537 4538 4539 4540
f 4541 4542 4543 4544
f 4545 4546 4547 4548
f 4549 4550 4551 4552
f 4553 4554 4555 4556
f 4557 4558 4559 4560
f 4561 4562 4563 4564
f 4565 4566 4567 4568
f 4572 4573 4574
f 4571 4570 4569
f 4578 4579 4580
f 4577 4576 4575
f 4584 4585 4586
f 4583 4582 4581
f 4590 4591 4592
f 4589 4588 4587
f 4596 4597 4598
f 4595 4594 4593
f 4602 4603 4604
f 4601 4600 4599
f 4608 4609 4610
f 4607 4606 4605
f 4614 4615 4616
f 4613 4612 4611
f 4620 4621 4622
f 4619 4618 4617
f 4623 4624 4625 4626
f 4627 4628 4629 4630
f 4631 4632 4633 4634
f 4635 4636 4637 4638
f 4639 4640 4641 4642
f 4643 4644 4645 4646
f 4647 4648 4649 4650
f 4651 4652 4653 4654
f 4655 4656 4657 4658
f 4659 4660 4661 4662
f 4663 4664 4665 4666
f 4670 4671 4672
f 4669 4668 4667
f 4676 4677 4678
f 4675 4674 4673
f 4682 4683 4684
f 4681 4680 4679
f 4688 4689 4690
f 4687 4686 4685
f 4694 4695 4696
f 4693 4692 4691
f 4700 4701 4702
f 4699 4698 4697
f 4706 4707 4708
f 4705 4704 4703
f 4712 4713 4714
f 4711 4710 4709
f 4718 4719 4720
f 4717 4716 4715
f 4724 4725 4726
f 4723 4722 4721
f 4730 4731 4732
f 4729 4728 4727
f 4736 4737 4738
f 4735 4734 4733
f 4742 4743 4744
f 4741 4740 4739
f 4748 4749 4750
f 4747 4746 4745
f 4754 4755 4756
f 4753 4752 4751
f 4760 4761 4762
f 4759 4758 4757
f 4766 4767 4768
f 4765 4764 4763
f 4772 4773 4774
f 4771 4770 4769
f 4778 4779 4780
f 4777 4776 4775
f 4784 4785 4786
f 4783 4782 4781
f 4790 4791 4792
f 4789 4788 4787
f 4796 4797 4798
f 4795 4794 4793
f 4802 4803 4804
f 4801 4800 4799
f 4808 4809 4810
f 4807 4806 4805
f 4814 4815 4816
f 4813 4812 4811
f 4820 4821 4822
f 4819 4818 4817
f 4826 4827 4828
f 4825 4824 4823
f 4832 4833 4834
f 4831 4830 4829
f 4838 4839 4840
f 4837 4836 4835
f 4844 4845 4846
f 4843 4842 4841
f 4850 4851 4852
f 4849 4848 4847
f 4856 4857 4858
f 4855 4854 4853
f 4862 4863 4864
f 4861 4860 4859
f 4868 4869 4870
f 4867 4866 4865
f 4874 4875 4876
f 4873 4872 4871
f 4880 4881 4882
f 4879 4878 4877
f 4886 4887 4888
f 4885 4884 4883
f 4892 4893 4894
f 4891 4890 4889
f 4898 4899 4900
f 4897 4896 4895
f 4904 4905 4906
f 4903 4902 4901
f 4910 4911 4912
f 4909 4908 4907
f 4916 4917 4918
f 4915 4914 4913
f 4922 4923 4924
f 4921 4920 4919
f 4928 4929 4930
f 4927 4926 4925
f 4934 4935 4936
f 4933 4932 4931
f 4940 4941 4942
f 4939 4938 4937
f 4946 4947 4948
f 4945 4944 4943
f 4952 4953 4954
f 4951 4950 4949
f 4958 4959 4960
f 4957 4956 4955
f 4961 4962 4963 4964
f 4965 4966 4967 4968
f 4969 4970 4971 4972
f 4973 4974 4975 4976
f 4977 4978 4979 4980
f 4981 4982 4983 4984
f 4985 4986 4987 4988
f 4989 4990 4991 4992
f 4993 4994 4995 4996
f 4997 4998 4999 5000
f 5001 5002 5003 5004
f 5005 5006 5007 5008
f 5009 5010 5011 5012
f 5013 5014 5015 5016
f 5017 5018 5019 5020
f 5021 5022 5023 5024
f 5025 5026 5027 5028
f 5029 5030 5031 5032
f 5033 5034 5035 5036
f 5037 5038 5039 5040
f 5041 5042 5043 5044
f 5045 5046 5047 5048
f 5049 5050 5051 5052
f 5053 5054 5055 5056
f 5057 5058 5059 5060
f 5061 5062 5063 5064
f 5065 5066 5067 5068
f 5069 5070 5071 5072
f 5073 5074 5075 5076
f 5077 5078 5079 5080
f 5081 5082 5083 5084
f 5085 5086 5087 5088
f 5089 5090 5091 5092
f 5093 5094 5095 5096
f 5097 5098 5099 5100
f 5101 5102 5103 5104
f 5105 5106 5107 5108
f 5109 5110 5111 5112
f 5113 5114 5115 5116
f 5117 5118 5119 5120
f 5121 5122 5123 5124
f 5125 5126 5127 5128
f 5129 5130 5131 5132
f 5133 5134 5135 5136
f 5137 5138 5139 5140
f 5141 5142 5143 5144
f 5145 5146 5147 5148
f 5149 5150 5151 5152
f 5153 5154 5155 5156
f 5160 5161 5162
f 5159 5158 5157
f 5166 5167 5168
f 5165 5164 5163
f 5172 5173 5174
f 5171 5170 5169
f 5178 5179 5180
f 5177 5176 5175
f 5184 5185 5186
f 5183 5182 5181
f 5187 5188 5189 5190
f 5191 5192 5193 5194
f 5195 5196 5197 5198
f 5199 5200 5201 5202
f 5203 5204 5205 5206
f 5207 5208 5209 5210
f 5211 5212 5213 5214
f 5218 5219 5220
f 5217 5216 5215
f 5224 5225 5226
f 5223 5222 5221
f 5230 5231 5232
f 5229 5228 5227
f 5236 5237 5238
f 5235 5234 5233
f 5242 5243 5244
f 5241 5240 5239
f 5248 5249 5250
f 5247 5246 5245
f 5254 5255 5256
f 5253 5252 5251
f 5260 5261 5262
f 5259 5258 5257
f 5266 5267 5268
f 5265 5264 5263
f 5269 5270 5271 5272
f 5273 5274 5275 5276
f 5277 5278 5279 5280
f 5281 5282 5283 5284
f 5285 5286 5287 5288
f 5289 5290 5291 5292
f 5293 5294 5295 5296
f 5297 5298 5299 5300
f 5301 5302 5303 5304
f 5305 5306 5307 5308
f 5309 5310 5311 5312
f 5316 5317 5318
f 5315 5314 5313
f 5322 5323 5324
f 5321 5320 5319
f 5328 5329 5330
f 5327 5326 5325
f 5334 5335 5336
f 5333 5332 5331
f 5340 5341 5342
f 5339 5338 5337
f 5346 5347 5348
f 5345 5344 5343
f 5352 5353 5354
f 5351 5350 5349
f 5358 5359 5360
f 5357 5356 5355
f 5364 5365 5366
f 5363 5362 5361
f 5370 5371 5372
f 5369 5368 5367
f 5376 5377 5378
f 5375 5374 5373
f 5382 5383 5384
f 5381 5380 5379
f 5388 5389 5390
f 5387 5386 5385
f 5394 5395 5396
f 5393 5392 5391
f 5400 5401 5402
f 5399 5398 5397
f 5406 5407 5408
f 5405 5404 5403
f 5412 5413 5414
f 5411 5410 5409
f 5418 5419 5420
f 5417 5416 5415
f 5424 5425 5426
f 5423 5422 5421
f 5430 5431 5432
f 5429 5428 5427
f 5436 5437 5438
f 5435 5434 5433
f 5442 5443 5444
f 5441 5440 5439
f 5448 5449 5450
f 5447 5446 5445
f 5454 5455 5456
f 5453 5452 5451
f 5460 5461 5462
f 5459 5458 5457
f 5466 5467 5468
f 5465 5464 5463
f 5472 5473 5474
f 5471 5470 5469
f 5478 5479 5480
f 5477 5476 5475
f 5484 5485 5486
f 5483 5482 5481
f 5490 5491 5492
f 5489 5488 5487
f 5496 5497 5498
f 5495 5494 5493
f 5502 5503 5504
f 5501 5500 5499
f 5508 5509 5510
f 5507 5506 5505
f 5514 5515 5516
f 5513 5512 5511
f 5520 5521 5522
f 5519 5518 5517
f 5526 5527 5528
f 5525 5524 5523
f 5532 5533 5534
f 5531 5530 5529
f 5538 5539 5540
f 5537 5536 5535
f 5544 5545 5546
f 5543 5542 5541
f 5550 5551 5552
f 5549 5548 5547
f 5556 5557 5558
f 5555 5554 5553
f 5562 5563 5564
f 5561 5560 5559
f 5568 5569 5570
f 5567 5566 5565
f 5574 5575 5576
f 5573 5572 5571
f 5580 5581 5582
f 5579 5578 5577
f 5586 5587 5588
f 5585 5584 5583
f 5592 5593 5594
f 5591 5590 5589
f 5598 5599 5600
f 5597 5596 5595
f 5604 5605 5606
f 5603 5602 5601
f 5607 5608 5609 5610
f 5611 5612 5613 5614
f 5615 5616 5617 5618
f 5619 5620 5621 5622
f 5623 5624 5625 5626
f 5627 5628 5629 5630
f 5631 5632 5633 5634
f 5635 5636 5637 5638
f 5639 5640 5641 5642
f 5643 5644 5645 5646
f 5647 5648 5649 5650
f 5651 5652 5653 5654
f 5655 5656 5657 5658
f 5659 5660 5661 5662
f 5663 5664 5665 5666
f 5667 5668 5669 5670
f 5671 5672 5673 5674
f 5675 5676 5677 5678
f 5679 5680 5681 5682
f 5683 5684 5685 5686
f 5687 5688 5689 5690
f 5691 5692 5693 5694
f 5695 5696 5697 5698
f 5699 5700 5701 5702
f 5703 5704 5705 5706
f 5707 5708 5709 5710
f 5711 5712 5713 5714
f 5715 5716 5717 5718
f 5719 5720 5721 5722
f 5723 5724 5725 5726
f 5727 5728 5729 5730
f 5731 5732 5733 5734
f 5735 5736 5737 5738
f 5739 5740 5741 5742
f 5743 5744 5745 5746
f 5747 5748 5749 5750
f 5751 5752 5753 5754
f 5755 5756 5757 5758
f 5759 5760 5761 5762
f 5763 5764 5765 5766
f 5767 5768 5769 5770
f 5771 5772 5773 5774
f 5775 5776 5777 5778
f 5779 5780 5781 5782
f 5783 5784 5785 5786
f 5787 5788 5789 5790
f 5791 5792 5793 5794
f 5795 5796 5797 5798
f 5799 5800 5801 5802
f 5806 5807 5808
f 5805 5804 5803
f 5812 5813 5814
f 5811 5810 5809
f 5818 5819 5820
f 5817 5816 5815
f 5824 5825 5826
f 5823 5822 5821
f 5830 5831 5832
f 5829 5828 5827
f 5836 5837 5838
f 5835 5834 5833
f 5842 5843 5844
f 5841 5840 5839
f 5848 5849 5850
f 5847 5846 5845
f 5854 5855 5856
f 5853 5852 5851
f 5860 5861 5862
f 5859 5858 5857
f 5866 5867 5868
f 5865 5864 5863
f 5872 5873 5874
f 5871 5870 5869
f 5878 5879 5880
f 5877 5876 5875
f 5884 5885 5886
f 5883 5882 5881
f 5890 5891 5892
f 5889 5888 5887
f 5896 5897 5898
f 5895 5894 5893
f 5902 5903 5904
f 5901 5900 5899
f 5908 5909 5910
f 5907 5906 5905
f 5914 5915 5916
f 5913 5912 5911
f 5920 5921 5922
f 5919 5918 5917
f 5926 5927 5928
f 5925 5924 5923
f 5932 5933 5934
f 5931 5930 5929
f 5938 5939 5940
f 5937 5936 5935
f 5944 5945 5946
f 5943 5942 5941
f 5950 5951 5952
f 5949 5948 5947
f 5956 5957 5958
f 5955 5954 5953
f 5962 5963 5964
f 5961 5960 5959
f 5968 5969 5970
f 5967 5966 5965
f 5974 5975 5976
f 5973 5972 5971
f 5980 5981 5982
f 5979 5978 5977
f 5986 5987 5988
f 5985 5984 5983
f 5992 5993 5994
f 5991 5990 5989
f 5998 5999 6000
f 5997 5996 5995
f 6004 6005 6006
f 6003 6002 6001
f 6010 6011 6012
f 6009 6008 6007
f 6016 6017 6018
f 6015 6014 6013
f 6022 6023 6024
f 6021 6020 6019
f 6028 6029 6030
f 6027 6026 6025
f 6034 6035 6036
f 6033 6032 6031
f 6040 6041 6042
f 6039 6038 6037
f 6046 6047 6048
f 6045 6044 6043
f 6052 6053 6054
f 6051 6050 6049
f 6058 6059 6060
f 6057 6056 6055
f 6064 6065 6066
f 6063 6062 6061
f 6070 6071 6072
f 6069 6068 6067
f 6076 6077 6078
f 6075 6074 6073
f 6082 6083 6084
f 6081 6080 6079
f 6088 6089 6090
f 6087 6086 6085
f 6094 6095 6096
f 6093 6092 6091
f 6100 6101 6102
f 6099 6098 6097
f 6106 6107 6108
f 6105 6104 6103
f 6112 6113 6114
f 6111 6110 6109
f 6118 6119 6120
f 6117 6116 6115
f 6124 6125 6126
f 6123 6122 6121
f 6130 6131 6132
f 6129 6128 6127
f 6136 6137 6138
f 6135 6134 6133
f 6142 6143 6144
f 6141 6140 6139
f 6148 6149 6150
f 6147 6146 6145
f 6154 6155 6156
f 6153 6152 6151
f 6160 6161 6162
f 6159 6158 6157
f 6166 6167 6168
f 6165 6164 6163
f 6172 6173 6174
f 6171 6170 6169
f 6178 6179 6180
f 6177 6176 6175
f 6184 6185 6186
f 6183 6182 6181
f 6190 6191 6192
f 6189 6188 6187
f 6196 6197 6198
f 6195 6194 6193
f 6199 6200 6201 6202
f 6203 6204 6205 6206
f 6207 6208 6209 6210
f 6211 6212 6213 6214
f 6215 6216 6217 6218
f 6219 6220 6221 6222
f 6223 6224 6225 6226
f 6227 6228 6229 6230
f 6231 6232 6233 6234
f 6235 6236 6237 6238
f 6239 6240 6241 6242
f 6243 6244 6245 6246
f 6247 6248 6249 6250
f 6251 6252 6253 6254
f 6255 6256 6257 6258
f 6259 6260 6261 6262
f 6263 6264 6265 6266
f 6267 6268 6269 6270
f 6271 6272 6273 6274
f 6275 6276 6277 6278
f 6279 6280 6281 6282
f 6283 6284 6285 6286
f 6287 6288 6289 6290
f 6291 6292 6293 6294
f 6295 6296 6297 6298
f 6299 6300 6301 6302
f 6303 6304 6305 6306
f 6307 6308 6309 6310
f 6311 6312 6313 6314
f 6315 6316 6317 6318
f 6319 6320 6321 6322
f 6323 6324 6325 6326
f 6327 6328 6329 6330
f 6331 6332 6333 6334
f 6335 6336 6337 6338
f 6339 6340 6341 6342
f 6343 6344 6345 6346
f 6347 6348 6349 6350
f 6351 6352 6353 6354
f 6355 6356 6357 6358
f 6359 6360 6361 6362
f 6363 6364 6365 6366
f 6367 6368 6369 6370
f 6371 6372 6373 6374
f 6375 6376 6377 6378
f 6379 6380 6381 6382
f 6383 6384 6385 6386
f 6387 6388 6389 6390
f 6391 6392 6393 6394
f 6395 6396 6397 6398
f 6399 6400 6401 6402
f 6403 6404 6405 6406
f 6407 6408 6409 6410
f 6411 6412 6413 6414
f 6415 6416 6417 6418
f 6419 6420 6421 6422
f 6423 6424 6425 6426
f 6427 6428 6429 6430
f 6431 6432 6433 6434
f 6435 6436 6437 6438
f 6439 6440 6441 6442
f 6443 6444 6445 6446
f 6447 6448 6449 6450
f 6451 6452 6453 6454
f 6458 6459 6460
f 6457 6456 6455
f 6464 6465 6466
f 6463 6462 6461
f 6470 6471 6472
f 6469 6468 6467
f 6476 6477 6478
f 6475 6474 6473
f 6482 6483 6484
f 6481 6480 6479
f 6488 6489 6490
f 6487 6486 6485
f 6494 6495 6496
f 6493 6492 6491
f 6500 6501 6502
f 6499 6498 6497
f 6506 6507 6508
f 6505 6504 6503
f 6509 6510 6511 6512
f 6513 6514 6515 6516
f 6517 6518 6519 6520
f 6521 6522 6523 6524
f 6525 6526 6527 6528
f 6529 6530 6531 6532
f 6533 6534 6535 6536
f 6537 6538 6539 6540
f 6541 6542 6543 6544
f 6545 6546 6547 6548
f 6549 6550 6551 6552
f 6556 6557 6558
f 6555 6554 6553
f 6562 6563 6564
f 6561 6560 6559
f 6568 6569 6570
f 6567 6566 6565
f 6574 6575 6576
f 6573 6572 6571
f 6580 6581 6582
f 6579 6578 6577
f 6586 6587 6588
f 6585 6584 6583
f 6592 6593 6594
f 6591 6590 6589
f 6598 6599 6600
f 6597 6596 6595
f 6604 6605 6606
f 6603 6602 6601
f 6607 6608 6609 6610
f 6611 6612 6613 6614
f 6615 6616 6617 6618
f 6619 6620 6621 6622
f 6623 6624 6625 6626
f 6627 6628 6629 6630
f 6631 6632 6633 6634
f 6635 6636 6637 6638
f 6639 6640 6641 6642
f 6643 6644 6645 6646
f 6647 6648 6649 6650
f 6654 6655 6656
f 6653 6652 6651
f 6660 6661 6662
f 6659 6658 6657
f 6666 6667 6668
f 6665 6664 6663
f 6672 6673 6674
f 6671 6670 6669
f 6678 6679 6680
f 6677 6676 6675
f 6684 6685 6686
f 6683 6682 6681
f 6690 6691 6692
f 6689 6688 6687
f 6696 6697 6698
f 6695 6694 6693
f 6702 6703 6704
f 6701 6700 6699
f 6705 6706 6707 6708
f 6709 6710 6711 6712
f 6713 6714 6715 6716
f 6717 6718 6719 6720
f 6721 6722 6723 6724
f 6725 6726 6727 6728
f 6729 6730 6731 6732
f 6733 6734 6735 6736
f 6737 6738 6739 6740
f 6741 6742 6743 6744
f 6745 6746 6747 6748
f 6752 6753 6754
f 6751 6750 6749
f 6758 6759 6760
f 6757 6756 6755
f 6764 6765 6766
f 6763 6762 6761
f 6770 6771 6772
f 6769 6768 6767
f 6776 6777 6778
f 6775 6774 6773
f 6782 6783 6784
f 6781 6780 6779
f 6788 6789 6790
f 6787 6786 6785
f 6794 6795 6796
f 6793 6792 6791
f 6800 6801 6802
f 6799 6798 6797
f 6806 6807 6808
f 6805 6804 6803
f 6812 6813 6814
f 6811 6810 6809
f 6818 6819 6820
f 6817 6816 6815
f 6824 6825 6826
f 6823 6822 6821
f 6830 6831 6832
f 6829 6828 6827
f 6833 6834 6835 6836
f 6837 6838 6839 6840
f 6841 6842 6843 6844
f 6845 6846 6847 6848
f 6849 6850 6851 6852
f 6853 6854 6855 6856
f 6857 6858 6859 6860
f 6861 6862 6863 6864
f 6865 6866 6867 6868
f 6869 6870 6871 6872
f 6873 6874 6875 6876
f 6877 6878 6879 6880
f 6881 6882 6883 6884
f 6885 6886 6887 6888
f 6892 6893 6894
f 6891 6890 6889
f 6898 6899 6900
f 6897 6896 6895
f 6904 6905 6906
f 6903 6902 6901
f 6910 6911 6912
f 6909 6908 6907
f 6916 6917 6918
f 6915 6914 6913
f 6922 6923 6924
f 6921 6920 6919
f 6928 6929 6930
f 6927 6926 6925
f 6934 6935 6936
f 6933 6932 6931
f 6940 6941 6942
f 6939 6938 6937
f 6946 6947 6948
f 6945 6944 6943
f 6952 6953 6954
f 6951 6950 6949
f 6958 6959 6960
f 6957 6956 6955
f 6964 6965 6966
f 6963 6962 6961
f 6970 6971 6972
f 6969 6968 6967
f 6976 6977 6978
f 6975 6974 6973
f 6982 6983 6984
f 6981 6980 6979
f 6988 6989 6990
f 6987 6986 6985
f 6994 6995 6996
f 6993 6992 6991
f 7000 7001 7002
f 6999 6998 6997
f 7006 7007 7008
f 7005 7004 7003
f 7012 7013 7014
f 7011 7010 7009
f 7018 7019 7020
f 7017 7016 7015
f 7024 7025 7026
f 7023 7022 7021
f 7030 7031 7032
f 7029 7028 7027
f 7036 7037 7038
f 7035 7034 7033
f 7042 7043 7044
f 7041 7040 7039
f 7048 7049 7050
f 7047 7046 7045
f 7054 7055 7056
f 7053 7052 7051
f 7060 7061 7062
f 7059 7058 7057
f 7066 7067 7068
f 7065 7064 7063
f 7072 7073 7074
f 7071 7070 7069
f 7078 7079 7080
f 7077 7076 7075
f 7084 7085 7086
f 7083 7082 7081
f 7090 7091 7092
f 7089 7088 7087
f 7096 7097 7098
f 7095 7094 7093
f 7102 7103 7104
f 7101 7100 7099
f 7108 7109 7110
f 7107 7106 7105
f 7114 7115 7116
f 7113 7112 7111
f 7120 7121 7122
f 7119 7118 7117
f 7126 7127 7128
f 7125 7124 7123
f 7132 7133 7134
f 7131 7130 7129
f 7138 7139 7140
f 7137 7136 7135
f 7144 7145 7146
f 7143 7142 7141
f 7150 7151 7152
f 7149 7148 7147
f 7156 7157 7158
f 7155 7154 7153
f 7162 7163 7164
f 7161 7160 7159
f 7168 7169 7170
f 7167 7166 7165
f 7174 7175 7176
f 7173 7172 7171
f 7180 7181 7182
f 7179 7178 7177
f 7183 7184 7185 7186
f 7187 7188 7189 7190
f 7191 7192 7193 7194
f 7195 7196 7197 7198
f 7199 7200 7201 7202
f 7203 7204 7205 7206
f 7207 7208 7209 7210
f 7211 7212 7213 7214
f 7215 7216 7217 7218
f 7219 7220 7221 7222
f 7223 7224 7225 7226
f 7227 7228 7229 7230
f 7231 7232 7233 7234
f 7235 7236 7237 7238
f 7239 7240 7241 7242
f 7243 7244 7245 7246
f 7247 7248 7249 7250
f 7251 7252 7253 7254
f 7255 7256 7257 7258
f 7259 7260 7261 7262
f 7263 7264 7265 7266
f 7267 7268 7269 7270
f 7271 7272 7273 7274
f 7275 7276 7277 7278
f 7279 7280 7281 7282
f 7283 7284 7285 7286
f 7287 7288 7289 7290
f 7291 7292 7293 7294
f 7295 7296 7297 7298
f 7299 7300 7301 7302
f 7303 7304 7305 7306
f 7307 7308 7309 7310
f 7311 7312 7313 7314
f 7315 7316 7317 7318
f 7319 7320 7321 7322
f 7323 7324 7325 7326
f 7327 7328 7329 7330
f 7331 7332 7333 7334
f 7335 7336 7337 7338
f 7339 7340 7341 7342
f 7343 7344 7345 7346
f 7347 7348 7349 7350
f 7351 7352 7353 7354
f 7355 7356 7357 7358
f 7359 7360 7361 7362
f 7363 7364 7365 7366
f 7367 7368 7369 7370
f 7371 7372 7373 7374
f 7375 7376 7377 7378
f 7382 7383 7384
f 7381 7380 7379
f 7388 7389 7390
f 7387 7386 7385
f 7394 7395 7396
f 7393 7392 7391
f 7400 7401 7402
f 7399 7398 7397
f 7406 7407 7408
f 7405 7404 7403
f 7412 7413 7414
f 7411 7410 7409
f 7418 7419 7420
f 7417 7416 7415
f 7424 7425 7426
f 7423 7422 7421
f 7430 7431 7432
f 7429 7428 7427
f 7433 7434 7435 7436
f 7437 7438 7439 7440
f 7441 7442 7443 7444
f 7445 7446 7447 7448
f 7449 7450 7451 7452
f 7453 7454 7455 7456
f 7457 7458 7459 7460
f 7461 7462 7463 7464
f 7465 7466 7467 7468
f 7469 7470 7471 7472
f 7473 7474 7475 7476
f 7480 7481 7482
f 7479 7478 7477
f 7486 7487 7488
f 7485 7484 7483
f 7492 7493 7494
f 7491 7490 7489
f 7498 7499 7500
f 7497 7496 7495
f 7504 7505 7506
f 7503 7502 7501
f 7510 7511 7512
f 7509 7508 7507
f 7516 7517 7518
f 7515 7514 7513
f 7522 7523 7524
f 7521 7520 7519
f 7528 7529 7530
f 7527 7526 7525
f 7534 7535 7536
f 7533 7532 7531
f 7540 7541 7542
f 7539 7538 7537
f 7546 7547 7548
f 7545 7544 7543
f 7552 7553 7554
f 7551 7550 7549
f 7558 7559 7560
f 7557 7556 7555
f 7564 7565 7566
f 7563 7562 7561
f 7570 7571 7572
f 7569 7568 7567
f 7576 7577 7578
f 7575 7574 7573
f 7582 7583 7584
f 7581 7580 7579
f 7588 7589 7590
f 7587 7586 7585
f 7594 7595 7596
f 7593 7592 7591
f 7600 7601 7602
f 7599 7598 7597
f 7606 7607 7608
f 7605 7604 7603
f 7612 7613 7614
f 7611 7610 7609
f 7618 7619 7620
f 7617 7616 7615
f 7624 7625 7626
f 7623 7622 7621
f 7630 7631 7632
f 7629 7628 7627
f 7636 7637 7638
f 7635 7634 7633
f 7642 7643 7644
f 7641 7640 7639
f 7648 7649 7650
f 7647 7646 7645
f 7651 7652 7653 7654
f 7655 7656 7657 7658
f 7659 7660 7661 7662
f 7663 7664 7665 7666
f 7667 7668 7669 7670
f 7671 7672 7673 7674
f 7675 7676 7677 7678
f 7679 7680 7681 7682
f 7683 7684 7685 7686
f 7687 7688 7689 7690
f 7691 7692 7693 7694
f 7695 7696 7697 7698
f 7699 7700 7701 7702
f 7703 7704 7705 7706
f 7707 7708 7709 7710
f 7711 7712 7713 7714
f 7715 7716 7717 7718
f 7719 7720 7721 7722
f 7723 7724 7725 7726
f 7727 7728 7729 7730
f 7731 7732 7733 7734
f 7735 7736 7737 7738
f 7739 7740 7741 7742
f 7743 7744 7745 7746
f 7747 7748 7749 7750
f 7751 7752 7753 7754
f 7755 7756 7757 7758
f 7759 7760 7761 7762
f 7763 7764 7765 7766
f 7767 7768 7769 7770
f 7771 7772 7773 7774
f 7778 7779 7780
f 7777 7776 7775
f 7784 7785 7786
f 7783 7782 7781
f 7790 7791 7792
f 7789 7788 7787
f 7796 7797 7798
f 7795 7794 7793
f 7802 7803 7804
f 7801 7800 7799
f 7808 7809 7810
f 7807 7806 7805
f 7814 7815 7816
f 7813 7812 7811
f 7820 7821 7822
f 7819 7818 7817
f 7826 7827 7828
f 7825 7824 7823
f 7832 7833 7834
f 7831 7830 7829
f 7838 7839 7840
f 7837 7836 7835
f 7844 7845 7846
f 7843 7842 7841
f 7850 7851 7852
f 7849 7848 7847
f 7856 7857 7858
f 7855 7854 7853
f 7862 7863 7864
f 7861 7860 7859
f 7868 7869 7870
f 7867 7866 7865
f 7874 7875 7876
f 7873 7872 7871
f 7880 7881 7882
f 7879 7878 7877
f 7886 7887 7888
f 7885 7884 7883
f 7892 7893 7894
f 7891 7890 7889
f 7898 7899 7900
f 7897 7896 7895
f 7904 7905 7906
f 7903 7902 7901
f 7910 7911 7912
f 7909 7908 7907
f 7916 7917 7918
f 7915 7914 7913
f 7922 7923 7924
f 7921 7920 7919
f 7928 7929 7930
f 7927 7926 7925
f 7934 7935 7936
f 7933 7932 7931
f 7940 7941 7942
f 7939 7938 7937
f 7946 7947 7948
f 7945 7944 7943
f 7952 7953 7954
f 7951 7950 7949
f 7958 7959 7960
f 7957 7956 7955
f 7964 7965 7966
f 7963 7962 7961
f 7970 7971 7972
f 7969 7968 7967
f 7976 7977 7978
f 7975 7974 7973
f 7982 7983 7984
f 7981 7980 7979
f 7988 7989 7990
f 7987 7986 7985
f 7991 7992 7993 7994
f 7995 7996 7997 7998
f 7999 8000 8001 8002
f 8003 8004 8005 8006
f 8007 8008 8009 8010
f 8011 8012 8013 8014
f 8015 8016 8017 8018
f 8019 8020 8021 8022
f 8023 8024 8025 8026
f 8027 8028 8029 8030
f 8031 8032 8033 8034
f 8035 8036 8037 8038
f 8039 8040 8041 8042
f 8043 8044 8045 8046
f 8047 8048 8049 8050
f 8051 8052 8053 8054
f 8055 8056 8057 8058
f 8059 8060 8061 8062
f 8063 8064 8065 8066
f 8067 8068 8069 8070
f 8071 8072 8073 8074
f 8075 8076 8077 8078
f 8079 8080 8081 8082
f 8083 8084 8085 8086
f 8087 8088 8089 8090
f 8091 8092 8093 8094
f 8095 8096 8097 8098
f 8099 8100 8101 8102
f 8103 8104 8105 8106
f 8107 8108 8109 8110
f 8111 8112 8113 8114
f 8115 8116 8117 8118
f 8119 8120 8121 8122
f 8123 8124 8125 8126
f 8127 8128 8129 8130
f 8131 8132 8133 8134
f 8135 8136 8137 8138
f 8139 8140 8141 8142
